competition,date,home_team,away_team,home_score,away_score,status
ENG-Premier League,2025-08-15 19:00:00,Liverpool,Bournemouth,,,SCHEDULED
ENG-Premier League,2025-08-16 11:30:00,Aston Villa,Newcastle United,,,SCHEDULED
ENG-Premier League,2025-08-16 14:00:00,Brighton,Fulham,,,SCHEDULED
ENG-Premier League,2025-08-16 14:00:00,Sunderland,West Ham,,,SCHEDULED
ENG-Premier League,2025-08-16 14:00:00,Tottenham,Burnley,,,SCHEDULED
ENG-Premier League,2025-08-16 16:30:00,Wolverhampton Wanderers,Manchester City,,,SCHEDULED
ENG-Premier League,2025-08-17 13:00:00,Chelsea,Crystal Palace,,,SCHEDULED
ENG-Premier League,2025-08-17 15:30:00,Manchester United,Arsenal,,,SCHEDULED
ENG-Premier League,2025-08-17 13:00:00,Nottingham Forest,Brentford,,,SCHEDULED
ENG-Premier League,2025-08-18 19:00:00,Leeds,Everton,,,SCHEDULED
ENG-Premier League,2025-08-22 19:00:00,West Ham,Chelsea,,,SCHEDULED
ENG-Premier League,2025-08-23 16:30:00,Arsenal,Leeds,,,SCHEDULED
ENG-Premier League,2025-08-23 14:00:00,Bournemouth,Wolverhampton Wanderers,,,SCHEDULED
ENG-Premier League,2025-08-23 14:00:00,Brentford,Aston Villa,,,SCHEDULED
ENG-Premier League,2025-08-23 14:00:00,Burnley,Sunderland,,,SCHEDULED
ENG-Premier League,2025-08-23 11:30:00,Manchester City,Tottenham,,,SCHEDULED
ENG-Premier League,2025-08-24 13:00:00,Crystal Palace,Nottingham Forest,,,SCHEDULED
ENG-Premier League,2025-08-24 13:00:00,Everton,Brighton,,,SCHEDULED
ENG-Premier League,2025-08-24 15:30:00,Fulham,Manchester United,,,SCHEDULED
ENG-Premier League,2025-08-25 19:00:00,Newcastle United,Liverpool,,,SCHEDULED
ENG-Premier League,2025-08-30 11:30:00,Chelsea,Fulham,,,SCHEDULED
ENG-Premier League,2025-08-30 16:30:00,Leeds,Newcastle United,,,SCHEDULED
ENG-Premier League,2025-08-30 14:00:00,Manchester United,Burnley,,,SCHEDULED
ENG-Premier League,2025-08-30 14:00:00,Sunderland,Brentford,,,SCHEDULED
ENG-Premier League,2025-08-30 14:00:00,Tottenham,Bournemouth,,,SCHEDULED
ENG-Premier League,2025-08-30 14:00:00,Wolverhampton Wanderers,Everton,,,SCHEDULED
ENG-Premier League,2025-08-31 18:00:00,Aston Villa,Crystal Palace,,,SCHEDULED
ENG-Premier League,2025-08-31 13:00:00,Brighton,Manchester City,,,SCHEDULED
ENG-Premier League,2025-08-31 15:30:00,Liverpool,Arsenal,,,SCHEDULED
ENG-Premier League,2025-08-31 13:00:00,Nottingham Forest,West Ham,,,SCHEDULED
ENG-Premier League,2025-09-13 11:30:00,Arsenal,Nottingham Forest,,,SCHEDULED
ENG-Premier League,2025-09-13 14:00:00,Bournemouth,Brighton,,,SCHEDULED
ENG-Premier League,2025-09-13 19:00:00,Brentford,Chelsea,,,SCHEDULED
ENG-Premier League,2025-09-13 14:00:00,Crystal Palace,Sunderland,,,SCHEDULED
ENG-Premier League,2025-09-13 14:00:00,Everton,Aston Villa,,,SCHEDULED
ENG-Premier League,2025-09-13 14:00:00,Fulham,Leeds,,,SCHEDULED
ENG-Premier League,2025-09-13 14:00:00,Newcastle United,Wolverhampton Wanderers,,,SCHEDULED
ENG-Premier League,2025-09-13 16:30:00,West Ham,Tottenham,,,SCHEDULED
ENG-Premier League,2025-09-14 13:00:00,Burnley,Liverpool,,,SCHEDULED
ENG-Premier League,2025-09-14 15:30:00,Manchester City,Manchester United,,,SCHEDULED
ENG-Premier League,2025-09-20 14:00:00,Brighton,Tottenham,,,SCHEDULED
ENG-Premier League,2025-09-20 14:00:00,Burnley,Nottingham Forest,,,SCHEDULED
ENG-Premier League,2025-09-20 19:00:00,Fulham,Brentford,,,SCHEDULED
ENG-Premier League,2025-09-20 11:30:00,Liverpool,Everton,,,SCHEDULED
ENG-Premier League,2025-09-20 16:30:00,Manchester United,Chelsea,,,SCHEDULED
ENG-Premier League,2025-09-20 14:00:00,West Ham,Crystal Palace,,,SCHEDULED
ENG-Premier League,2025-09-20 14:00:00,Wolverhampton Wanderers,Leeds,,,SCHEDULED
ENG-Premier League,2025-09-21 15:30:00,Arsenal,Manchester City,,,SCHEDULED
ENG-Premier League,2025-09-21 13:00:00,Bournemouth,Newcastle United,,,SCHEDULED
ENG-Premier League,2025-09-21 13:00:00,Sunderland,Aston Villa,,,SCHEDULED
ENG-Premier League,2025-09-27 11:30:00,Brentford,Manchester United,,,SCHEDULED
ENG-Premier League,2025-09-27 14:00:00,Chelsea,Brighton,,,SCHEDULED
ENG-Premier League,2025-09-27 14:00:00,Crystal Palace,Liverpool,,,SCHEDULED
ENG-Premier League,2025-09-27 14:00:00,Leeds,Bournemouth,,,SCHEDULED
ENG-Premier League,2025-09-27 14:00:00,Manchester City,Burnley,,,SCHEDULED
ENG-Premier League,2025-09-27 16:30:00,Nottingham Forest,Sunderland,,,SCHEDULED
ENG-Premier League,2025-09-27 19:00:00,Tottenham,Wolverhampton Wanderers,,,SCHEDULED
ENG-Premier League,2025-09-28 13:00:00,Aston Villa,Fulham,,,SCHEDULED
ENG-Premier League,2025-09-28 15:30:00,Newcastle United,Arsenal,,,SCHEDULED
ENG-Premier League,2025-09-29 19:00:00,Everton,West Ham,,,SCHEDULED
ENG-Premier League,2025-10-03 19:00:00,Bournemouth,Fulham,,,SCHEDULED
ENG-Premier League,2025-10-04 14:00:00,Arsenal,West Ham,,,SCHEDULED
ENG-Premier League,2025-10-04 16:30:00,Chelsea,Liverpool,,,SCHEDULED
ENG-Premier League,2025-10-04 11:30:00,Leeds,Tottenham,,,SCHEDULED
ENG-Premier League,2025-10-04 14:00:00,Manchester United,Sunderland,,,SCHEDULED
ENG-Premier League,2025-10-05 13:00:00,Aston Villa,Burnley,,,SCHEDULED
ENG-Premier League,2025-10-05 15:30:00,Brentford,Manchester City,,,SCHEDULED
ENG-Premier League,2025-10-05 13:00:00,Everton,Crystal Palace,,,SCHEDULED
ENG-Premier League,2025-10-05 13:00:00,Newcastle United,Nottingham Forest,,,SCHEDULED
ENG-Premier League,2025-10-05 13:00:00,Wolverhampton Wanderers,Brighton,,,SCHEDULED
ENG-Premier League,2025-10-18 14:00:00,Brighton,Newcastle United,,,SCHEDULED
ENG-Premier League,2025-10-18 14:00:00,Burnley,Leeds,,,SCHEDULED
ENG-Premier League,2025-10-18 14:00:00,Crystal Palace,Bournemouth,,,SCHEDULED
ENG-Premier League,2025-10-18 16:30:00,Fulham,Arsenal,,,SCHEDULED
ENG-Premier League,2025-10-18 14:00:00,Manchester City,Everton,,,SCHEDULED
ENG-Premier League,2025-10-18 11:30:00,Nottingham Forest,Chelsea,,,SCHEDULED
ENG-Premier League,2025-10-18 14:00:00,Sunderland,Wolverhampton Wanderers,,,SCHEDULED
ENG-Premier League,2025-10-19 15:30:00,Liverpool,Manchester United,,,SCHEDULED
ENG-Premier League,2025-10-19 13:00:00,Tottenham,Aston Villa,,,SCHEDULED
ENG-Premier League,2025-10-20 19:00:00,West Ham,Brentford,,,SCHEDULED
ENG-Premier League,2025-10-24 19:00:00,Leeds,West Ham,,,SCHEDULED
ENG-Premier League,2025-10-25 19:00:00,Brentford,Liverpool,,,SCHEDULED
ENG-Premier League,2025-10-25 14:00:00,Chelsea,Sunderland,,,SCHEDULED
ENG-Premier League,2025-10-25 16:30:00,Manchester United,Brighton,,,SCHEDULED
ENG-Premier League,2025-10-25 14:00:00,Newcastle United,Fulham,,,SCHEDULED
ENG-Premier League,2025-10-26 13:00:00,Arsenal,Crystal Palace,,,SCHEDULED
ENG-Premier League,2025-10-26 13:00:00,Aston Villa,Manchester City,,,SCHEDULED
ENG-Premier League,2025-10-26 13:00:00,Bournemouth,Nottingham Forest,,,SCHEDULED
ENG-Premier League,2025-10-26 15:30:00,Everton,Tottenham,,,SCHEDULED
ENG-Premier League,2025-10-26 13:00:00,Wolverhampton Wanderers,Burnley,,,SCHEDULED
ENG-Premier League,2025-11-01 15:00:00,Brighton,Leeds,,,SCHEDULED
ENG-Premier League,2025-11-01 15:00:00,Burnley,Arsenal,,,SCHEDULED
ENG-Premier League,2025-11-01 15:00:00,Crystal Palace,Brentford,,,SCHEDULED
ENG-Premier League,2025-11-01 15:00:00,Fulham,Wolverhampton Wanderers,,,SCHEDULED
ENG-Premier League,2025-11-01 20:00:00,Liverpool,Aston Villa,,,SCHEDULED
ENG-Premier League,2025-11-01 15:00:00,Nottingham Forest,Manchester United,,,SCHEDULED
ENG-Premier League,2025-11-01 17:30:00,Tottenham,Chelsea,,,SCHEDULED
ENG-Premier League,2025-11-02 16:30:00,Manchester City,Bournemouth,,,SCHEDULED
ENG-Premier League,2025-11-02 14:00:00,West Ham,Newcastle United,,,SCHEDULED
ENG-Premier League,2025-11-03 20:00:00,Sunderland,Everton,,,SCHEDULED
ENG-Premier League,2025-11-08 20:00:00,Chelsea,Wolverhampton Wanderers,,,SCHEDULED
ENG-Premier League,2025-11-08 15:00:00,Everton,Fulham,,,SCHEDULED
ENG-Premier League,2025-11-08 17:30:00,Sunderland,Arsenal,,,SCHEDULED
ENG-Premier League,2025-11-08 12:30:00,Tottenham,Manchester United,,,SCHEDULED
ENG-Premier League,2025-11-08 15:00:00,West Ham,Burnley,,,SCHEDULED
ENG-Premier League,2025-11-09 14:00:00,Aston Villa,Bournemouth,,,SCHEDULED
ENG-Premier League,2025-11-09 14:00:00,Brentford,Newcastle United,,,SCHEDULED
ENG-Premier League,2025-11-09 14:00:00,Crystal Palace,Brighton,,,SCHEDULED
ENG-Premier League,2025-11-09 16:30:00,Manchester City,Liverpool,,,SCHEDULED
ENG-Premier League,2025-11-09 14:00:00,Nottingham Forest,Leeds,,,SCHEDULED
ENG-Premier League,2025-11-22 15:00:00,Bournemouth,West Ham,,,SCHEDULED
ENG-Premier League,2025-11-22 15:00:00,Brighton,Brentford,,,SCHEDULED
ENG-Premier League,2025-11-22 12:30:00,Burnley,Chelsea,,,SCHEDULED
ENG-Premier League,2025-11-22 15:00:00,Fulham,Sunderland,,,SCHEDULED
ENG-Premier League,2025-11-22 15:00:00,Liverpool,Nottingham Forest,,,SCHEDULED
ENG-Premier League,2025-11-22 17:30:00,Newcastle United,Manchester City,,,SCHEDULED
ENG-Premier League,2025-11-22 15:00:00,Wolverhampton Wanderers,Crystal Palace,,,SCHEDULED
ENG-Premier League,2025-11-23 16:30:00,Arsenal,Tottenham,,,SCHEDULED
ENG-Premier League,2025-11-23 14:00:00,Leeds,Aston Villa,,,SCHEDULED
ENG-Premier League,2025-11-24 20:00:00,Manchester United,Everton,,,SCHEDULED
ENG-Premier League,2025-11-29 15:00:00,Brentford,Burnley,,,SCHEDULED
ENG-Premier League,2025-11-29 17:30:00,Everton,Newcastle United,,,SCHEDULED
ENG-Premier League,2025-11-29 15:00:00,Manchester City,Leeds,,,SCHEDULED
ENG-Premier League,2025-11-29 15:00:00,Sunderland,Bournemouth,,,SCHEDULED
ENG-Premier League,2025-11-29 20:00:00,Tottenham,Fulham,,,SCHEDULED
ENG-Premier League,2025-11-30 14:05:00,Aston Villa,Wolverhampton Wanderers,,,SCHEDULED
ENG-Premier League,2025-11-30 16:30:00,Chelsea,Arsenal,,,SCHEDULED
ENG-Premier League,2025-11-30 12:00:00,Crystal Palace,Manchester United,,,SCHEDULED
ENG-Premier League,2025-11-30 14:05:00,Nottingham Forest,Brighton,,,SCHEDULED
ENG-Premier League,2025-11-30 14:05:00,West Ham,Liverpool,,,SCHEDULED
ENG-Premier League,2025-12-02 19:30:00,Bournemouth,Everton,,,SCHEDULED
ENG-Premier League,2025-12-02 19:30:00,Fulham,Manchester City,,,SCHEDULED
ENG-Premier League,2025-12-02 20:15:00,Newcastle United,Tottenham,,,SCHEDULED
ENG-Premier League,2025-12-03 19:30:00,Arsenal,Brentford,,,SCHEDULED
ENG-Premier League,2025-12-03 19:30:00,Brighton,Aston Villa,,,SCHEDULED
ENG-Premier League,2025-12-03 19:30:00,Burnley,Crystal Palace,,,SCHEDULED
ENG-Premier League,2025-12-03 20:15:00,Leeds,Chelsea,,,SCHEDULED
ENG-Premier League,2025-12-03 20:15:00,Liverpool,Sunderland,,,SCHEDULED
ENG-Premier League,2025-12-03 19:30:00,Wolverhampton Wanderers,Nottingham Forest,,,SCHEDULED
ENG-Premier League,2025-12-04 20:00:00,Manchester United,West Ham,,,SCHEDULED
ENG-Premier League,2025-12-06 12:30:00,Aston Villa,Arsenal,,,SCHEDULED
ENG-Premier League,2025-12-06 15:00:00,Bournemouth,Chelsea,,,SCHEDULED
ENG-Premier League,2025-12-06 15:00:00,Everton,Nottingham Forest,,,SCHEDULED
ENG-Premier League,2025-12-06 17:30:00,Leeds,Liverpool,,,SCHEDULED
ENG-Premier League,2025-12-06 15:00:00,Manchester City,Sunderland,,,SCHEDULED
ENG-Premier League,2025-12-06 15:00:00,Newcastle United,Burnley,,,SCHEDULED
ENG-Premier League,2025-12-06 15:00:00,Tottenham,Brentford,,,SCHEDULED
ENG-Premier League,2025-12-07 14:00:00,Brighton,West Ham,,,SCHEDULED
ENG-Premier League,2025-12-07 16:30:00,Fulham,Crystal Palace,,,SCHEDULED
ENG-Premier League,2025-12-08 20:00:00,Wolverhampton Wanderers,Manchester United,,,SCHEDULED
ENG-Premier League,2025-12-13 20:00:00,Arsenal,Wolverhampton Wanderers,,,SCHEDULED
ENG-Premier League,2025-12-13 17:30:00,Burnley,Fulham,,,SCHEDULED
ENG-Premier League,2025-12-13 15:00:00,Chelsea,Everton,,,SCHEDULED
ENG-Premier League,2025-12-13 15:00:00,Liverpool,Brighton,,,SCHEDULED
ENG-Premier League,2025-12-14 16:30:00,Brentford,Leeds,,,SCHEDULED
ENG-Premier League,2025-12-14 14:00:00,Crystal Palace,Manchester City,,,SCHEDULED
ENG-Premier League,2025-12-14 14:00:00,Nottingham Forest,Tottenham,,,SCHEDULED
ENG-Premier League,2025-12-14 14:00:00,Sunderland,Newcastle United,,,SCHEDULED
ENG-Premier League,2025-12-14 14:00:00,West Ham,Aston Villa,,,SCHEDULED
ENG-Premier League,2025-12-15 20:00:00,Manchester United,Bournemouth,,,SCHEDULED
ENG-Premier League,2025-12-20 15:00:00,Bournemouth,Burnley,,,SCHEDULED
ENG-Premier League,2025-12-20 15:00:00,Brighton,Sunderland,,,SCHEDULED
ENG-Premier League,2025-12-20 20:00:00,Everton,Arsenal,,,SCHEDULED
ENG-Premier League,2025-12-20 20:00:00,Leeds,Crystal Palace,,,SCHEDULED
ENG-Premier League,2025-12-20 15:00:00,Manchester City,West Ham,,,SCHEDULED
ENG-Premier League,2025-12-20 12:30:00,Newcastle United,Chelsea,,,SCHEDULED
ENG-Premier League,2025-12-20 17:30:00,Tottenham,Liverpool,,,SCHEDULED
ENG-Premier League,2025-12-20 15:00:00,Wolverhampton Wanderers,Brentford,,,SCHEDULED
ENG-Premier League,2025-12-21 16:30:00,Aston Villa,Manchester United,,,SCHEDULED
ENG-Premier League,2025-12-22 20:00:00,Fulham,Nottingham Forest,,,SCHEDULED
ENG-Premier League,2025-12-26 20:00:00,Manchester United,Newcastle United,,,SCHEDULED
ENG-Premier League,2025-12-27 15:00:00,Arsenal,Brighton,,,SCHEDULED
ENG-Premier League,2025-12-27 15:00:00,Brentford,Bournemouth,,,SCHEDULED
ENG-Premier League,2025-12-27 15:00:00,Burnley,Everton,,,SCHEDULED
ENG-Premier League,2025-12-27 17:30:00,Chelsea,Aston Villa,,,SCHEDULED
ENG-Premier League,2025-12-27 15:00:00,Liverpool,Wolverhampton Wanderers,,,SCHEDULED
ENG-Premier League,2025-12-27 12:30:00,Nottingham Forest,Manchester City,,,SCHEDULED
ENG-Premier League,2025-12-27 15:00:00,West Ham,Fulham,,,SCHEDULED
ENG-Premier League,2025-12-28 16:30:00,Crystal Palace,Tottenham,,,SCHEDULED
ENG-Premier League,2025-12-28 14:00:00,Sunderland,Leeds,,,SCHEDULED
ENG-Premier League,2025-12-30 20:15:00,Arsenal,Aston Villa,,,SCHEDULED
ENG-Premier League,2025-12-30 19:30:00,Burnley,Newcastle United,,,SCHEDULED
ENG-Premier League,2025-12-30 19:30:00,Chelsea,Bournemouth,,,SCHEDULED
ENG-Premier League,2025-12-30 20:15:00,Manchester United,Wolverhampton Wanderers,,,SCHEDULED
ENG-Premier League,2025-12-30 19:30:00,Nottingham Forest,Everton,,,SCHEDULED
ENG-Premier League,2025-12-30 19:30:00,West Ham,Brighton,,,SCHEDULED
ENG-Premier League,2026-01-01 20:00:00,Brentford,Tottenham,,,SCHEDULED
ENG-Premier League,2026-01-01 17:30:00,Crystal Palace,Fulham,,,SCHEDULED
ENG-Premier League,2026-01-01 17:30:00,Liverpool,Leeds,,,SCHEDULED
ENG-Premier League,2026-01-01 20:00:00,Sunderland,Manchester City,,,SCHEDULED
ENG-Premier League,2026-01-03 12:30:00,Aston Villa,Nottingham Forest,,,SCHEDULED
ENG-Premier League,2026-01-03 17:30:00,Bournemouth,Arsenal,,,SCHEDULED
ENG-Premier League,2026-01-03 15:00:00,Brighton,Burnley,,,SCHEDULED
ENG-Premier League,2026-01-03 15:00:00,Wolverhampton Wanderers,West Ham,,,SCHEDULED
ENG-Premier League,2026-01-04 15:00:00,Everton,Brentford,,,SCHEDULED
ENG-Premier League,2026-01-04 15:00:00,Fulham,Liverpool,,,SCHEDULED
ENG-Premier League,2026-01-04 12:30:00,Leeds,Manchester United,,,SCHEDULED
ENG-Premier League,2026-01-04 17:30:00,Manchester City,Chelsea,,,SCHEDULED
ENG-Premier League,2026-01-04 15:00:00,Newcastle United,Crystal Palace,,,SCHEDULED
ENG-Premier League,2026-01-04 15:00:00,Tottenham,Sunderland,,,SCHEDULED
ENG-Premier League,2026-01-06 20:00:00,West Ham,Nottingham Forest,,,SCHEDULED
ENG-Premier League,2026-01-07 19:30:00,Bournemouth,Tottenham,,,SCHEDULED
ENG-Premier League,2026-01-07 19:30:00,Brentford,Sunderland,,,SCHEDULED
ENG-Premier League,2026-01-07 20:15:00,Burnley,Manchester United,,,SCHEDULED
ENG-Premier League,2026-01-07 19:30:00,Crystal Palace,Aston Villa,,,SCHEDULED
ENG-Premier League,2026-01-07 19:30:00,Everton,Wolverhampton Wanderers,,,SCHEDULED
ENG-Premier League,2026-01-07 19:30:00,Fulham,Chelsea,,,SCHEDULED
ENG-Premier League,2026-01-07 19:30:00,Manchester City,Brighton,,,SCHEDULED
ENG-Premier League,2026-01-07 20:15:00,Newcastle United,Leeds,,,SCHEDULED
ENG-Premier League,2026-01-08 20:00:00,Arsenal,Liverpool,,,SCHEDULED
ENG-Premier League,2026-01-17 15:00:00,Chelsea,Brentford,,,SCHEDULED
ENG-Premier League,2026-01-17 15:00:00,Leeds,Fulham,,,SCHEDULED
ENG-Premier League,2026-01-17 15:00:00,Liverpool,Burnley,,,SCHEDULED
ENG-Premier League,2026-01-17 12:30:00,Manchester United,Manchester City,,,SCHEDULED
ENG-Premier League,2026-01-17 17:30:00,Nottingham Forest,Arsenal,,,SCHEDULED
ENG-Premier League,2026-01-17 15:00:00,Sunderland,Crystal Palace,,,SCHEDULED
ENG-Premier League,2026-01-17 15:00:00,Tottenham,West Ham,,,SCHEDULED
ENG-Premier League,2026-01-18 16:30:00,Aston Villa,Everton,,,SCHEDULED
ENG-Premier League,2026-01-18 14:00:00,Wolverhampton Wanderers,Newcastle United,,,SCHEDULED
ENG-Premier League,2026-01-19 20:00:00,Brighton,Bournemouth,,,SCHEDULED
ENG-Premier League,2026-01-24 17:30:00,Bournemouth,Liverpool,,,SCHEDULED
ENG-Premier League,2026-01-24 15:00:00,Burnley,Tottenham,,,SCHEDULED
ENG-Premier League,2026-01-24 15:00:00,Fulham,Brighton,,,SCHEDULED
ENG-Premier League,2026-01-24 15:00:00,Manchester City,Wolverhampton Wanderers,,,SCHEDULED
ENG-Premier League,2026-01-24 12:30:00,West Ham,Sunderland,,,SCHEDULED
ENG-Premier League,2026-01-25 16:30:00,Arsenal,Manchester United,,,SCHEDULED
ENG-Premier League,2026-01-25 14:00:00,Brentford,Nottingham Forest,,,SCHEDULED
ENG-Premier League,2026-01-25 14:00:00,Crystal Palace,Chelsea,,,SCHEDULED
ENG-Premier League,2026-01-25 14:00:00,Newcastle United,Aston Villa,,,SCHEDULED
ENG-Premier League,2026-01-26 20:00:00,Everton,Leeds,,,SCHEDULED
ENG-Premier League,2026-01-31 15:00:00,Brighton,Everton,,,SCHEDULED
ENG-Premier League,2026-01-31 17:30:00,Chelsea,West Ham,,,SCHEDULED
ENG-Premier League,2026-01-31 15:00:00,Leeds,Arsenal,,,SCHEDULED
ENG-Premier League,2026-01-31 20:00:00,Liverpool,Newcastle United,,,SCHEDULED
ENG-Premier League,2026-01-31 15:00:00,Wolverhampton Wanderers,Bournemouth,,,SCHEDULED
ENG-Premier League,2026-02-01 14:00:00,Aston Villa,Brentford,,,SCHEDULED
ENG-Premier League,2026-02-01 14:00:00,Manchester United,Fulham,,,SCHEDULED
ENG-Premier League,2026-02-01 14:00:00,Nottingham Forest,Crystal Palace,,,SCHEDULED
ENG-Premier League,2026-02-01 16:30:00,Tottenham,Manchester City,,,SCHEDULED
ENG-Premier League,2026-02-02 20:00:00,Sunderland,Burnley,,,SCHEDULED
ENG-Premier League,2026-02-06 20:00:00,Leeds,Nottingham Forest,,,SCHEDULED
ENG-Premier League,2026-02-07 15:00:00,Arsenal,Sunderland,,,SCHEDULED
ENG-Premier League,2026-02-07 15:00:00,Bournemouth,Aston Villa,,,SCHEDULED
ENG-Premier League,2026-02-07 15:00:00,Burnley,West Ham,,,SCHEDULED
ENG-Premier League,2026-02-07 15:00:00,Fulham,Everton,,,SCHEDULED
ENG-Premier League,2026-02-07 12:30:00,Manchester United,Tottenham,,,SCHEDULED
ENG-Premier League,2026-02-07 17:30:00,Newcastle United,Brentford,,,SCHEDULED
ENG-Premier League,2026-02-07 15:00:00,Wolverhampton Wanderers,Chelsea,,,SCHEDULED
ENG-Premier League,2026-02-08 14:00:00,Brighton,Crystal Palace,,,SCHEDULED
ENG-Premier League,2026-02-08 16:30:00,Liverpool,Manchester City,,,SCHEDULED
ENG-Premier League,2026-02-10 19:30:00,Chelsea,Leeds,,,SCHEDULED
ENG-Premier League,2026-02-10 19:30:00,Everton,Bournemouth,,,SCHEDULED
ENG-Premier League,2026-02-10 19:30:00,Tottenham,Newcastle United,,,SCHEDULED
ENG-Premier League,2026-02-10 20:15:00,West Ham,Manchester United,,,SCHEDULED
ENG-Premier League,2026-02-11 19:30:00,Aston Villa,Brighton,,,SCHEDULED
ENG-Premier League,2026-02-11 19:30:00,Crystal Palace,Burnley,,,SCHEDULED
ENG-Premier League,2026-02-11 19:30:00,Manchester City,Fulham,,,SCHEDULED
ENG-Premier League,2026-02-11 19:30:00,Nottingham Forest,Wolverhampton Wanderers,,,SCHEDULED
ENG-Premier League,2026-02-11 20:15:00,Sunderland,Liverpool,,,SCHEDULED
ENG-Premier League,2026-02-12 20:00:00,Brentford,Arsenal,,,SCHEDULED
ENG-Premier League,2026-02-18 20:00:00,Wolverhampton Wanderers,Arsenal,,,SCHEDULED
ENG-Premier League,2026-02-21 15:00:00,Aston Villa,Leeds,,,SCHEDULED
ENG-Premier League,2026-02-21 15:00:00,Brentford,Brighton,,,SCHEDULED
ENG-Premier League,2026-02-21 15:00:00,Chelsea,Burnley,,,SCHEDULED
ENG-Premier League,2026-02-21 20:00:00,Manchester City,Newcastle United,,,SCHEDULED
ENG-Premier League,2026-02-21 17:30:00,West Ham,Bournemouth,,,SCHEDULED
ENG-Premier League,2026-02-22 14:00:00,Crystal Palace,Wolverhampton Wanderers,,,SCHEDULED
ENG-Premier League,2026-02-22 14:00:00,Nottingham Forest,Liverpool,,,SCHEDULED
ENG-Premier League,2026-02-22 14:00:00,Sunderland,Fulham,,,SCHEDULED
ENG-Premier League,2026-02-22 16:30:00,Tottenham,Arsenal,,,SCHEDULED
ENG-Premier League,2026-02-23 20:00:00,Everton,Manchester United,,,SCHEDULED
ENG-Premier League,2026-02-27 20:00:00,Wolverhampton Wanderers,Aston Villa,,,SCHEDULED
ENG-Premier League,2026-02-28 12:30:00,Bournemouth,Sunderland,,,SCHEDULED
ENG-Premier League,2026-02-28 15:00:00,Burnley,Brentford,,,SCHEDULED
ENG-Premier League,2026-02-28 17:30:00,Leeds,Manchester City,,,SCHEDULED
ENG-Premier League,2026-02-28 15:00:00,Liverpool,West Ham,,,SCHEDULED
ENG-Premier League,2026-02-28 15:00:00,Newcastle United,Everton,,,SCHEDULED
ENG-Premier League,2026-03-01 16:30:00,Arsenal,Chelsea,,,SCHEDULED
ENG-Premier League,2026-03-01 14:00:00,Brighton,Nottingham Forest,,,SCHEDULED
ENG-Premier League,2026-03-01 14:00:00,Fulham,Tottenham,,,SCHEDULED
ENG-Premier League,2026-03-01 14:00:00,Manchester United,Crystal Palace,,,SCHEDULED
ENG-Premier League,2026-03-03 19:30:00,Bournemouth,Brentford,,,SCHEDULED
ENG-Premier League,2026-03-03 19:30:00,Everton,Burnley,,,SCHEDULED
ENG-Premier League,2026-03-03 19:30:00,Leeds,Sunderland,,,SCHEDULED
ENG-Premier League,2026-03-03 20:15:00,Wolverhampton Wanderers,Liverpool,,,SCHEDULED
ENG-Premier League,2026-03-04 19:30:00,Aston Villa,Chelsea,,,SCHEDULED
ENG-Premier League,2026-03-04 19:30:00,Brighton,Arsenal,,,SCHEDULED
ENG-Premier League,2026-03-04 19:30:00,Fulham,West Ham,,,SCHEDULED
ENG-Premier League,2026-03-04 19:30:00,Manchester City,Nottingham Forest,,,SCHEDULED
ENG-Premier League,2026-03-04 20:15:00,Newcastle United,Manchester United,,,SCHEDULED
ENG-Premier League,2026-03-05 20:00:00,Tottenham,Crystal Palace,,,SCHEDULED
ENG-Premier League,2026-03-14 17:30:00,Arsenal,Everton,,,SCHEDULED
ENG-Premier League,2026-03-14 15:00:00,Burnley,Bournemouth,,,SCHEDULED
ENG-Premier League,2026-03-14 17:30:00,Chelsea,Newcastle United,,,SCHEDULED
ENG-Premier League,2026-03-14 15:00:00,Sunderland,Brighton,,,SCHEDULED
ENG-Premier League,2026-03-14 20:00:00,West Ham,Manchester City,,,SCHEDULED
ENG-Premier League,2026-03-15 14:00:00,Crystal Palace,Leeds,,,SCHEDULED
ENG-Premier League,2026-03-15 16:30:00,Liverpool,Tottenham,,,SCHEDULED
ENG-Premier League,2026-03-15 14:00:00,Manchester United,Aston Villa,,,SCHEDULED
ENG-Premier League,2026-03-15 14:00:00,Nottingham Forest,Fulham,,,SCHEDULED
ENG-Premier League,2026-03-16 20:00:00,Brentford,Wolverhampton Wanderers,,,SCHEDULED
ENG-Premier League,2026-03-20 20:00:00,Bournemouth,Manchester United,,,SCHEDULED
ENG-Premier League,2026-03-21 12:30:00,Brighton,Liverpool,,,SCHEDULED
ENG-Premier League,2026-03-21 17:30:00,Everton,Chelsea,,,SCHEDULED
ENG-Premier League,2026-03-21 15:00:00,Fulham,Burnley,,,SCHEDULED
ENG-Premier League,2026-03-21 20:00:00,Leeds,Brentford,,,SCHEDULED
ENG-Premier League,2026-03-22 14:15:00,Aston Villa,West Ham,,,SCHEDULED
ENG-Premier League,2026-03-22 12:00:00,Newcastle United,Sunderland,,,SCHEDULED
ENG-Premier League,2026-03-22 14:15:00,Tottenham,Nottingham Forest,,,SCHEDULED
ENG-Premier League,2026-04-10 19:00:00,West Ham,Wolverhampton Wanderers,,,SCHEDULED
ENG-Premier League,2026-04-11 11:30:00,Arsenal,Bournemouth,,,SCHEDULED
ENG-Premier League,2026-04-11 14:00:00,Brentford,Everton,,,SCHEDULED
ENG-Premier League,2026-04-11 14:00:00,Burnley,Brighton,,,SCHEDULED
ENG-Premier League,2026-04-11 16:30:00,Liverpool,Fulham,,,SCHEDULED
ENG-Premier League,2026-04-12 15:30:00,Chelsea,Manchester City,,,SCHEDULED
ENG-Premier League,2026-04-12 13:00:00,Crystal Palace,Newcastle United,,,SCHEDULED
ENG-Premier League,2026-04-12 13:00:00,Nottingham Forest,Aston Villa,,,SCHEDULED
ENG-Premier League,2026-04-12 13:00:00,Sunderland,Tottenham,,,SCHEDULED
ENG-Premier League,2026-04-13 19:00:00,Manchester United,Leeds,,,SCHEDULED
ENG-Premier League,2026-04-18 11:30:00,Brentford,Fulham,,,SCHEDULED
ENG-Premier League,2026-04-18 19:00:00,Chelsea,Manchester United,,,SCHEDULED
ENG-Premier League,2026-04-18 14:00:00,Leeds,Wolverhampton Wanderers,,,SCHEDULED
ENG-Premier League,2026-04-18 14:00:00,Newcastle United,Bournemouth,,,SCHEDULED
ENG-Premier League,2026-04-18 16:30:00,Tottenham,Brighton,,,SCHEDULED
ENG-Premier League,2026-04-19 13:00:00,Aston Villa,Sunderland,,,SCHEDULED
ENG-Premier League,2026-04-19 13:00:00,Everton,Liverpool,,,SCHEDULED
ENG-Premier League,2026-04-19 15:30:00,Manchester City,Arsenal,,,SCHEDULED
ENG-Premier League,2026-04-19 13:00:00,Nottingham Forest,Burnley,,,SCHEDULED
ENG-Premier League,2026-04-20 19:00:00,Crystal Palace,West Ham,,,SCHEDULED
ENG-Premier League,2026-04-21 19:00:00,Brighton,Chelsea,,,SCHEDULED
ENG-Premier League,2026-04-22 19:00:00,Bournemouth,Leeds,,,SCHEDULED
ENG-Premier League,2026-04-22 19:00:00,Burnley,Manchester City,,,SCHEDULED
ENG-Premier League,2026-04-24 19:00:00,Sunderland,Nottingham Forest,,,SCHEDULED
ENG-Premier League,2026-04-25 16:30:00,Arsenal,Newcastle United,,,SCHEDULED
ENG-Premier League,2026-04-25 11:30:00,Fulham,Aston Villa,,,SCHEDULED
ENG-Premier League,2026-04-25 14:00:00,Liverpool,Crystal Palace,,,SCHEDULED
ENG-Premier League,2026-04-25 14:00:00,West Ham,Everton,,,SCHEDULED
ENG-Premier League,2026-04-25 14:00:00,Wolverhampton Wanderers,Tottenham,,,SCHEDULED
ENG-Premier League,2026-04-27 19:00:00,Manchester United,Brentford,,,SCHEDULED
ENG-Premier League,2026-05-01 20:00:00,Leeds,Burnley,,,SCHEDULED
ENG-Premier League,2026-05-02 17:30:00,Arsenal,Fulham,,,SCHEDULED
ENG-Premier League,2026-05-02 15:00:00,Brentford,West Ham,,,SCHEDULED
ENG-Premier League,2026-05-02 15:00:00,Newcastle United,Brighton,,,SCHEDULED
ENG-Premier League,2026-05-02 15:00:00,Wolverhampton Wanderers,Sunderland,,,SCHEDULED
ENG-Premier League,2026-05-03 19:00:00,Aston Villa,Tottenham,,,SCHEDULED
ENG-Premier League,2026-05-03 14:00:00,Bournemouth,Crystal Palace,,,SCHEDULED
ENG-Premier League,2026-05-03 15:30:00,Manchester United,Liverpool,,,SCHEDULED
ENG-Premier League,2026-05-04 15:00:00,Chelsea,Nottingham Forest,,,SCHEDULED
ENG-Premier League,2026-05-04 20:00:00,Everton,Manchester City,,,SCHEDULED
ENG-Premier League,2026-05-09 15:00:00,Brighton,Wolverhampton Wanderers,,,SCHEDULED
ENG-Premier League,2026-05-09 15:00:00,Fulham,Bournemouth,,,SCHEDULED
ENG-Premier League,2026-05-09 12:30:00,Liverpool,Chelsea,,,SCHEDULED
ENG-Premier League,2026-05-09 17:30:00,Manchester City,Brentford,,,SCHEDULED
ENG-Premier League,2026-05-09 15:00:00,Sunderland,Manchester United,,,SCHEDULED
ENG-Premier League,2026-05-10 14:00:00,Burnley,Aston Villa,,,SCHEDULED
ENG-Premier League,2026-05-10 14:00:00,Crystal Palace,Everton,,,SCHEDULED
ENG-Premier League,2026-05-10 14:00:00,Nottingham Forest,Newcastle United,,,SCHEDULED
ENG-Premier League,2026-05-10 16:30:00,West Ham,Arsenal,,,SCHEDULED
ENG-Premier League,2026-05-11 20:00:00,Tottenham,Leeds,,,SCHEDULED
ENG-Premier League,2026-05-13 20:00:00,Manchester City,Crystal Palace,,,SCHEDULED
ENG-Premier League,2026-05-15 20:00:00,Aston Villa,Liverpool,,,SCHEDULED
ENG-Premier League,2026-05-17 15:00:00,Brentford,Crystal Palace,,,SCHEDULED
ENG-Premier League,2026-05-17 15:00:00,Everton,Sunderland,,,SCHEDULED
ENG-Premier League,2026-05-17 15:00:00,Leeds,Brighton,,,SCHEDULED
ENG-Premier League,2026-05-17 12:30:00,Manchester United,Nottingham Forest,,,SCHEDULED
ENG-Premier League,2026-05-17 17:30:00,Newcastle United,West Ham,,,SCHEDULED
ENG-Premier League,2026-05-17 15:00:00,Wolverhampton Wanderers,Fulham,,,SCHEDULED
ENG-Premier League,2026-05-18 20:00:00,Arsenal,Burnley,,,SCHEDULED
ENG-Premier League,2026-05-19 19:30:00,Bournemouth,Manchester City,,,SCHEDULED
ENG-Premier League,2026-05-19 20:15:00,Chelsea,Tottenham,,,SCHEDULED
ENG-Premier League,2026-05-24 15:00:00,Brighton,Manchester United,,,SCHEDULED
ENG-Premier League,2026-05-24 15:00:00,Burnley,Wolverhampton Wanderers,,,SCHEDULED
ENG-Premier League,2026-05-24 15:00:00,Crystal Palace,Arsenal,,,SCHEDULED
ENG-Premier League,2026-05-24 15:00:00,Fulham,Newcastle United,,,SCHEDULED
ENG-Premier League,2026-05-24 15:00:00,Liverpool,Brentford,,,SCHEDULED
ENG-Premier League,2026-05-24 15:00:00,Manchester City,Aston Villa,,,SCHEDULED
ENG-Premier League,2026-05-24 15:00:00,Nottingham Forest,Bournemouth,,,SCHEDULED
ENG-Premier League,2026-05-24 15:00:00,Sunderland,Chelsea,,,SCHEDULED
ENG-Premier League,2026-05-24 15:00:00,Tottenham,Everton,,,SCHEDULED
ENG-Premier League,2026-05-24 15:00:00,West Ham,Leeds,,,SCHEDULED
ESP-La Liga,2025-08-15 17:00:00,Girona,Rayo Vallecano,,,SCHEDULED
ESP-La Liga,2025-08-15 19:30:00,Villarreal,Real Oviedo,,,SCHEDULED
ESP-La Liga,2025-08-16 19:30:00,Alaves,Levante,,,SCHEDULED
ESP-La Liga,2025-08-16 17:30:00,Mallorca,Barcelona,,,SCHEDULED
ESP-La Liga,2025-08-16 19:30:00,Valencia,Real Sociedad,,,SCHEDULED
ESP-La Liga,2025-08-17 17:30:00,Athletic Club,Sevilla,,,SCHEDULED
ESP-La Liga,2025-08-17 15:00:00,Celta Vigo,Getafe,,,SCHEDULED
ESP-La Liga,2025-08-17 19:30:00,Espanyol,Atletico Madrid,,,SCHEDULED
ESP-La Liga,2025-08-18 19:00:00,Elche,Real Betis,,,SCHEDULED
ESP-La Liga,2025-08-19 19:00:00,Real Madrid,Osasuna,,,SCHEDULED
ESP-La Liga,2025-08-22 19:30:00,Real Betis,Alaves,,,SCHEDULED
ESP-La Liga,2025-08-23 17:30:00,Atletico Madrid,Elche,,,SCHEDULED
ESP-La Liga,2025-08-23 19:30:00,Levante,Barcelona,,,SCHEDULED
ESP-La Liga,2025-08-23 15:00:00,Mallorca,Celta Vigo,,,SCHEDULED
ESP-La Liga,2025-08-24 15:00:00,Osasuna,Valencia,,,SCHEDULED
ESP-La Liga,2025-08-24 19:30:00,Real Oviedo,Real Madrid,,,SCHEDULED
ESP-La Liga,2025-08-24 17:30:00,Real Sociedad,Espanyol,,,SCHEDULED
ESP-La Liga,2025-08-24 17:30:00,Villarreal,Girona,,,SCHEDULED
ESP-La Liga,2025-08-25 17:30:00,Athletic Club,Rayo Vallecano,,,SCHEDULED
ESP-La Liga,2025-08-25 19:30:00,Sevilla,Getafe,,,SCHEDULED
ESP-La Liga,2025-08-27 19:00:00,Celta Vigo,Real Betis,,,SCHEDULED
ESP-La Liga,2025-08-29 17:30:00,Elche,Levante,,,SCHEDULED
ESP-La Liga,2025-08-29 19:30:00,Valencia,Getafe,,,SCHEDULED
ESP-La Liga,2025-08-30 15:00:00,Alaves,Atletico Madrid,,,SCHEDULED
ESP-La Liga,2025-08-30 17:30:00,Girona,Sevilla,,,SCHEDULED
ESP-La Liga,2025-08-30 19:30:00,Real Madrid,Mallorca,,,SCHEDULED
ESP-La Liga,2025-08-30 17:00:00,Real Oviedo,Real Sociedad,,,SCHEDULED
ESP-La Liga,2025-08-31 15:00:00,Celta Vigo,Villarreal,,,SCHEDULED
ESP-La Liga,2025-08-31 17:30:00,Espanyol,Osasuna,,,SCHEDULED
ESP-La Liga,2025-08-31 19:30:00,Rayo Vallecano,Barcelona,,,SCHEDULED
ESP-La Liga,2025-08-31 17:00:00,Real Betis,Athletic Club,,,SCHEDULED
ESP-La Liga,2025-09-12 19:00:00,Sevilla,Elche,,,SCHEDULED
ESP-La Liga,2025-09-13 16:30:00,Athletic Club,Alaves,,,SCHEDULED
ESP-La Liga,2025-09-13 19:00:00,Atletico Madrid,Villarreal,,,SCHEDULED
ESP-La Liga,2025-09-13 12:00:00,Getafe,Real Oviedo,,,SCHEDULED
ESP-La Liga,2025-09-13 14:15:00,Real Sociedad,Real Madrid,,,SCHEDULED
ESP-La Liga,2025-09-14 19:00:00,Barcelona,Valencia,,,SCHEDULED
ESP-La Liga,2025-09-14 12:00:00,Celta Vigo,Girona,,,SCHEDULED
ESP-La Liga,2025-09-14 14:15:00,Levante,Real Betis,,,SCHEDULED
ESP-La Liga,2025-09-14 16:30:00,Osasuna,Rayo Vallecano,,,SCHEDULED
ESP-La Liga,2025-09-15 19:00:00,Espanyol,Mallorca,,,SCHEDULED
ESP-La Liga,2025-09-19 19:00:00,Real Betis,Real Sociedad,,,SCHEDULED
ESP-La Liga,2025-09-20 16:30:00,Alaves,Sevilla,,,SCHEDULED
ESP-La Liga,2025-09-20 12:00:00,Girona,Levante,,,SCHEDULED
ESP-La Liga,2025-09-20 14:15:00,Real Madrid,Espanyol,,,SCHEDULED
ESP-La Liga,2025-09-20 19:00:00,Valencia,Athletic Club,,,SCHEDULED
ESP-La Liga,2025-09-20 16:30:00,Villarreal,Osasuna,,,SCHEDULED
ESP-La Liga,2025-09-21 19:00:00,Barcelona,Getafe,,,SCHEDULED
ESP-La Liga,2025-09-21 16:30:00,Elche,Real Oviedo,,,SCHEDULED
ESP-La Liga,2025-09-21 14:15:00,Mallorca,Atletico Madrid,,,SCHEDULED
ESP-La Liga,2025-09-21 12:00:00,Rayo Vallecano,Celta Vigo,,,SCHEDULED
ESP-La Liga,2025-09-23 17:00:00,Athletic Club,Girona,,,SCHEDULED
ESP-La Liga,2025-09-23 17:00:00,Espanyol,Valencia,,,SCHEDULED
ESP-La Liga,2025-09-23 19:30:00,Levante,Real Madrid,,,SCHEDULED
ESP-La Liga,2025-09-23 19:30:00,Sevilla,Villarreal,,,SCHEDULED
ESP-La Liga,2025-09-24 19:30:00,Atletico Madrid,Rayo Vallecano,,,SCHEDULED
ESP-La Liga,2025-09-24 17:00:00,Getafe,Alaves,,,SCHEDULED
ESP-La Liga,2025-09-24 19:30:00,Real Sociedad,Mallorca,,,SCHEDULED
ESP-La Liga,2025-09-25 17:30:00,Osasuna,Elche,,,SCHEDULED
ESP-La Liga,2025-09-25 19:30:00,Real Oviedo,Barcelona,,,SCHEDULED
ESP-La Liga,2025-09-26 19:00:00,Girona,Espanyol,,,SCHEDULED
ESP-La Liga,2025-09-27 14:15:00,Atletico Madrid,Real Madrid,,,SCHEDULED
ESP-La Liga,2025-09-27 12:00:00,Getafe,Levante,,,SCHEDULED
ESP-La Liga,2025-09-27 16:30:00,Mallorca,Alaves,,,SCHEDULED
ESP-La Liga,2025-09-27 19:00:00,Villarreal,Athletic Club,,,SCHEDULED
ESP-La Liga,2025-09-28 16:30:00,Barcelona,Real Sociedad,,,SCHEDULED
ESP-La Liga,2025-09-28 14:15:00,Elche,Celta Vigo,,,SCHEDULED
ESP-La Liga,2025-09-28 12:00:00,Rayo Vallecano,Sevilla,,,SCHEDULED
ESP-La Liga,2025-09-28 19:00:00,Real Betis,Osasuna,,,SCHEDULED
ESP-La Liga,2025-09-29 19:00:00,Valencia,Real Oviedo,,,SCHEDULED
ESP-La Liga,2025-10-03 19:00:00,Osasuna,Getafe,,,SCHEDULED
ESP-La Liga,2025-10-04 16:30:00,Athletic Club,Mallorca,,,SCHEDULED
ESP-La Liga,2025-10-04 14:15:00,Girona,Valencia,,,SCHEDULED
ESP-La Liga,2025-10-04 19:00:00,Real Madrid,Villarreal,,,SCHEDULED
ESP-La Liga,2025-10-04 12:00:00,Real Oviedo,Levante,,,SCHEDULED
ESP-La Liga,2025-10-05 12:00:00,Alaves,Elche,,,SCHEDULED
ESP-La Liga,2025-10-05 19:00:00,Celta Vigo,Atletico Madrid,,,SCHEDULED
ESP-La Liga,2025-10-05 16:30:00,Espanyol,Real Betis,,,SCHEDULED
ESP-La Liga,2025-10-05 16:30:00,Real Sociedad,Rayo Vallecano,,,SCHEDULED
ESP-La Liga,2025-10-05 14:15:00,Sevilla,Barcelona,,,SCHEDULED
ESP-La Liga,2025-10-17 19:00:00,Real Oviedo,Espanyol,,,SCHEDULED
ESP-La Liga,2025-10-18 19:00:00,Atletico Madrid,Osasuna,,,SCHEDULED
ESP-La Liga,2025-10-18 14:15:00,Barcelona,Girona,,,SCHEDULED
ESP-La Liga,2025-10-18 12:00:00,Sevilla,Mallorca,,,SCHEDULED
ESP-La Liga,2025-10-18 16:30:00,Villarreal,Real Betis,,,SCHEDULED
ESP-La Liga,2025-10-19 14:15:00,Celta Vigo,Real Sociedad,,,SCHEDULED
ESP-La Liga,2025-10-19 12:00:00,Elche,Athletic Club,,,SCHEDULED
ESP-La Liga,2025-10-19 19:00:00,Getafe,Real Madrid,,,SCHEDULED
ESP-La Liga,2025-10-19 16:30:00,Levante,Rayo Vallecano,,,SCHEDULED
ESP-La Liga,2025-10-20 19:00:00,Alaves,Valencia,,,SCHEDULED
ESP-La Liga,2025-10-24 19:00:00,Real Sociedad,Sevilla,,,SCHEDULED
ESP-La Liga,2025-10-25 16:30:00,Athletic Club,Getafe,,,SCHEDULED
ESP-La Liga,2025-10-25 14:15:00,Espanyol,Elche,,,SCHEDULED
ESP-La Liga,2025-10-25 12:00:00,Girona,Real Oviedo,,,SCHEDULED
ESP-La Liga,2025-10-25 19:00:00,Valencia,Villarreal,,,SCHEDULED
ESP-La Liga,2025-10-26 13:00:00,Mallorca,Levante,,,SCHEDULED
ESP-La Liga,2025-10-26 17:30:00,Osasuna,Celta Vigo,,,SCHEDULED
ESP-La Liga,2025-10-26 20:00:00,Rayo Vallecano,Alaves,,,SCHEDULED
ESP-La Liga,2025-10-26 15:15:00,Real Madrid,Barcelona,,,SCHEDULED
ESP-La Liga,2025-10-27 20:00:00,Real Betis,Atletico Madrid,,,SCHEDULED
ESP-La Liga,2025-10-31 20:00:00,Getafe,Girona,,,SCHEDULED
ESP-La Liga,2025-11-01 15:15:00,Atletico Madrid,Sevilla,,,SCHEDULED
ESP-La Liga,2025-11-01 20:00:00,Real Madrid,Valencia,,,SCHEDULED
ESP-La Liga,2025-11-01 17:30:00,Real Sociedad,Athletic Club,,,SCHEDULED
ESP-La Liga,2025-11-01 13:00:00,Villarreal,Rayo Vallecano,,,SCHEDULED
ESP-La Liga,2025-11-02 15:15:00,Alaves,Espanyol,,,SCHEDULED
ESP-La Liga,2025-11-02 17:30:00,Barcelona,Elche,,,SCHEDULED
ESP-La Liga,2025-11-02 13:00:00,Levante,Celta Vigo,,,SCHEDULED
ESP-La Liga,2025-11-02 20:00:00,Real Betis,Mallorca,,,SCHEDULED
ESP-La Liga,2025-11-03 20:00:00,Real Oviedo,Osasuna,,,SCHEDULED
ESP-La Liga,2025-11-07 20:00:00,Elche,Real Sociedad,,,SCHEDULED
ESP-La Liga,2025-11-08 17:30:00,Atletico Madrid,Levante,,,SCHEDULED
ESP-La Liga,2025-11-08 20:00:00,Espanyol,Villarreal,,,SCHEDULED
ESP-La Liga,2025-11-08 13:00:00,Girona,Alaves,,,SCHEDULED
ESP-La Liga,2025-11-08 15:15:00,Sevilla,Osasuna,,,SCHEDULED
ESP-La Liga,2025-11-09 13:00:00,Athletic Club,Real Oviedo,,,SCHEDULED
ESP-La Liga,2025-11-09 20:00:00,Celta Vigo,Barcelona,,,SCHEDULED
ESP-La Liga,2025-11-09 17:30:00,Mallorca,Getafe,,,SCHEDULED
ESP-La Liga,2025-11-09 15:15:00,Rayo Vallecano,Real Madrid,,,SCHEDULED
ESP-La Liga,2025-11-09 17:30:00,Valencia,Real Betis,,,SCHEDULED
ESP-La Liga,2025-11-21 20:00:00,Valencia,Levante,,,SCHEDULED
ESP-La Liga,2025-11-22 13:00:00,Alaves,Celta Vigo,,,SCHEDULED
ESP-La Liga,2025-11-22 15:15:00,Barcelona,Athletic Club,,,SCHEDULED
ESP-La Liga,2025-11-22 17:30:00,Osasuna,Real Sociedad,,,SCHEDULED
ESP-La Liga,2025-11-22 20:00:00,Villarreal,Mallorca,,,SCHEDULED
ESP-La Liga,2025-11-23 20:00:00,Elche,Real Madrid,,,SCHEDULED
ESP-La Liga,2025-11-23 17:30:00,Getafe,Atletico Madrid,,,SCHEDULED
ESP-La Liga,2025-11-23 15:15:00,Real Betis,Girona,,,SCHEDULED
ESP-La Liga,2025-11-23 13:00:00,Real Oviedo,Rayo Vallecano,,,SCHEDULED
ESP-La Liga,2025-11-24 20:00:00,Espanyol,Sevilla,,,SCHEDULED
ESP-La Liga,2025-11-28 20:00:00,Getafe,Elche,,,SCHEDULED
ESP-La Liga,2025-11-29 20:00:00,Atletico Madrid,Real Oviedo,,,SCHEDULED
ESP-La Liga,2025-11-29 15:15:00,Barcelona,Alaves,,,SCHEDULED
ESP-La Liga,2025-11-29 17:30:00,Levante,Athletic Club,,,SCHEDULED
ESP-La Liga,2025-11-29 13:00:00,Mallorca,Osasuna,,,SCHEDULED
ESP-La Liga,2025-11-30 17:30:00,Celta Vigo,Espanyol,,,SCHEDULED
ESP-La Liga,2025-11-30 20:00:00,Girona,Real Madrid,,,SCHEDULED
ESP-La Liga,2025-11-30 13:00:00,Real Sociedad,Villarreal,,,SCHEDULED
ESP-La Liga,2025-11-30 15:15:00,Sevilla,Real Betis,,,SCHEDULED
ESP-La Liga,2025-12-01 20:00:00,Rayo Vallecano,Valencia,,,SCHEDULED
ESP-La Liga,2025-12-02 20:00:00,Barcelona,Atletico Madrid,,,SCHEDULED
ESP-La Liga,2025-12-03 18:00:00,Athletic Club,Real Madrid,,,SCHEDULED
ESP-La Liga,2025-12-05 20:00:00,Real Oviedo,Mallorca,,,SCHEDULED
ESP-La Liga,2025-12-06 15:15:00,Alaves,Real Sociedad,,,SCHEDULED
ESP-La Liga,2025-12-06 20:00:00,Athletic Club,Atletico Madrid,,,SCHEDULED
ESP-La Liga,2025-12-06 17:30:00,Real Betis,Barcelona,,,SCHEDULED
ESP-La Liga,2025-12-06 13:00:00,Villarreal,Getafe,,,SCHEDULED
ESP-La Liga,2025-12-07 13:00:00,Elche,Girona,,,SCHEDULED
ESP-La Liga,2025-12-07 17:30:00,Espanyol,Rayo Vallecano,,,SCHEDULED
ESP-La Liga,2025-12-07 20:00:00,Real Madrid,Celta Vigo,,,SCHEDULED
ESP-La Liga,2025-12-07 15:15:00,Valencia,Sevilla,,,SCHEDULED
ESP-La Liga,2025-12-08 20:00:00,Osasuna,Levante,,,SCHEDULED
ESP-La Liga,2025-12-12 20:00:00,Real Sociedad,Girona,,,SCHEDULED
ESP-La Liga,2025-12-13 13:00:00,Atletico Madrid,Valencia,,,SCHEDULED
ESP-La Liga,2025-12-13 17:30:00,Barcelona,Osasuna,,,SCHEDULED
ESP-La Liga,2025-12-13 20:00:00,Getafe,Espanyol,,,SCHEDULED
ESP-La Liga,2025-12-13 15:15:00,Mallorca,Elche,,,SCHEDULED
ESP-La Liga,2025-12-14 20:00:00,Alaves,Real Madrid,,,SCHEDULED
ESP-La Liga,2025-12-14 15:15:00,Celta Vigo,Athletic Club,,,SCHEDULED
ESP-La Liga,2025-12-14 13:00:00,Sevilla,Real Oviedo,,,SCHEDULED
ESP-La Liga,2025-12-15 20:00:00,Rayo Vallecano,Real Betis,,,SCHEDULED
ESP-La Liga,2025-12-19 20:00:00,Valencia,Mallorca,,,SCHEDULED
ESP-La Liga,2025-12-20 15:15:00,Levante,Real Sociedad,,,SCHEDULED
ESP-La Liga,2025-12-20 17:30:00,Osasuna,Alaves,,,SCHEDULED
ESP-La Liga,2025-12-20 20:00:00,Real Madrid,Sevilla,,,SCHEDULED
ESP-La Liga,2025-12-20 13:00:00,Real Oviedo,Celta Vigo,,,SCHEDULED
ESP-La Liga,2025-12-21 17:30:00,Elche,Rayo Vallecano,,,SCHEDULED
ESP-La Liga,2025-12-21 13:00:00,Girona,Atletico Madrid,,,SCHEDULED
ESP-La Liga,2025-12-21 20:00:00,Real Betis,Getafe,,,SCHEDULED
ESP-La Liga,2025-12-21 15:15:00,Villarreal,Barcelona,,,SCHEDULED
ESP-La Liga,2025-12-22 20:00:00,Athletic Club,Espanyol,,,SCHEDULED
ESP-La Liga,2026-01-02 20:00:00,Rayo Vallecano,Getafe,,,SCHEDULED
ESP-La Liga,2026-01-03 13:00:00,Celta Vigo,Valencia,,,SCHEDULED
ESP-La Liga,2026-01-03 17:30:00,Elche,Villarreal,,,SCHEDULED
ESP-La Liga,2026-01-03 20:00:00,Espanyol,Barcelona,,,SCHEDULED
ESP-La Liga,2026-01-03 15:15:00,Osasuna,Athletic Club,,,SCHEDULED
ESP-La Liga,2026-01-04 17:30:00,Alaves,Real Oviedo,,,SCHEDULED
ESP-La Liga,2026-01-04 17:30:00,Mallorca,Girona,,,SCHEDULED
ESP-La Liga,2026-01-04 15:15:00,Real Madrid,Real Betis,,,SCHEDULED
ESP-La Liga,2026-01-04 20:00:00,Real Sociedad,Atletico Madrid,,,SCHEDULED
ESP-La Liga,2026-01-04 13:00:00,Sevilla,Levante,,,SCHEDULED
ESP-La Liga,2026-01-09 20:00:00,Getafe,Real Sociedad,,,SCHEDULED
ESP-La Liga,2026-01-10 17:30:00,Girona,Osasuna,,,SCHEDULED
ESP-La Liga,2026-01-10 13:00:00,Real Oviedo,Real Betis,,,SCHEDULED
ESP-La Liga,2026-01-10 20:00:00,Valencia,Elche,,,SCHEDULED
ESP-La Liga,2026-01-10 15:15:00,Villarreal,Alaves,,,SCHEDULED
ESP-La Liga,2026-01-11 15:15:00,Levante,Espanyol,,,SCHEDULED
ESP-La Liga,2026-01-11 13:00:00,Rayo Vallecano,Mallorca,,,SCHEDULED
ESP-La Liga,2026-01-12 20:00:00,Sevilla,Celta Vigo,,,SCHEDULED
ESP-La Liga,2026-01-16 20:00:00,Espanyol,Girona,,,SCHEDULED
ESP-La Liga,2026-01-17 15:15:00,Mallorca,Athletic Club,,,SCHEDULED
ESP-La Liga,2026-01-17 17:30:00,Osasuna,Real Oviedo,,,SCHEDULED
ESP-La Liga,2026-01-17 20:00:00,Real Betis,Villarreal,,,SCHEDULED
ESP-La Liga,2026-01-17 13:00:00,Real Madrid,Levante,,,SCHEDULED
ESP-La Liga,2026-01-18 15:15:00,Atletico Madrid,Alaves,,,SCHEDULED
ESP-La Liga,2026-01-18 17:30:00,Celta Vigo,Rayo Vallecano,,,SCHEDULED
ESP-La Liga,2026-01-18 13:00:00,Getafe,Valencia,,,SCHEDULED
ESP-La Liga,2026-01-18 20:00:00,Real Sociedad,Barcelona,,,SCHEDULED
ESP-La Liga,2026-01-19 20:00:00,Elche,Sevilla,,,SCHEDULED
ESP-La Liga,2026-01-23 20:00:00,Levante,Elche,,,SCHEDULED
ESP-La Liga,2026-01-24 13:00:00,Rayo Vallecano,Osasuna,,,SCHEDULED
ESP-La Liga,2026-01-24 17:30:00,Sevilla,Athletic Club,,,SCHEDULED
ESP-La Liga,2026-01-24 15:15:00,Valencia,Espanyol,,,SCHEDULED
ESP-La Liga,2026-01-24 20:00:00,Villarreal,Real Madrid,,,SCHEDULED
ESP-La Liga,2026-01-25 20:00:00,Alaves,Real Betis,,,SCHEDULED
ESP-La Liga,2026-01-25 13:00:00,Atletico Madrid,Mallorca,,,SCHEDULED
ESP-La Liga,2026-01-25 15:15:00,Barcelona,Real Oviedo,,,SCHEDULED
ESP-La Liga,2026-01-25 17:30:00,Real Sociedad,Celta Vigo,,,SCHEDULED
ESP-La Liga,2026-01-26 20:00:00,Girona,Getafe,,,SCHEDULED
ESP-La Liga,2026-01-30 20:00:00,Espanyol,Alaves,,,SCHEDULED
ESP-La Liga,2026-01-31 20:00:00,Elche,Barcelona,,,SCHEDULED
ESP-La Liga,2026-01-31 17:30:00,Levante,Atletico Madrid,,,SCHEDULED
ESP-La Liga,2026-01-31 15:15:00,Osasuna,Villarreal,,,SCHEDULED
ESP-La Liga,2026-01-31 13:00:00,Real Oviedo,Girona,,,SCHEDULED
ESP-La Liga,2026-02-01 20:00:00,Athletic Club,Real Sociedad,,,SCHEDULED
ESP-La Liga,2026-02-01 17:30:00,Getafe,Celta Vigo,,,SCHEDULED
ESP-La Liga,2026-02-01 15:15:00,Real Betis,Valencia,,,SCHEDULED
ESP-La Liga,2026-02-01 13:00:00,Real Madrid,Rayo Vallecano,,,SCHEDULED
ESP-La Liga,2026-02-02 20:00:00,Mallorca,Sevilla,,,SCHEDULED
ESP-La Liga,2026-02-06 20:00:00,Celta Vigo,Osasuna,,,SCHEDULED
ESP-La Liga,2026-02-07 15:15:00,Barcelona,Mallorca,,,SCHEDULED
ESP-La Liga,2026-02-07 20:00:00,Real Sociedad,Elche,,,SCHEDULED
ESP-La Liga,2026-02-08 13:00:00,Alaves,Getafe,,,SCHEDULED
ESP-La Liga,2026-02-08 15:15:00,Athletic Club,Levante,,,SCHEDULED
ESP-La Liga,2026-02-08 17:30:00,Atletico Madrid,Real Betis,,,SCHEDULED
ESP-La Liga,2026-02-08 15:15:00,Sevilla,Girona,,,SCHEDULED
ESP-La Liga,2026-02-08 20:00:00,Valencia,Real Madrid,,,SCHEDULED
ESP-La Liga,2026-02-09 20:00:00,Villarreal,Espanyol,,,SCHEDULED
ESP-La Liga,2026-02-13 20:00:00,Elche,Osasuna,,,SCHEDULED
ESP-La Liga,2026-02-14 13:00:00,Espanyol,Celta Vigo,,,SCHEDULED
ESP-La Liga,2026-02-14 15:15:00,Getafe,Villarreal,,,SCHEDULED
ESP-La Liga,2026-02-14 20:00:00,Real Madrid,Real Sociedad,,,SCHEDULED
ESP-La Liga,2026-02-14 17:30:00,Sevilla,Alaves,,,SCHEDULED
ESP-La Liga,2026-02-15 17:30:00,Levante,Valencia,,,SCHEDULED
ESP-La Liga,2026-02-15 20:00:00,Mallorca,Real Betis,,,SCHEDULED
ESP-La Liga,2026-02-15 15:15:00,Rayo Vallecano,Atletico Madrid,,,SCHEDULED
ESP-La Liga,2026-02-15 13:00:00,Real Oviedo,Athletic Club,,,SCHEDULED
ESP-La Liga,2026-02-16 20:00:00,Girona,Barcelona,,,SCHEDULED
ESP-La Liga,2026-02-18 19:00:00,Levante,Villarreal,,,SCHEDULED
ESP-La Liga,2026-02-20 20:00:00,Athletic Club,Elche,,,SCHEDULED
ESP-La Liga,2026-02-21 20:00:00,Atletico Madrid,Espanyol,,,SCHEDULED
ESP-La Liga,2026-02-21 17:30:00,Osasuna,Real Madrid,,,SCHEDULED
ESP-La Liga,2026-02-21 15:15:00,Real Betis,Rayo Vallecano,,,SCHEDULED
ESP-La Liga,2026-02-21 13:00:00,Real Sociedad,Real Oviedo,,,SCHEDULED
ESP-La Liga,2026-02-22 15:15:00,Barcelona,Levante,,,SCHEDULED
ESP-La Liga,2026-02-22 17:30:00,Celta Vigo,Mallorca,,,SCHEDULED
ESP-La Liga,2026-02-22 13:00:00,Getafe,Sevilla,,,SCHEDULED
ESP-La Liga,2026-02-22 20:00:00,Villarreal,Valencia,,,SCHEDULED
ESP-La Liga,2026-02-23 20:00:00,Alaves,Girona,,,SCHEDULED
ESP-La Liga,2026-02-27 20:00:00,Levante,Alaves,,,SCHEDULED
ESP-La Liga,2026-02-28 15:15:00,Barcelona,Villarreal,,,SCHEDULED
ESP-La Liga,2026-02-28 17:30:00,Mallorca,Real Sociedad,,,SCHEDULED
ESP-La Liga,2026-02-28 13:00:00,Rayo Vallecano,Athletic Club,,,SCHEDULED
ESP-La Liga,2026-02-28 20:00:00,Real Oviedo,Atletico Madrid,,,SCHEDULED
ESP-La Liga,2026-03-01 13:00:00,Elche,Espanyol,,,SCHEDULED
ESP-La Liga,2026-03-01 20:00:00,Girona,Celta Vigo,,,SCHEDULED
ESP-La Liga,2026-03-01 17:30:00,Real Betis,Sevilla,,,SCHEDULED
ESP-La Liga,2026-03-01 15:15:00,Valencia,Osasuna,,,SCHEDULED
ESP-La Liga,2026-03-02 20:00:00,Real Madrid,Getafe,,,SCHEDULED
ESP-La Liga,2026-03-04 18:00:00,Rayo Vallecano,Real Oviedo,,,SCHEDULED
ESP-La Liga,2026-03-06 20:00:00,Celta Vigo,Real Madrid,,,SCHEDULED
ESP-La Liga,2026-03-07 20:00:00,Athletic Club,Barcelona,,,SCHEDULED
ESP-La Liga,2026-03-07 17:30:00,Atletico Madrid,Real Sociedad,,,SCHEDULED
ESP-La Liga,2026-03-07 15:15:00,Levante,Girona,,,SCHEDULED
ESP-La Liga,2026-03-07 13:00:00,Osasuna,Mallorca,,,SCHEDULED
ESP-La Liga,2026-03-08 15:15:00,Getafe,Real Betis,,,SCHEDULED
ESP-La Liga,2026-03-08 17:30:00,Sevilla,Rayo Vallecano,,,SCHEDULED
ESP-La Liga,2026-03-08 20:00:00,Valencia,Alaves,,,SCHEDULED
ESP-La Liga,2026-03-08 13:00:00,Villarreal,Elche,,,SCHEDULED
ESP-La Liga,2026-03-09 20:00:00,Espanyol,Real Oviedo,,,SCHEDULED
ESP-La Liga,2026-03-13 20:00:00,Alaves,Villarreal,,,SCHEDULED
ESP-La Liga,2026-03-14 15:15:00,Atletico Madrid,Getafe,,,SCHEDULED
ESP-La Liga,2026-03-14 13:00:00,Girona,Athletic Club,,,SCHEDULED
ESP-La Liga,2026-03-14 20:00:00,Real Madrid,Elche,,,SCHEDULED
ESP-La Liga,2026-03-14 17:30:00,Real Oviedo,Valencia,,,SCHEDULED
ESP-La Liga,2026-03-15 15:15:00,Barcelona,Sevilla,,,SCHEDULED
ESP-La Liga,2026-03-15 13:00:00,Mallorca,Espanyol,,,SCHEDULED
ESP-La Liga,2026-03-15 17:30:00,Real Betis,Celta Vigo,,,SCHEDULED
ESP-La Liga,2026-03-15 20:00:00,Real Sociedad,Osasuna,,,SCHEDULED
ESP-La Liga,2026-03-16 20:00:00,Rayo Vallecano,Levante,,,SCHEDULED
ESP-La Liga,2026-03-20 20:00:00,Villarreal,Real Sociedad,,,SCHEDULED
ESP-La Liga,2026-03-21 13:00:00,Elche,Mallorca,,,SCHEDULED
ESP-La Liga,2026-03-21 15:15:00,Espanyol,Getafe,,,SCHEDULED
ESP-La Liga,2026-03-21 17:30:00,Levante,Real Oviedo,,,SCHEDULED
ESP-La Liga,2026-03-21 17:30:00,Osasuna,Girona,,,SCHEDULED
ESP-La Liga,2026-03-21 20:00:00,Sevilla,Valencia,,,SCHEDULED
ESP-La Liga,2026-03-22 17:30:00,Athletic Club,Real Betis,,,SCHEDULED
ESP-La Liga,2026-03-22 13:00:00,Barcelona,Rayo Vallecano,,,SCHEDULED
ESP-La Liga,2026-03-22 15:15:00,Celta Vigo,Alaves,,,SCHEDULED
ESP-La Liga,2026-03-22 20:00:00,Real Madrid,Atletico Madrid,,,SCHEDULED
ESP-La Liga,2026-04-03 19:00:00,Rayo Vallecano,Elche,,,SCHEDULED
ESP-La Liga,2026-04-04 19:00:00,Atletico Madrid,Barcelona,,,SCHEDULED
ESP-La Liga,2026-04-04 14:15:00,Mallorca,Real Madrid,,,SCHEDULED
ESP-La Liga,2026-04-04 16:30:00,Real Betis,Espanyol,,,SCHEDULED
ESP-La Liga,2026-04-04 12:00:00,Real Sociedad,Levante,,,SCHEDULED
ESP-La Liga,2026-04-05 19:00:00,Alaves,Osasuna,,,SCHEDULED
ESP-La Liga,2026-04-05 12:00:00,Getafe,Athletic Club,,,SCHEDULED
ESP-La Liga,2026-04-05 16:30:00,Real Oviedo,Sevilla,,,SCHEDULED
ESP-La Liga,2026-04-05 14:15:00,Valencia,Celta Vigo,,,SCHEDULED
ESP-La Liga,2026-04-06 19:00:00,Girona,Villarreal,,,SCHEDULED
ESP-La Liga,2026-04-10 19:00:00,Real Madrid,Girona,,,SCHEDULED
ESP-La Liga,2026-04-11 16:30:00,Barcelona,Espanyol,,,SCHEDULED
ESP-La Liga,2026-04-11 14:15:00,Elche,Valencia,,,SCHEDULED
ESP-La Liga,2026-04-11 12:00:00,Real Sociedad,Alaves,,,SCHEDULED
ESP-La Liga,2026-04-11 19:00:00,Sevilla,Atletico Madrid,,,SCHEDULED
ESP-La Liga,2026-04-12 19:00:00,Athletic Club,Villarreal,,,SCHEDULED
ESP-La Liga,2026-04-12 16:30:00,Celta Vigo,Real Oviedo,,,SCHEDULED
ESP-La Liga,2026-04-12 14:15:00,Mallorca,Rayo Vallecano,,,SCHEDULED
ESP-La Liga,2026-04-12 12:00:00,Osasuna,Real Betis,,,SCHEDULED
ESP-La Liga,2026-04-13 19:00:00,Levante,Getafe,,,SCHEDULED
ESP-La Liga,2026-04-21 18:00:00,Athletic Club,Osasuna,,,SCHEDULED
ESP-La Liga,2026-04-21 19:30:00,Girona,Real Betis,,,SCHEDULED
ESP-La Liga,2026-04-21 18:00:00,Mallorca,Valencia,,,SCHEDULED
ESP-La Liga,2026-04-21 19:30:00,Real Madrid,Alaves,,,SCHEDULED
ESP-La Liga,2026-04-22 19:30:00,Barcelona,Celta Vigo,,,SCHEDULED
ESP-La Liga,2026-04-22 17:00:00,Elche,Atletico Madrid,,,SCHEDULED
ESP-La Liga,2026-04-22 18:00:00,Real Sociedad,Getafe,,,SCHEDULED
ESP-La Liga,2026-04-23 17:00:00,Levante,Sevilla,,,SCHEDULED
ESP-La Liga,2026-04-23 18:00:00,Rayo Vallecano,Espanyol,,,SCHEDULED
ESP-La Liga,2026-04-23 19:30:00,Real Oviedo,Villarreal,,,SCHEDULED
ESP-La Liga,2026-04-24 19:00:00,Real Betis,Real Madrid,,,SCHEDULED
ESP-La Liga,2026-04-25 12:00:00,Alaves,Mallorca,,,SCHEDULED
ESP-La Liga,2026-04-25 19:00:00,Atletico Madrid,Athletic Club,,,SCHEDULED
ESP-La Liga,2026-04-25 14:15:00,Getafe,Barcelona,,,SCHEDULED
ESP-La Liga,2026-04-25 16:30:00,Valencia,Girona,,,SCHEDULED
ESP-La Liga,2026-04-26 16:30:00,Osasuna,Sevilla,,,SCHEDULED
ESP-La Liga,2026-04-26 12:00:00,Rayo Vallecano,Real Sociedad,,,SCHEDULED
ESP-La Liga,2026-04-26 14:15:00,Real Oviedo,Elche,,,SCHEDULED
ESP-La Liga,2026-04-26 19:00:00,Villarreal,Celta Vigo,,,SCHEDULED
ESP-La Liga,2026-04-27 19:00:00,Espanyol,Levante,,,SCHEDULED
ESP-La Liga,2026-05-01 19:00:00,Girona,Mallorca,,,SCHEDULED
ESP-La Liga,2026-05-02 16:30:00,Alaves,Athletic Club,,,SCHEDULED
ESP-La Liga,2026-05-02 19:00:00,Osasuna,Barcelona,,,SCHEDULED
ESP-La Liga,2026-05-02 14:15:00,Valencia,Atletico Madrid,,,SCHEDULED
ESP-La Liga,2026-05-02 12:00:00,Villarreal,Levante,,,SCHEDULED
ESP-La Liga,2026-05-03 12:00:00,Celta Vigo,Elche,,,SCHEDULED
ESP-La Liga,2026-05-03 19:00:00,Espanyol,Real Madrid,,,SCHEDULED
ESP-La Liga,2026-05-03 14:15:00,Getafe,Rayo Vallecano,,,SCHEDULED
ESP-La Liga,2026-05-03 16:30:00,Real Betis,Real Oviedo,,,SCHEDULED
ESP-La Liga,2026-05-04 19:00:00,Sevilla,Real Sociedad,,,SCHEDULED
ESP-La Liga,2026-05-08 19:00:00,Levante,Osasuna,,,SCHEDULED
ESP-La Liga,2026-05-09 16:30:00,Atletico Madrid,Celta Vigo,,,SCHEDULED
ESP-La Liga,2026-05-09 12:00:00,Elche,Alaves,,,SCHEDULED
ESP-La Liga,2026-05-09 19:00:00,Real Sociedad,Real Betis,,,SCHEDULED
ESP-La Liga,2026-05-09 14:15:00,Sevilla,Espanyol,,,SCHEDULED
ESP-La Liga,2026-05-10 14:15:00,Athletic Club,Valencia,,,SCHEDULED
ESP-La Liga,2026-05-10 19:00:00,Barcelona,Real Madrid,,,SCHEDULED
ESP-La Liga,2026-05-10 12:00:00,Mallorca,Villarreal,,,SCHEDULED
ESP-La Liga,2026-05-10 16:30:00,Real Oviedo,Getafe,,,SCHEDULED
ESP-La Liga,2026-05-11 19:00:00,Rayo Vallecano,Girona,,,SCHEDULED
ESP-La Liga,2026-05-12 17:00:00,Celta Vigo,Levante,,,SCHEDULED
ESP-La Liga,2026-05-12 19:30:00,Osasuna,Atletico Madrid,,,SCHEDULED
ESP-La Liga,2026-05-12 18:00:00,Real Betis,Elche,,,SCHEDULED
ESP-La Liga,2026-05-13 19:30:00,Alaves,Barcelona,,,SCHEDULED
ESP-La Liga,2026-05-13 17:00:00,Espanyol,Athletic Club,,,SCHEDULED
ESP-La Liga,2026-05-13 19:30:00,Getafe,Mallorca,,,SCHEDULED
ESP-La Liga,2026-05-13 17:00:00,Villarreal,Sevilla,,,SCHEDULED
ESP-La Liga,2026-05-14 18:00:00,Girona,Real Sociedad,,,SCHEDULED
ESP-La Liga,2026-05-14 19:30:00,Real Madrid,Real Oviedo,,,SCHEDULED
ESP-La Liga,2026-05-14 17:00:00,Valencia,Rayo Vallecano,,,SCHEDULED
ESP-La Liga,2026-05-17 17:00:00,Athletic Club,Celta Vigo,,,SCHEDULED
ESP-La Liga,2026-05-17 17:00:00,Atletico Madrid,Girona,,,SCHEDULED
ESP-La Liga,2026-05-17 17:00:00,Barcelona,Real Betis,,,SCHEDULED
ESP-La Liga,2026-05-17 17:00:00,Elche,Getafe,,,SCHEDULED
ESP-La Liga,2026-05-17 17:00:00,Levante,Mallorca,,,SCHEDULED
ESP-La Liga,2026-05-17 17:00:00,Osasuna,Espanyol,,,SCHEDULED
ESP-La Liga,2026-05-17 17:00:00,Rayo Vallecano,Villarreal,,,SCHEDULED
ESP-La Liga,2026-05-17 17:00:00,Real Oviedo,Alaves,,,SCHEDULED
ESP-La Liga,2026-05-17 17:00:00,Real Sociedad,Valencia,,,SCHEDULED
ESP-La Liga,2026-05-17 17:00:00,Sevilla,Real Madrid,,,SCHEDULED
ESP-La Liga,2026-05-23 19:00:00,Alaves,Rayo Vallecano,,,SCHEDULED
ESP-La Liga,2026-05-23 19:00:00,Celta Vigo,Sevilla,,,SCHEDULED
ESP-La Liga,2026-05-23 19:00:00,Espanyol,Real Sociedad,,,SCHEDULED
ESP-La Liga,2026-05-23 19:00:00,Getafe,Osasuna,,,SCHEDULED
ESP-La Liga,2026-05-23 19:00:00,Girona,Elche,,,SCHEDULED
ESP-La Liga,2026-05-23 19:00:00,Mallorca,Real Oviedo,,,SCHEDULED
ESP-La Liga,2026-05-23 19:00:00,Real Betis,Levante,,,SCHEDULED
ESP-La Liga,2026-05-23 19:00:00,Real Madrid,Athletic Club,,,SCHEDULED
ESP-La Liga,2026-05-23 19:00:00,Valencia,Barcelona,,,SCHEDULED
ESP-La Liga,2026-05-24 19:00:00,Villarreal,Atletico Madrid,,,SCHEDULED
FRA-Ligue 1,2025-08-15 18:45:00,Rennes,Marseille,,,SCHEDULED
FRA-Ligue 1,2025-08-16 15:00:00,Lens,Lyon,,,SCHEDULED
FRA-Ligue 1,2025-08-16 17:00:00,Monaco,Le Havre,,,SCHEDULED
FRA-Ligue 1,2025-08-16 19:05:00,Nice,Toulouse,,,SCHEDULED
FRA-Ligue 1,2025-08-17 15:15:00,Angers,Paris FC,,,SCHEDULED
FRA-Ligue 1,2025-08-17 15:15:00,Auxerre,Lorient,,,SCHEDULED
FRA-Ligue 1,2025-08-17 13:00:00,Brest,Lille,,,SCHEDULED
FRA-Ligue 1,2025-08-17 15:15:00,Metz,Strasbourg,,,SCHEDULED
FRA-Ligue 1,2025-08-17 18:45:00,Nantes,Paris Saint Germain,,,SCHEDULED
FRA-Ligue 1,2025-08-22 18:45:00,Paris Saint Germain,Angers,,,SCHEDULED
FRA-Ligue 1,2025-08-23 19:05:00,Lyon,Metz,,,SCHEDULED
FRA-Ligue 1,2025-08-23 15:00:00,Marseille,Paris FC,,,SCHEDULED
FRA-Ligue 1,2025-08-23 17:00:00,Nice,Auxerre,,,SCHEDULED
FRA-Ligue 1,2025-08-24 15:15:00,Le Havre,Lens,,,SCHEDULED
FRA-Ligue 1,2025-08-24 18:45:00,Lille,Monaco,,,SCHEDULED
FRA-Ligue 1,2025-08-24 13:00:00,Lorient,Rennes,,,SCHEDULED
FRA-Ligue 1,2025-08-24 15:15:00,Strasbourg,Nantes,,,SCHEDULED
FRA-Ligue 1,2025-08-24 15:15:00,Toulouse,Brest,,,SCHEDULED
FRA-Ligue 1,2025-08-29 18:45:00,Lens,Brest,,,SCHEDULED
FRA-Ligue 1,2025-08-30 15:00:00,Lorient,Lille,,,SCHEDULED
FRA-Ligue 1,2025-08-30 17:00:00,Nantes,Auxerre,,,SCHEDULED
FRA-Ligue 1,2025-08-30 19:05:00,Toulouse,Paris Saint Germain,,,SCHEDULED
FRA-Ligue 1,2025-08-31 13:00:00,Angers,Rennes,,,SCHEDULED
FRA-Ligue 1,2025-08-31 15:15:00,Le Havre,Nice,,,SCHEDULED
FRA-Ligue 1,2025-08-31 18:45:00,Lyon,Marseille,,,SCHEDULED
FRA-Ligue 1,2025-08-31 15:15:00,Monaco,Strasbourg,,,SCHEDULED
FRA-Ligue 1,2025-08-31 15:15:00,Paris FC,Metz,,,SCHEDULED
FRA-Ligue 1,2025-09-12 18:45:00,Marseille,Lorient,,,SCHEDULED
FRA-Ligue 1,2025-09-13 19:05:00,Auxerre,Monaco,,,SCHEDULED
FRA-Ligue 1,2025-09-13 15:00:00,Nice,Nantes,,,SCHEDULED
FRA-Ligue 1,2025-09-14 15:15:00,Brest,Paris FC,,,SCHEDULED
FRA-Ligue 1,2025-09-14 13:00:00,Lille,Toulouse,,,SCHEDULED
FRA-Ligue 1,2025-09-14 15:15:00,Metz,Angers,,,SCHEDULED
FRA-Ligue 1,2025-09-14 15:15:00,Paris Saint Germain,Lens,,,SCHEDULED
FRA-Ligue 1,2025-09-14 18:45:00,Rennes,Lyon,,,SCHEDULED
FRA-Ligue 1,2025-09-14 15:15:00,Strasbourg,Le Havre,,,SCHEDULED
FRA-Ligue 1,2025-09-19 18:45:00,Lyon,Angers,,,SCHEDULED
FRA-Ligue 1,2025-09-20 17:00:00,Brest,Nice,,,SCHEDULED
FRA-Ligue 1,2025-09-20 19:05:00,Lens,Lille,,,SCHEDULED
FRA-Ligue 1,2025-09-20 15:00:00,Nantes,Rennes,,,SCHEDULED
FRA-Ligue 1,2025-09-21 15:15:00,Auxerre,Toulouse,,,SCHEDULED
FRA-Ligue 1,2025-09-21 15:15:00,Le Havre,Lorient,,,SCHEDULED
FRA-Ligue 1,2025-09-21 15:15:00,Monaco,Metz,,,SCHEDULED
FRA-Ligue 1,2025-09-21 13:00:00,Paris FC,Strasbourg,,,SCHEDULED
FRA-Ligue 1,2025-09-22 18:45:00,Marseille,Paris Saint Germain,,,SCHEDULED
FRA-Ligue 1,2025-09-26 18:45:00,Strasbourg,Marseille,,,SCHEDULED
FRA-Ligue 1,2025-09-27 15:00:00,Lorient,Monaco,,,SCHEDULED
FRA-Ligue 1,2025-09-27 19:05:00,Paris Saint Germain,Auxerre,,,SCHEDULED
FRA-Ligue 1,2025-09-27 17:00:00,Toulouse,Nantes,,,SCHEDULED
FRA-Ligue 1,2025-09-28 15:15:00,Angers,Brest,,,SCHEDULED
FRA-Ligue 1,2025-09-28 15:15:00,Lille,Lyon,,,SCHEDULED
FRA-Ligue 1,2025-09-28 15:15:00,Metz,Le Havre,,,SCHEDULED
FRA-Ligue 1,2025-09-28 13:00:00,Nice,Paris FC,,,SCHEDULED
FRA-Ligue 1,2025-09-28 18:45:00,Rennes,Lens,,,SCHEDULED
FRA-Ligue 1,2025-10-03 18:45:00,Paris FC,Lorient,,,SCHEDULED
FRA-Ligue 1,2025-10-04 19:05:00,Auxerre,Lens,,,SCHEDULED
FRA-Ligue 1,2025-10-04 17:00:00,Brest,Nantes,,,SCHEDULED
FRA-Ligue 1,2025-10-04 15:00:00,Metz,Marseille,,,SCHEDULED
FRA-Ligue 1,2025-10-05 15:15:00,Le Havre,Rennes,,,SCHEDULED
FRA-Ligue 1,2025-10-05 18:45:00,Lille,Paris Saint Germain,,,SCHEDULED
FRA-Ligue 1,2025-10-05 13:00:00,Lyon,Toulouse,,,SCHEDULED
FRA-Ligue 1,2025-10-05 15:15:00,Monaco,Nice,,,SCHEDULED
FRA-Ligue 1,2025-10-05 15:15:00,Strasbourg,Angers,,,SCHEDULED
FRA-Ligue 1,2025-10-17 18:45:00,Paris Saint Germain,Strasbourg,,,SCHEDULED
FRA-Ligue 1,2025-10-18 17:00:00,Angers,Monaco,,,SCHEDULED
FRA-Ligue 1,2025-10-18 19:05:00,Marseille,Le Havre,,,SCHEDULED
FRA-Ligue 1,2025-10-18 15:00:00,Nice,Lyon,,,SCHEDULED
FRA-Ligue 1,2025-10-19 13:00:00,Lens,Paris FC,,,SCHEDULED
FRA-Ligue 1,2025-10-19 15:15:00,Lorient,Brest,,,SCHEDULED
FRA-Ligue 1,2025-10-19 18:45:00,Nantes,Lille,,,SCHEDULED
FRA-Ligue 1,2025-10-19 15:15:00,Rennes,Auxerre,,,SCHEDULED
FRA-Ligue 1,2025-10-19 15:15:00,Toulouse,Metz,,,SCHEDULED
FRA-Ligue 1,2025-10-24 18:45:00,Paris FC,Nantes,,,SCHEDULED
FRA-Ligue 1,2025-10-25 15:00:00,Brest,Paris Saint Germain,,,SCHEDULED
FRA-Ligue 1,2025-10-25 19:05:00,Lens,Marseille,,,SCHEDULED
FRA-Ligue 1,2025-10-25 17:00:00,Monaco,Toulouse,,,SCHEDULED
FRA-Ligue 1,2025-10-26 15:15:00,Angers,Lorient,,,SCHEDULED
FRA-Ligue 1,2025-10-26 15:15:00,Auxerre,Le Havre,,,SCHEDULED
FRA-Ligue 1,2025-10-26 13:00:00,Lille,Metz,,,SCHEDULED
FRA-Ligue 1,2025-10-26 18:45:00,Lyon,Strasbourg,,,SCHEDULED
FRA-Ligue 1,2025-10-26 15:15:00,Rennes,Nice,,,SCHEDULED
FRA-Ligue 1,2025-10-29 17:00:00,Le Havre,Brest,,,SCHEDULED
FRA-Ligue 1,2025-10-29 17:00:00,Lorient,Paris Saint Germain,,,SCHEDULED
FRA-Ligue 1,2025-10-29 19:05:00,Marseille,Angers,,,SCHEDULED
FRA-Ligue 1,2025-10-29 17:00:00,Metz,Lens,,,SCHEDULED
FRA-Ligue 1,2025-10-29 19:05:00,Nantes,Monaco,,,SCHEDULED
FRA-Ligue 1,2025-10-29 17:00:00,Nice,Lille,,,SCHEDULED
FRA-Ligue 1,2025-10-29 19:05:00,Paris FC,Lyon,,,SCHEDULED
FRA-Ligue 1,2025-10-29 19:05:00,Strasbourg,Auxerre,,,SCHEDULED
FRA-Ligue 1,2025-10-29 19:05:00,Toulouse,Rennes,,,SCHEDULED
FRA-Ligue 1,2025-11-01 20:05:00,Auxerre,Marseille,,,SCHEDULED
FRA-Ligue 1,2025-11-01 18:00:00,Monaco,Paris FC,,,SCHEDULED
FRA-Ligue 1,2025-11-01 16:00:00,Paris Saint Germain,Nice,,,SCHEDULED
FRA-Ligue 1,2025-11-02 19:45:00,Brest,Lyon,,,SCHEDULED
FRA-Ligue 1,2025-11-02 16:15:00,Lens,Lorient,,,SCHEDULED
FRA-Ligue 1,2025-11-02 16:15:00,Lille,Angers,,,SCHEDULED
FRA-Ligue 1,2025-11-02 16:15:00,Nantes,Metz,,,SCHEDULED
FRA-Ligue 1,2025-11-02 14:00:00,Rennes,Strasbourg,,,SCHEDULED
FRA-Ligue 1,2025-11-02 16:15:00,Toulouse,Le Havre,,,SCHEDULED
FRA-Ligue 1,2025-11-07 19:45:00,Paris FC,Rennes,,,SCHEDULED
FRA-Ligue 1,2025-11-08 18:00:00,Le Havre,Nantes,,,SCHEDULED
FRA-Ligue 1,2025-11-08 16:00:00,Marseille,Brest,,,SCHEDULED
FRA-Ligue 1,2025-11-08 20:05:00,Monaco,Lens,,,SCHEDULED
FRA-Ligue 1,2025-11-09 16:15:00,Angers,Auxerre,,,SCHEDULED
FRA-Ligue 1,2025-11-09 14:00:00,Lorient,Toulouse,,,SCHEDULED
FRA-Ligue 1,2025-11-09 19:45:00,Lyon,Paris Saint Germain,,,SCHEDULED
FRA-Ligue 1,2025-11-09 16:15:00,Metz,Nice,,,SCHEDULED
FRA-Ligue 1,2025-11-09 16:15:00,Strasbourg,Lille,,,SCHEDULED
FRA-Ligue 1,2025-11-21 19:45:00,Nice,Marseille,,,SCHEDULED
FRA-Ligue 1,2025-11-22 16:00:00,Lens,Strasbourg,,,SCHEDULED
FRA-Ligue 1,2025-11-22 20:05:00,Paris Saint Germain,Le Havre,,,SCHEDULED
FRA-Ligue 1,2025-11-22 18:00:00,Rennes,Monaco,,,SCHEDULED
FRA-Ligue 1,2025-11-23 14:00:00,Auxerre,Lyon,,,SCHEDULED
FRA-Ligue 1,2025-11-23 16:15:00,Brest,Metz,,,SCHEDULED
FRA-Ligue 1,2025-11-23 19:45:00,Lille,Paris FC,,,SCHEDULED
FRA-Ligue 1,2025-11-23 16:15:00,Nantes,Lorient,,,SCHEDULED
FRA-Ligue 1,2025-11-23 16:15:00,Toulouse,Angers,,,SCHEDULED
FRA-Ligue 1,2025-11-28 19:45:00,Metz,Rennes,,,SCHEDULED
FRA-Ligue 1,2025-11-29 20:05:00,Marseille,Toulouse,,,SCHEDULED
FRA-Ligue 1,2025-11-29 16:00:00,Monaco,Paris Saint Germain,,,SCHEDULED
FRA-Ligue 1,2025-11-29 18:00:00,Paris FC,Auxerre,,,SCHEDULED
FRA-Ligue 1,2025-11-30 16:15:00,Angers,Lens,,,SCHEDULED
FRA-Ligue 1,2025-11-30 16:15:00,Le Havre,Lille,,,SCHEDULED
FRA-Ligue 1,2025-11-30 16:15:00,Lorient,Nice,,,SCHEDULED
FRA-Ligue 1,2025-11-30 19:45:00,Lyon,Nantes,,,SCHEDULED
FRA-Ligue 1,2025-11-30 14:00:00,Strasbourg,Brest,,,SCHEDULED
FRA-Ligue 1,2025-12-05 18:00:00,Brest,Monaco,,,SCHEDULED
FRA-Ligue 1,2025-12-05 20:00:00,Lille,Marseille,,,SCHEDULED
FRA-Ligue 1,2025-12-06 16:00:00,Nantes,Lens,,,SCHEDULED
FRA-Ligue 1,2025-12-06 20:05:00,Paris Saint Germain,Rennes,,,SCHEDULED
FRA-Ligue 1,2025-12-06 18:00:00,Toulouse,Strasbourg,,,SCHEDULED
FRA-Ligue 1,2025-12-07 16:15:00,Auxerre,Metz,,,SCHEDULED
FRA-Ligue 1,2025-12-07 16:15:00,Le Havre,Paris FC,,,SCHEDULED
FRA-Ligue 1,2025-12-07 19:45:00,Lorient,Lyon,,,SCHEDULED
FRA-Ligue 1,2025-12-07 14:00:00,Nice,Angers,,,SCHEDULED
FRA-Ligue 1,2025-12-12 19:45:00,Angers,Nantes,,,SCHEDULED
FRA-Ligue 1,2025-12-13 18:00:00,Metz,Paris Saint Germain,,,SCHEDULED
FRA-Ligue 1,2025-12-13 20:05:00,Paris FC,Toulouse,,,SCHEDULED
FRA-Ligue 1,2025-12-13 16:00:00,Rennes,Brest,,,SCHEDULED
FRA-Ligue 1,2025-12-14 16:15:00,Auxerre,Lille,,,SCHEDULED
FRA-Ligue 1,2025-12-14 16:15:00,Lens,Nice,,,SCHEDULED
FRA-Ligue 1,2025-12-14 14:00:00,Lyon,Le Havre,,,SCHEDULED
FRA-Ligue 1,2025-12-14 19:45:00,Marseille,Monaco,,,SCHEDULED
FRA-Ligue 1,2025-12-14 16:15:00,Strasbourg,Lorient,,,SCHEDULED
FRA-Ligue 1,2026-01-02 19:45:00,Toulouse,Lens,,,SCHEDULED
FRA-Ligue 1,2026-01-03 20:05:00,Lille,Rennes,,,SCHEDULED
FRA-Ligue 1,2026-01-03 16:00:00,Monaco,Lyon,,,SCHEDULED
FRA-Ligue 1,2026-01-03 18:00:00,Nice,Strasbourg,,,SCHEDULED
FRA-Ligue 1,2026-01-04 16:15:00,Brest,Auxerre,,,SCHEDULED
FRA-Ligue 1,2026-01-04 16:15:00,Le Havre,Angers,,,SCHEDULED
FRA-Ligue 1,2026-01-04 16:15:00,Lorient,Metz,,,SCHEDULED
FRA-Ligue 1,2026-01-04 14:00:00,Marseille,Nantes,,,SCHEDULED
FRA-Ligue 1,2026-01-04 19:45:00,Paris Saint Germain,Paris FC,,,SCHEDULED
FRA-Ligue 1,2026-01-16 18:00:00,Monaco,Lorient,,,SCHEDULED
FRA-Ligue 1,2026-01-16 20:00:00,Paris Saint Germain,Lille,,,SCHEDULED
FRA-Ligue 1,2026-01-17 20:05:00,Angers,Marseille,,,SCHEDULED
FRA-Ligue 1,2026-01-17 16:00:00,Lens,Auxerre,,,SCHEDULED
FRA-Ligue 1,2026-01-17 18:00:00,Toulouse,Nice,,,SCHEDULED
FRA-Ligue 1,2026-01-18 19:45:00,Lyon,Brest,,,SCHEDULED
FRA-Ligue 1,2026-01-18 16:15:00,Nantes,Paris FC,,,SCHEDULED
FRA-Ligue 1,2026-01-18 16:15:00,Rennes,Le Havre,,,SCHEDULED
FRA-Ligue 1,2026-01-18 14:00:00,Strasbourg,Metz,,,SCHEDULED
FRA-Ligue 1,2026-01-23 19:00:00,Auxerre,Paris Saint Germain,,,SCHEDULED
FRA-Ligue 1,2026-01-24 18:00:00,Le Havre,Monaco,,,SCHEDULED
FRA-Ligue 1,2026-01-24 20:05:00,Marseille,Lens,,,SCHEDULED
FRA-Ligue 1,2026-01-24 16:00:00,Rennes,Lorient,,,SCHEDULED
FRA-Ligue 1,2026-01-25 16:15:00,Brest,Toulouse,,,SCHEDULED
FRA-Ligue 1,2026-01-25 19:45:00,Lille,Strasbourg,,,SCHEDULED
FRA-Ligue 1,2026-01-25 16:15:00,Metz,Lyon,,,SCHEDULED
FRA-Ligue 1,2026-01-25 14:00:00,Nantes,Nice,,,SCHEDULED
FRA-Ligue 1,2026-01-25 16:15:00,Paris FC,Angers,,,SCHEDULED
FRA-Ligue 1,2026-01-30 19:45:00,Lens,Le Havre,,,SCHEDULED
FRA-Ligue 1,2026-01-31 18:00:00,Lorient,Nantes,,,SCHEDULED
FRA-Ligue 1,2026-01-31 20:05:00,Monaco,Rennes,,,SCHEDULED
FRA-Ligue 1,2026-01-31 16:00:00,Paris FC,Marseille,,,SCHEDULED
FRA-Ligue 1,2026-02-01 16:15:00,Angers,Metz,,,SCHEDULED
FRA-Ligue 1,2026-02-01 14:00:00,Lyon,Lille,,,SCHEDULED
FRA-Ligue 1,2026-02-01 16:15:00,Nice,Brest,,,SCHEDULED
FRA-Ligue 1,2026-02-01 19:45:00,Strasbourg,Paris Saint Germain,,,SCHEDULED
FRA-Ligue 1,2026-02-01 16:15:00,Toulouse,Auxerre,,,SCHEDULED
FRA-Ligue 1,2026-02-08 16:15:00,Angers,Toulouse,,,SCHEDULED
FRA-Ligue 1,2026-02-08 16:15:00,Auxerre,Paris FC,,,SCHEDULED
FRA-Ligue 1,2026-02-08 14:00:00,Brest,Lorient,,,SCHEDULED
FRA-Ligue 1,2026-02-08 16:15:00,Le Havre,Strasbourg,,,SCHEDULED
FRA-Ligue 1,2026-02-08 14:00:00,Lens,Rennes,,,SCHEDULED
FRA-Ligue 1,2026-02-08 14:00:00,Metz,Lille,,,SCHEDULED
FRA-Ligue 1,2026-02-08 14:00:00,Nantes,Lyon,,,SCHEDULED
FRA-Ligue 1,2026-02-08 14:00:00,Nice,Monaco,,,SCHEDULED
FRA-Ligue 1,2026-02-08 19:45:00,Paris Saint Germain,Marseille,,,SCHEDULED
FRA-Ligue 1,2026-02-13 20:05:00,Monaco,Nantes,,,SCHEDULED
FRA-Ligue 1,2026-02-13 18:00:00,Rennes,Paris Saint Germain,,,SCHEDULED
FRA-Ligue 1,2026-02-14 18:00:00,Lille,Brest,,,SCHEDULED
FRA-Ligue 1,2026-02-14 16:00:00,Marseille,Strasbourg,,,SCHEDULED
FRA-Ligue 1,2026-02-14 20:05:00,Paris FC,Lens,,,SCHEDULED
FRA-Ligue 1,2026-02-15 14:00:00,Le Havre,Toulouse,,,SCHEDULED
FRA-Ligue 1,2026-02-15 16:15:00,Lorient,Angers,,,SCHEDULED
FRA-Ligue 1,2026-02-15 19:45:00,Lyon,Nice,,,SCHEDULED
FRA-Ligue 1,2026-02-15 16:15:00,Metz,Auxerre,,,SCHEDULED
FRA-Ligue 1,2026-02-20 19:45:00,Brest,Marseille,,,SCHEDULED
FRA-Ligue 1,2026-02-21 16:00:00,Lens,Monaco,,,SCHEDULED
FRA-Ligue 1,2026-02-21 20:05:00,Paris Saint Germain,Metz,,,SCHEDULED
FRA-Ligue 1,2026-02-21 18:00:00,Toulouse,Paris FC,,,SCHEDULED
FRA-Ligue 1,2026-02-22 16:15:00,Angers,Lille,,,SCHEDULED
FRA-Ligue 1,2026-02-22 14:00:00,Auxerre,Rennes,,,SCHEDULED
FRA-Ligue 1,2026-02-22 16:15:00,Nantes,Le Havre,,,SCHEDULED
FRA-Ligue 1,2026-02-22 16:15:00,Nice,Lorient,,,SCHEDULED
FRA-Ligue 1,2026-02-22 19:45:00,Strasbourg,Lyon,,,SCHEDULED
FRA-Ligue 1,2026-02-27 19:45:00,Strasbourg,Lens,,,SCHEDULED
FRA-Ligue 1,2026-02-28 20:05:00,Le Havre,Paris Saint Germain,,,SCHEDULED
FRA-Ligue 1,2026-02-28 18:00:00,Monaco,Angers,,,SCHEDULED
FRA-Ligue 1,2026-02-28 16:00:00,Rennes,Toulouse,,,SCHEDULED
FRA-Ligue 1,2026-03-01 16:15:00,Lille,Nantes,,,SCHEDULED
FRA-Ligue 1,2026-03-01 16:15:00,Lorient,Auxerre,,,SCHEDULED
FRA-Ligue 1,2026-03-01 19:45:00,Marseille,Lyon,,,SCHEDULED
FRA-Ligue 1,2026-03-01 16:15:00,Metz,Brest,,,SCHEDULED
FRA-Ligue 1,2026-03-01 14:00:00,Paris FC,Nice,,,SCHEDULED
FRA-Ligue 1,2026-03-06 19:45:00,Paris Saint Germain,Monaco,,,SCHEDULED
FRA-Ligue 1,2026-03-07 18:00:00,Auxerre,Strasbourg,,,SCHEDULED
FRA-Ligue 1,2026-03-07 16:00:00,Nantes,Angers,,,SCHEDULED
FRA-Ligue 1,2026-03-07 20:05:00,Toulouse,Marseille,,,SCHEDULED
FRA-Ligue 1,2026-03-08 16:15:00,Brest,Le Havre,,,SCHEDULED
FRA-Ligue 1,2026-03-08 14:00:00,Lens,Metz,,,SCHEDULED
FRA-Ligue 1,2026-03-08 16:15:00,Lille,Lorient,,,SCHEDULED
FRA-Ligue 1,2026-03-08 19:45:00,Lyon,Paris FC,,,SCHEDULED
FRA-Ligue 1,2026-03-08 16:15:00,Nice,Rennes,,,SCHEDULED
FRA-Ligue 1,2026-03-13 19:45:00,Marseille,Auxerre,,,SCHEDULED
FRA-Ligue 1,2026-03-14 18:00:00,Angers,Nice,,,SCHEDULED
FRA-Ligue 1,2026-03-14 16:00:00,Lorient,Lens,,,SCHEDULED
FRA-Ligue 1,2026-03-14 20:05:00,Monaco,Brest,,,SCHEDULED
FRA-Ligue 1,2026-03-15 16:15:00,Le Havre,Lyon,,,SCHEDULED
FRA-Ligue 1,2026-03-15 16:15:00,Metz,Toulouse,,,SCHEDULED
FRA-Ligue 1,2026-03-15 19:45:00,Rennes,Lille,,,SCHEDULED
FRA-Ligue 1,2026-03-15 14:00:00,Strasbourg,Paris FC,,,SCHEDULED
FRA-Ligue 1,2026-03-20 19:45:00,Lens,Angers,,,SCHEDULED
FRA-Ligue 1,2026-03-21 18:00:00,Auxerre,Brest,,,SCHEDULED
FRA-Ligue 1,2026-03-21 20:05:00,Nice,Paris Saint Germain,,,SCHEDULED
FRA-Ligue 1,2026-03-21 16:00:00,Toulouse,Lorient,,,SCHEDULED
FRA-Ligue 1,2026-03-22 14:00:00,Lyon,Monaco,,,SCHEDULED
FRA-Ligue 1,2026-03-22 16:15:00,Marseille,Lille,,,SCHEDULED
FRA-Ligue 1,2026-03-22 19:45:00,Nantes,Strasbourg,,,SCHEDULED
FRA-Ligue 1,2026-03-22 16:15:00,Paris FC,Le Havre,,,SCHEDULED
FRA-Ligue 1,2026-03-22 16:15:00,Rennes,Metz,,,SCHEDULED
FRA-Ligue 1,2026-04-03 18:45:00,Paris Saint Germain,Toulouse,,,SCHEDULED
FRA-Ligue 1,2026-04-04 17:00:00,Brest,Rennes,,,SCHEDULED
FRA-Ligue 1,2026-04-04 19:05:00,Lille,Lens,,,SCHEDULED
FRA-Ligue 1,2026-04-04 15:00:00,Strasbourg,Nice,,,SCHEDULED
FRA-Ligue 1,2026-04-05 13:00:00,Angers,Lyon,,,SCHEDULED
FRA-Ligue 1,2026-04-05 15:15:00,Le Havre,Auxerre,,,SCHEDULED
FRA-Ligue 1,2026-04-05 15:15:00,Lorient,Paris FC,,,SCHEDULED
FRA-Ligue 1,2026-04-05 15:15:00,Metz,Nantes,,,SCHEDULED
FRA-Ligue 1,2026-04-05 18:45:00,Monaco,Marseille,,,SCHEDULED
FRA-Ligue 1,2026-04-10 19:05:00,Marseille,Metz,,,SCHEDULED
FRA-Ligue 1,2026-04-10 17:00:00,Paris FC,Monaco,,,SCHEDULED
FRA-Ligue 1,2026-04-11 17:00:00,Auxerre,Nantes,,,SCHEDULED
FRA-Ligue 1,2026-04-11 19:05:00,Rennes,Angers,,,SCHEDULED
FRA-Ligue 1,2026-04-12 18:45:00,Lyon,Lorient,,,SCHEDULED
FRA-Ligue 1,2026-04-12 15:15:00,Nice,Le Havre,,,SCHEDULED
FRA-Ligue 1,2026-04-12 15:15:00,Toulouse,Lille,,,SCHEDULED
FRA-Ligue 1,2026-04-17 18:45:00,Lens,Toulouse,,,SCHEDULED
FRA-Ligue 1,2026-04-18 17:00:00,Angers,Le Havre,,,SCHEDULED
FRA-Ligue 1,2026-04-18 19:05:00,Lille,Nice,,,SCHEDULED
FRA-Ligue 1,2026-04-18 15:00:00,Lorient,Marseille,,,SCHEDULED
FRA-Ligue 1,2026-04-19 15:15:00,Metz,Paris FC,,,SCHEDULED
FRA-Ligue 1,2026-04-19 13:00:00,Monaco,Auxerre,,,SCHEDULED
FRA-Ligue 1,2026-04-19 15:15:00,Nantes,Brest,,,SCHEDULED
FRA-Ligue 1,2026-04-19 18:45:00,Paris Saint Germain,Lyon,,,SCHEDULED
FRA-Ligue 1,2026-04-19 15:15:00,Strasbourg,Rennes,,,SCHEDULED
FRA-Ligue 1,2026-04-22 18:00:00,Paris Saint Germain,Nantes,,,SCHEDULED
FRA-Ligue 1,2026-04-24 18:45:00,Brest,Lens,,,SCHEDULED
FRA-Ligue 1,2026-04-25 17:00:00,Angers,Paris Saint Germain,,,SCHEDULED
FRA-Ligue 1,2026-04-25 13:00:00,Lyon,Auxerre,,,SCHEDULED
FRA-Ligue 1,2026-04-25 19:05:00,Toulouse,Monaco,,,SCHEDULED
FRA-Ligue 1,2026-04-26 15:15:00,Le Havre,Metz,,,SCHEDULED
FRA-Ligue 1,2026-04-26 13:00:00,Lorient,Strasbourg,,,SCHEDULED
FRA-Ligue 1,2026-04-26 18:45:00,Marseille,Nice,,,SCHEDULED
FRA-Ligue 1,2026-04-26 15:15:00,Paris FC,Lille,,,SCHEDULED
FRA-Ligue 1,2026-04-26 15:15:00,Rennes,Nantes,,,SCHEDULED
FRA-Ligue 1,2026-05-03 15:15:00,Auxerre,Angers,,,SCHEDULED
FRA-Ligue 1,2026-05-03 13:00:00,Lille,Le Havre,,,SCHEDULED
FRA-Ligue 1,2026-05-03 18:45:00,Lyon,Rennes,,,SCHEDULED
FRA-Ligue 1,2026-05-03 13:00:00,Metz,Monaco,,,SCHEDULED
FRA-Ligue 1,2026-05-03 13:00:00,Nantes,Marseille,,,SCHEDULED
FRA-Ligue 1,2026-05-03 13:00:00,Nice,Lens,,,SCHEDULED
FRA-Ligue 1,2026-05-03 15:15:00,Paris FC,Brest,,,SCHEDULED
FRA-Ligue 1,2026-05-03 13:00:00,Paris Saint Germain,Lorient,,,SCHEDULED
FRA-Ligue 1,2026-05-03 15:15:00,Strasbourg,Toulouse,,,SCHEDULED
FRA-Ligue 1,2026-05-08 18:45:00,Lens,Nantes,,,SCHEDULED
FRA-Ligue 1,2026-05-10 19:00:00,Angers,Strasbourg,,,SCHEDULED
FRA-Ligue 1,2026-05-10 19:00:00,Auxerre,Nice,,,SCHEDULED
FRA-Ligue 1,2026-05-10 19:00:00,Le Havre,Marseille,,,SCHEDULED
FRA-Ligue 1,2026-05-10 19:00:00,Metz,Lorient,,,SCHEDULED
FRA-Ligue 1,2026-05-10 19:00:00,Monaco,Lille,,,SCHEDULED
FRA-Ligue 1,2026-05-10 19:00:00,Paris Saint Germain,Brest,,,SCHEDULED
FRA-Ligue 1,2026-05-10 19:00:00,Rennes,Paris FC,,,SCHEDULED
FRA-Ligue 1,2026-05-10 19:00:00,Toulouse,Lyon,,,SCHEDULED
FRA-Ligue 1,2026-05-13 17:00:00,Brest,Strasbourg,,,SCHEDULED
FRA-Ligue 1,2026-05-13 19:00:00,Lens,Paris Saint Germain,,,SCHEDULED
FRA-Ligue 1,2026-05-17 19:00:00,Brest,Angers,,,SCHEDULED
FRA-Ligue 1,2026-05-17 19:00:00,Lille,Auxerre,,,SCHEDULED
FRA-Ligue 1,2026-05-17 19:00:00,Lorient,Le Havre,,,SCHEDULED
FRA-Ligue 1,2026-05-17 19:00:00,Lyon,Lens,,,SCHEDULED
FRA-Ligue 1,2026-05-17 19:00:00,Marseille,Rennes,,,SCHEDULED
FRA-Ligue 1,2026-05-17 18:00:00,Nantes,Toulouse,,,SCHEDULED
FRA-Ligue 1,2026-05-17 19:00:00,Nice,Metz,,,SCHEDULED
FRA-Ligue 1,2026-05-17 19:00:00,Paris FC,Paris Saint Germain,,,SCHEDULED
FRA-Ligue 1,2026-05-17 19:00:00,Strasbourg,Monaco,,,SCHEDULED
GER-Bundesliga,2025-08-22 18:30:00,Bayern Munich,RasenBallsport Leipzig,,,SCHEDULED
GER-Bundesliga,2025-08-23 13:30:00,Bayer Leverkusen,Hoffenheim,,,SCHEDULED
GER-Bundesliga,2025-08-23 13:30:00,Eintracht Frankfurt,Werder Bremen,,,SCHEDULED
GER-Bundesliga,2025-08-23 13:30:00,FC Heidenheim,Wolfsburg,,,SCHEDULED
GER-Bundesliga,2025-08-23 13:30:00,Freiburg,Augsburg,,,SCHEDULED
GER-Bundesliga,2025-08-23 16:30:00,St. Pauli,Borussia Dortmund,,,SCHEDULED
GER-Bundesliga,2025-08-23 13:30:00,Union Berlin,VfB Stuttgart,,,SCHEDULED
GER-Bundesliga,2025-08-24 15:30:00,Borussia M.Gladbach,Hamburger SV,,,SCHEDULED
GER-Bundesliga,2025-08-24 13:30:00,Mainz 05,FC Cologne,,,SCHEDULED
GER-Bundesliga,2025-08-29 18:30:00,Hamburger SV,St. Pauli,,,SCHEDULED
GER-Bundesliga,2025-08-30 16:30:00,Augsburg,Bayern Munich,,,SCHEDULED
GER-Bundesliga,2025-08-30 13:30:00,Hoffenheim,Eintracht Frankfurt,,,SCHEDULED
GER-Bundesliga,2025-08-30 13:30:00,RasenBallsport Leipzig,FC Heidenheim,,,SCHEDULED
GER-Bundesliga,2025-08-30 13:30:00,VfB Stuttgart,Borussia M.Gladbach,,,SCHEDULED
GER-Bundesliga,2025-08-30 13:30:00,Werder Bremen,Bayer Leverkusen,,,SCHEDULED
GER-Bundesliga,2025-08-31 15:30:00,Borussia Dortmund,Union Berlin,,,SCHEDULED
GER-Bundesliga,2025-08-31 17:30:00,FC Cologne,Freiburg,,,SCHEDULED
GER-Bundesliga,2025-08-31 13:30:00,Wolfsburg,Mainz 05,,,SCHEDULED
GER-Bundesliga,2025-09-12 18:30:00,Bayer Leverkusen,Eintracht Frankfurt,,,SCHEDULED
GER-Bundesliga,2025-09-13 16:30:00,Bayern Munich,Hamburger SV,,,SCHEDULED
GER-Bundesliga,2025-09-13 13:30:00,FC Heidenheim,Borussia Dortmund,,,SCHEDULED
GER-Bundesliga,2025-09-13 13:30:00,Freiburg,VfB Stuttgart,,,SCHEDULED
GER-Bundesliga,2025-09-13 13:30:00,Mainz 05,RasenBallsport Leipzig,,,SCHEDULED
GER-Bundesliga,2025-09-13 13:30:00,Union Berlin,Hoffenheim,,,SCHEDULED
GER-Bundesliga,2025-09-13 13:30:00,Wolfsburg,FC Cologne,,,SCHEDULED
GER-Bundesliga,2025-09-14 15:30:00,Borussia M.Gladbach,Werder Bremen,,,SCHEDULED
GER-Bundesliga,2025-09-14 13:30:00,St. Pauli,Augsburg,,,SCHEDULED
GER-Bundesliga,2025-09-19 18:30:00,VfB Stuttgart,St. Pauli,,,SCHEDULED
GER-Bundesliga,2025-09-20 13:30:00,Augsburg,Mainz 05,,,SCHEDULED
GER-Bundesliga,2025-09-20 13:30:00,Hamburger SV,FC Heidenheim,,,SCHEDULED
GER-Bundesliga,2025-09-20 13:30:00,Hoffenheim,Bayern Munich,,,SCHEDULED
GER-Bundesliga,2025-09-20 16:30:00,RasenBallsport Leipzig,FC Cologne,,,SCHEDULED
GER-Bundesliga,2025-09-20 13:30:00,Werder Bremen,Freiburg,,,SCHEDULED
GER-Bundesliga,2025-09-21 15:30:00,Bayer Leverkusen,Borussia M.Gladbach,,,SCHEDULED
GER-Bundesliga,2025-09-21 17:30:00,Borussia Dortmund,Wolfsburg,,,SCHEDULED
GER-Bundesliga,2025-09-21 13:30:00,Eintracht Frankfurt,Union Berlin,,,SCHEDULED
GER-Bundesliga,2025-09-26 18:30:00,Bayern Munich,Werder Bremen,,,SCHEDULED
GER-Bundesliga,2025-09-27 16:30:00,Borussia M.Gladbach,Eintracht Frankfurt,,,SCHEDULED
GER-Bundesliga,2025-09-27 13:30:00,FC Heidenheim,Augsburg,,,SCHEDULED
GER-Bundesliga,2025-09-27 13:30:00,Mainz 05,Borussia Dortmund,,,SCHEDULED
GER-Bundesliga,2025-09-27 13:30:00,St. Pauli,Bayer Leverkusen,,,SCHEDULED
GER-Bundesliga,2025-09-27 13:30:00,Wolfsburg,RasenBallsport Leipzig,,,SCHEDULED
GER-Bundesliga,2025-09-28 15:30:00,FC Cologne,VfB Stuttgart,,,SCHEDULED
GER-Bundesliga,2025-09-28 13:30:00,Freiburg,Hoffenheim,,,SCHEDULED
GER-Bundesliga,2025-09-28 17:30:00,Union Berlin,Hamburger SV,,,SCHEDULED
GER-Bundesliga,2025-10-03 18:30:00,Hoffenheim,FC Cologne,,,SCHEDULED
GER-Bundesliga,2025-10-04 13:30:00,Augsburg,Wolfsburg,,,SCHEDULED
GER-Bundesliga,2025-10-04 13:30:00,Bayer Leverkusen,Union Berlin,,,SCHEDULED
GER-Bundesliga,2025-10-04 13:30:00,Borussia Dortmund,RasenBallsport Leipzig,,,SCHEDULED
GER-Bundesliga,2025-10-04 16:30:00,Eintracht Frankfurt,Bayern Munich,,,SCHEDULED
GER-Bundesliga,2025-10-04 13:30:00,Werder Bremen,St. Pauli,,,SCHEDULED
GER-Bundesliga,2025-10-05 17:30:00,Borussia M.Gladbach,Freiburg,,,SCHEDULED
GER-Bundesliga,2025-10-05 15:30:00,Hamburger SV,Mainz 05,,,SCHEDULED
GER-Bundesliga,2025-10-05 13:30:00,VfB Stuttgart,FC Heidenheim,,,SCHEDULED
GER-Bundesliga,2025-10-17 18:30:00,Union Berlin,Borussia M.Gladbach,,,SCHEDULED
GER-Bundesliga,2025-10-18 16:30:00,Bayern Munich,Borussia Dortmund,,,SCHEDULED
GER-Bundesliga,2025-10-18 13:30:00,FC Cologne,Augsburg,,,SCHEDULED
GER-Bundesliga,2025-10-18 13:30:00,FC Heidenheim,Werder Bremen,,,SCHEDULED
GER-Bundesliga,2025-10-18 13:30:00,Mainz 05,Bayer Leverkusen,,,SCHEDULED
GER-Bundesliga,2025-10-18 13:30:00,RasenBallsport Leipzig,Hamburger SV,,,SCHEDULED
GER-Bundesliga,2025-10-18 13:30:00,Wolfsburg,VfB Stuttgart,,,SCHEDULED
GER-Bundesliga,2025-10-19 13:30:00,Freiburg,Eintracht Frankfurt,,,SCHEDULED
GER-Bundesliga,2025-10-19 15:30:00,St. Pauli,Hoffenheim,,,SCHEDULED
GER-Bundesliga,2025-10-24 18:30:00,Werder Bremen,Union Berlin,,,SCHEDULED
GER-Bundesliga,2025-10-25 13:30:00,Augsburg,RasenBallsport Leipzig,,,SCHEDULED
GER-Bundesliga,2025-10-25 16:30:00,Borussia Dortmund,FC Cologne,,,SCHEDULED
GER-Bundesliga,2025-10-25 13:30:00,Borussia M.Gladbach,Bayern Munich,,,SCHEDULED
GER-Bundesliga,2025-10-25 13:30:00,Eintracht Frankfurt,St. Pauli,,,SCHEDULED
GER-Bundesliga,2025-10-25 13:30:00,Hamburger SV,Wolfsburg,,,SCHEDULED
GER-Bundesliga,2025-10-25 13:30:00,Hoffenheim,FC Heidenheim,,,SCHEDULED
GER-Bundesliga,2025-10-26 13:30:00,Bayer Leverkusen,Freiburg,,,SCHEDULED
GER-Bundesliga,2025-10-26 15:30:00,VfB Stuttgart,Mainz 05,,,SCHEDULED
GER-Bundesliga,2025-10-31 19:30:00,Augsburg,Borussia Dortmund,,,SCHEDULED
GER-Bundesliga,2025-11-01 17:30:00,Bayern Munich,Bayer Leverkusen,,,SCHEDULED
GER-Bundesliga,2025-11-01 14:30:00,FC Heidenheim,Eintracht Frankfurt,,,SCHEDULED
GER-Bundesliga,2025-11-01 14:30:00,Mainz 05,Werder Bremen,,,SCHEDULED
GER-Bundesliga,2025-11-01 14:30:00,RasenBallsport Leipzig,VfB Stuttgart,,,SCHEDULED
GER-Bundesliga,2025-11-01 14:30:00,St. Pauli,Borussia M.Gladbach,,,SCHEDULED
GER-Bundesliga,2025-11-01 14:30:00,Union Berlin,Freiburg,,,SCHEDULED
GER-Bundesliga,2025-11-02 14:30:00,FC Cologne,Hamburger SV,,,SCHEDULED
GER-Bundesliga,2025-11-02 16:30:00,Wolfsburg,Hoffenheim,,,SCHEDULED
GER-Bundesliga,2025-11-07 19:30:00,Werder Bremen,Wolfsburg,,,SCHEDULED
GER-Bundesliga,2025-11-08 14:30:00,Bayer Leverkusen,FC Heidenheim,,,SCHEDULED
GER-Bundesliga,2025-11-08 17:30:00,Borussia M.Gladbach,FC Cologne,,,SCHEDULED
GER-Bundesliga,2025-11-08 14:30:00,Hamburger SV,Borussia Dortmund,,,SCHEDULED
GER-Bundesliga,2025-11-08 14:30:00,Hoffenheim,RasenBallsport Leipzig,,,SCHEDULED
GER-Bundesliga,2025-11-08 14:30:00,Union Berlin,Bayern Munich,,,SCHEDULED
GER-Bundesliga,2025-11-09 18:30:00,Eintracht Frankfurt,Mainz 05,,,SCHEDULED
GER-Bundesliga,2025-11-09 14:30:00,Freiburg,St. Pauli,,,SCHEDULED
GER-Bundesliga,2025-11-09 16:30:00,VfB Stuttgart,Augsburg,,,SCHEDULED
GER-Bundesliga,2025-11-21 19:30:00,Mainz 05,Hoffenheim,,,SCHEDULED
GER-Bundesliga,2025-11-22 14:30:00,Augsburg,Hamburger SV,,,SCHEDULED
GER-Bundesliga,2025-11-22 14:30:00,Bayern Munich,Freiburg,,,SCHEDULED
GER-Bundesliga,2025-11-22 14:30:00,Borussia Dortmund,VfB Stuttgart,,,SCHEDULED
GER-Bundesliga,2025-11-22 17:30:00,FC Cologne,Eintracht Frankfurt,,,SCHEDULED
GER-Bundesliga,2025-11-22 14:30:00,FC Heidenheim,Borussia M.Gladbach,,,SCHEDULED
GER-Bundesliga,2025-11-22 14:30:00,Wolfsburg,Bayer Leverkusen,,,SCHEDULED
GER-Bundesliga,2025-11-23 14:30:00,RasenBallsport Leipzig,Werder Bremen,,,SCHEDULED
GER-Bundesliga,2025-11-23 16:30:00,St. Pauli,Union Berlin,,,SCHEDULED
GER-Bundesliga,2025-11-28 19:30:00,Borussia M.Gladbach,RasenBallsport Leipzig,,,SCHEDULED
GER-Bundesliga,2025-11-29 17:30:00,Bayer Leverkusen,Borussia Dortmund,,,SCHEDULED
GER-Bundesliga,2025-11-29 14:30:00,Bayern Munich,St. Pauli,,,SCHEDULED
GER-Bundesliga,2025-11-29 14:30:00,Hoffenheim,Augsburg,,,SCHEDULED
GER-Bundesliga,2025-11-29 14:30:00,Union Berlin,FC Heidenheim,,,SCHEDULED
GER-Bundesliga,2025-11-29 14:30:00,Werder Bremen,FC Cologne,,,SCHEDULED
GER-Bundesliga,2025-11-30 16:30:00,Eintracht Frankfurt,Wolfsburg,,,SCHEDULED
GER-Bundesliga,2025-11-30 18:30:00,Freiburg,Mainz 05,,,SCHEDULED
GER-Bundesliga,2025-11-30 14:30:00,Hamburger SV,VfB Stuttgart,,,SCHEDULED
GER-Bundesliga,2025-12-05 19:30:00,Mainz 05,Borussia M.Gladbach,,,SCHEDULED
GER-Bundesliga,2025-12-06 14:30:00,Augsburg,Bayer Leverkusen,,,SCHEDULED
GER-Bundesliga,2025-12-06 14:30:00,FC Cologne,St. Pauli,,,SCHEDULED
GER-Bundesliga,2025-12-06 14:30:00,FC Heidenheim,Freiburg,,,SCHEDULED
GER-Bundesliga,2025-12-06 17:30:00,RasenBallsport Leipzig,Eintracht Frankfurt,,,SCHEDULED
GER-Bundesliga,2025-12-06 14:30:00,VfB Stuttgart,Bayern Munich,,,SCHEDULED
GER-Bundesliga,2025-12-06 14:30:00,Wolfsburg,Union Berlin,,,SCHEDULED
GER-Bundesliga,2025-12-07 16:30:00,Borussia Dortmund,Hoffenheim,,,SCHEDULED
GER-Bundesliga,2025-12-07 14:30:00,Hamburger SV,Werder Bremen,,,SCHEDULED
GER-Bundesliga,2025-12-12 19:30:00,Union Berlin,RasenBallsport Leipzig,,,SCHEDULED
GER-Bundesliga,2025-12-13 17:30:00,Bayer Leverkusen,FC Cologne,,,SCHEDULED
GER-Bundesliga,2025-12-13 14:30:00,Borussia M.Gladbach,Wolfsburg,,,SCHEDULED
GER-Bundesliga,2025-12-13 14:30:00,Eintracht Frankfurt,Augsburg,,,SCHEDULED
GER-Bundesliga,2025-12-13 14:30:00,Hoffenheim,Hamburger SV,,,SCHEDULED
GER-Bundesliga,2025-12-13 14:30:00,St. Pauli,FC Heidenheim,,,SCHEDULED
GER-Bundesliga,2025-12-14 16:30:00,Bayern Munich,Mainz 05,,,SCHEDULED
GER-Bundesliga,2025-12-14 14:30:00,Freiburg,Borussia Dortmund,,,SCHEDULED
GER-Bundesliga,2025-12-14 18:30:00,Werder Bremen,VfB Stuttgart,,,SCHEDULED
GER-Bundesliga,2025-12-19 19:30:00,Borussia Dortmund,Borussia M.Gladbach,,,SCHEDULED
GER-Bundesliga,2025-12-20 14:30:00,Augsburg,Werder Bremen,,,SCHEDULED
GER-Bundesliga,2025-12-20 14:30:00,FC Cologne,Union Berlin,,,SCHEDULED
GER-Bundesliga,2025-12-20 14:30:00,Hamburger SV,Eintracht Frankfurt,,,SCHEDULED
GER-Bundesliga,2025-12-20 17:30:00,RasenBallsport Leipzig,Bayer Leverkusen,,,SCHEDULED
GER-Bundesliga,2025-12-20 14:30:00,VfB Stuttgart,Hoffenheim,,,SCHEDULED
GER-Bundesliga,2025-12-20 14:30:00,Wolfsburg,Freiburg,,,SCHEDULED
GER-Bundesliga,2025-12-21 16:30:00,FC Heidenheim,Bayern Munich,,,SCHEDULED
GER-Bundesliga,2025-12-21 14:30:00,Mainz 05,St. Pauli,,,SCHEDULED
GER-Bundesliga,2026-01-09 19:30:00,Eintracht Frankfurt,Borussia Dortmund,,,SCHEDULED
GER-Bundesliga,2026-01-10 17:30:00,Bayer Leverkusen,VfB Stuttgart,,,SCHEDULED
GER-Bundesliga,2026-01-10 14:30:00,FC Heidenheim,FC Cologne,,,SCHEDULED
GER-Bundesliga,2026-01-10 14:30:00,Freiburg,Hamburger SV,,,SCHEDULED
GER-Bundesliga,2026-01-10 14:30:00,Union Berlin,Mainz 05,,,SCHEDULED
GER-Bundesliga,2026-01-11 16:30:00,Bayern Munich,Wolfsburg,,,SCHEDULED
GER-Bundesliga,2026-01-11 14:30:00,Borussia M.Gladbach,Augsburg,,,SCHEDULED
GER-Bundesliga,2026-01-13 19:30:00,Borussia Dortmund,Werder Bremen,,,SCHEDULED
GER-Bundesliga,2026-01-13 19:30:00,Mainz 05,FC Heidenheim,,,SCHEDULED
GER-Bundesliga,2026-01-13 17:30:00,VfB Stuttgart,Eintracht Frankfurt,,,SCHEDULED
GER-Bundesliga,2026-01-14 19:30:00,FC Cologne,Bayern Munich,,,SCHEDULED
GER-Bundesliga,2026-01-14 19:30:00,Hoffenheim,Borussia M.Gladbach,,,SCHEDULED
GER-Bundesliga,2026-01-14 19:30:00,RasenBallsport Leipzig,Freiburg,,,SCHEDULED
GER-Bundesliga,2026-01-14 17:30:00,Wolfsburg,St. Pauli,,,SCHEDULED
GER-Bundesliga,2026-01-15 19:30:00,Augsburg,Union Berlin,,,SCHEDULED
GER-Bundesliga,2026-01-16 19:30:00,Werder Bremen,Eintracht Frankfurt,,,SCHEDULED
GER-Bundesliga,2026-01-17 14:30:00,Borussia Dortmund,St. Pauli,,,SCHEDULED
GER-Bundesliga,2026-01-17 14:30:00,FC Cologne,Mainz 05,,,SCHEDULED
GER-Bundesliga,2026-01-17 14:30:00,Hamburger SV,Borussia M.Gladbach,,,SCHEDULED
GER-Bundesliga,2026-01-17 14:30:00,Hoffenheim,Bayer Leverkusen,,,SCHEDULED
GER-Bundesliga,2026-01-17 17:30:00,RasenBallsport Leipzig,Bayern Munich,,,SCHEDULED
GER-Bundesliga,2026-01-17 14:30:00,Wolfsburg,FC Heidenheim,,,SCHEDULED
GER-Bundesliga,2026-01-18 16:30:00,Augsburg,Freiburg,,,SCHEDULED
GER-Bundesliga,2026-01-18 14:30:00,VfB Stuttgart,Union Berlin,,,SCHEDULED
GER-Bundesliga,2026-01-23 19:30:00,St. Pauli,Hamburger SV,,,SCHEDULED
GER-Bundesliga,2026-01-24 14:30:00,Bayer Leverkusen,Werder Bremen,,,SCHEDULED
GER-Bundesliga,2026-01-24 14:30:00,Bayern Munich,Augsburg,,,SCHEDULED
GER-Bundesliga,2026-01-24 14:30:00,Eintracht Frankfurt,Hoffenheim,,,SCHEDULED
GER-Bundesliga,2026-01-24 14:30:00,FC Heidenheim,RasenBallsport Leipzig,,,SCHEDULED
GER-Bundesliga,2026-01-24 14:30:00,Mainz 05,Wolfsburg,,,SCHEDULED
GER-Bundesliga,2026-01-24 17:30:00,Union Berlin,Borussia Dortmund,,,SCHEDULED
GER-Bundesliga,2026-01-25 14:30:00,Borussia M.Gladbach,VfB Stuttgart,,,SCHEDULED
GER-Bundesliga,2026-01-25 16:30:00,Freiburg,FC Cologne,,,SCHEDULED
GER-Bundesliga,2026-01-27 19:30:00,St. Pauli,RasenBallsport Leipzig,,,SCHEDULED
GER-Bundesliga,2026-01-27 19:30:00,Werder Bremen,Hoffenheim,,,SCHEDULED
GER-Bundesliga,2026-01-30 19:30:00,FC Cologne,Wolfsburg,,,SCHEDULED
GER-Bundesliga,2026-01-31 14:30:00,Augsburg,St. Pauli,,,SCHEDULED
GER-Bundesliga,2026-01-31 14:30:00,Eintracht Frankfurt,Bayer Leverkusen,,,SCHEDULED
GER-Bundesliga,2026-01-31 17:30:00,Hamburger SV,Bayern Munich,,,SCHEDULED
GER-Bundesliga,2026-01-31 14:30:00,Hoffenheim,Union Berlin,,,SCHEDULED
GER-Bundesliga,2026-01-31 14:30:00,RasenBallsport Leipzig,Mainz 05,,,SCHEDULED
GER-Bundesliga,2026-01-31 14:30:00,Werder Bremen,Borussia M.Gladbach,,,SCHEDULED
GER-Bundesliga,2026-02-01 16:30:00,Borussia Dortmund,FC Heidenheim,,,SCHEDULED
GER-Bundesliga,2026-02-01 14:30:00,VfB Stuttgart,Freiburg,,,SCHEDULED
GER-Bundesliga,2026-02-06 19:30:00,Union Berlin,Eintracht Frankfurt,,,SCHEDULED
GER-Bundesliga,2026-02-07 17:30:00,Borussia M.Gladbach,Bayer Leverkusen,,,SCHEDULED
GER-Bundesliga,2026-02-07 14:30:00,FC Heidenheim,Hamburger SV,,,SCHEDULED
GER-Bundesliga,2026-02-07 14:30:00,Freiburg,Werder Bremen,,,SCHEDULED
GER-Bundesliga,2026-02-07 14:30:00,Mainz 05,Augsburg,,,SCHEDULED
GER-Bundesliga,2026-02-07 14:30:00,St. Pauli,VfB Stuttgart,,,SCHEDULED
GER-Bundesliga,2026-02-07 14:30:00,Wolfsburg,Borussia Dortmund,,,SCHEDULED
GER-Bundesliga,2026-02-08 16:30:00,Bayern Munich,Hoffenheim,,,SCHEDULED
GER-Bundesliga,2026-02-08 14:30:00,FC Cologne,RasenBallsport Leipzig,,,SCHEDULED
GER-Bundesliga,2026-02-13 19:30:00,Borussia Dortmund,Mainz 05,,,SCHEDULED
GER-Bundesliga,2026-02-14 14:30:00,Bayer Leverkusen,St. Pauli,,,SCHEDULED
GER-Bundesliga,2026-02-14 14:30:00,Eintracht Frankfurt,Borussia M.Gladbach,,,SCHEDULED
GER-Bundesliga,2026-02-14 14:30:00,Hamburger SV,Union Berlin,,,SCHEDULED
GER-Bundesliga,2026-02-14 14:30:00,Hoffenheim,Freiburg,,,SCHEDULED
GER-Bundesliga,2026-02-14 17:30:00,VfB Stuttgart,FC Cologne,,,SCHEDULED
GER-Bundesliga,2026-02-14 14:30:00,Werder Bremen,Bayern Munich,,,SCHEDULED
GER-Bundesliga,2026-02-15 14:30:00,Augsburg,FC Heidenheim,,,SCHEDULED
GER-Bundesliga,2026-02-15 16:30:00,RasenBallsport Leipzig,Wolfsburg,,,SCHEDULED
GER-Bundesliga,2026-02-20 19:30:00,Mainz 05,Hamburger SV,,,SCHEDULED
GER-Bundesliga,2026-02-21 14:30:00,Bayern Munich,Eintracht Frankfurt,,,SCHEDULED
GER-Bundesliga,2026-02-21 14:30:00,FC Cologne,Hoffenheim,,,SCHEDULED
GER-Bundesliga,2026-02-21 17:30:00,RasenBallsport Leipzig,Borussia Dortmund,,,SCHEDULED
GER-Bundesliga,2026-02-21 14:30:00,Union Berlin,Bayer Leverkusen,,,SCHEDULED
GER-Bundesliga,2026-02-21 14:30:00,Wolfsburg,Augsburg,,,SCHEDULED
GER-Bundesliga,2026-02-22 18:30:00,FC Heidenheim,VfB Stuttgart,,,SCHEDULED
GER-Bundesliga,2026-02-22 14:30:00,Freiburg,Borussia M.Gladbach,,,SCHEDULED
GER-Bundesliga,2026-02-22 16:30:00,St. Pauli,Werder Bremen,,,SCHEDULED
GER-Bundesliga,2026-02-27 19:30:00,Augsburg,FC Cologne,,,SCHEDULED
GER-Bundesliga,2026-02-28 14:30:00,Bayer Leverkusen,Mainz 05,,,SCHEDULED
GER-Bundesliga,2026-02-28 17:30:00,Borussia Dortmund,Bayern Munich,,,SCHEDULED
GER-Bundesliga,2026-02-28 14:30:00,Borussia M.Gladbach,Union Berlin,,,SCHEDULED
GER-Bundesliga,2026-02-28 14:30:00,Hoffenheim,St. Pauli,,,SCHEDULED
GER-Bundesliga,2026-02-28 14:30:00,Werder Bremen,FC Heidenheim,,,SCHEDULED
GER-Bundesliga,2026-03-01 16:30:00,Eintracht Frankfurt,Freiburg,,,SCHEDULED
GER-Bundesliga,2026-03-01 18:30:00,Hamburger SV,RasenBallsport Leipzig,,,SCHEDULED
GER-Bundesliga,2026-03-01 14:30:00,VfB Stuttgart,Wolfsburg,,,SCHEDULED
GER-Bundesliga,2026-03-04 19:30:00,Hamburger SV,Bayer Leverkusen,,,SCHEDULED
GER-Bundesliga,2026-03-06 19:30:00,Bayern Munich,Borussia M.Gladbach,,,SCHEDULED
GER-Bundesliga,2026-03-07 17:30:00,FC Cologne,Borussia Dortmund,,,SCHEDULED
GER-Bundesliga,2026-03-07 14:30:00,FC Heidenheim,Hoffenheim,,,SCHEDULED
GER-Bundesliga,2026-03-07 14:30:00,Freiburg,Bayer Leverkusen,,,SCHEDULED
GER-Bundesliga,2026-03-07 14:30:00,Mainz 05,VfB Stuttgart,,,SCHEDULED
GER-Bundesliga,2026-03-07 14:30:00,RasenBallsport Leipzig,Augsburg,,,SCHEDULED
GER-Bundesliga,2026-03-07 14:30:00,Wolfsburg,Hamburger SV,,,SCHEDULED
GER-Bundesliga,2026-03-08 14:30:00,St. Pauli,Eintracht Frankfurt,,,SCHEDULED
GER-Bundesliga,2026-03-08 16:30:00,Union Berlin,Werder Bremen,,,SCHEDULED
GER-Bundesliga,2026-03-13 19:30:00,Borussia M.Gladbach,St. Pauli,,,SCHEDULED
GER-Bundesliga,2026-03-14 14:30:00,Bayer Leverkusen,Bayern Munich,,,SCHEDULED
GER-Bundesliga,2026-03-14 14:30:00,Borussia Dortmund,Augsburg,,,SCHEDULED
GER-Bundesliga,2026-03-14 14:30:00,Eintracht Frankfurt,FC Heidenheim,,,SCHEDULED
GER-Bundesliga,2026-03-14 17:30:00,Hamburger SV,FC Cologne,,,SCHEDULED
GER-Bundesliga,2026-03-14 14:30:00,Hoffenheim,Wolfsburg,,,SCHEDULED
GER-Bundesliga,2026-03-15 16:30:00,Freiburg,Union Berlin,,,SCHEDULED
GER-Bundesliga,2026-03-15 18:30:00,VfB Stuttgart,RasenBallsport Leipzig,,,SCHEDULED
GER-Bundesliga,2026-03-15 14:30:00,Werder Bremen,Mainz 05,,,SCHEDULED
GER-Bundesliga,2026-03-20 19:30:00,RasenBallsport Leipzig,Hoffenheim,,,SCHEDULED
GER-Bundesliga,2026-03-21 14:30:00,Bayern Munich,Union Berlin,,,SCHEDULED
GER-Bundesliga,2026-03-21 17:30:00,Borussia Dortmund,Hamburger SV,,,SCHEDULED
GER-Bundesliga,2026-03-21 14:30:00,FC Cologne,Borussia M.Gladbach,,,SCHEDULED
GER-Bundesliga,2026-03-21 14:30:00,FC Heidenheim,Bayer Leverkusen,,,SCHEDULED
GER-Bundesliga,2026-03-21 14:30:00,Wolfsburg,Werder Bremen,,,SCHEDULED
GER-Bundesliga,2026-03-22 18:30:00,Augsburg,VfB Stuttgart,,,SCHEDULED
GER-Bundesliga,2026-03-22 14:30:00,Mainz 05,Eintracht Frankfurt,,,SCHEDULED
GER-Bundesliga,2026-03-22 16:30:00,St. Pauli,Freiburg,,,SCHEDULED
GER-Bundesliga,2026-04-04 13:30:00,Bayer Leverkusen,Wolfsburg,,,SCHEDULED
GER-Bundesliga,2026-04-04 13:30:00,Borussia M.Gladbach,FC Heidenheim,,,SCHEDULED
GER-Bundesliga,2026-04-04 13:30:00,Freiburg,Bayern Munich,,,SCHEDULED
GER-Bundesliga,2026-04-04 13:30:00,Hamburger SV,Augsburg,,,SCHEDULED
GER-Bundesliga,2026-04-04 13:30:00,Hoffenheim,Mainz 05,,,SCHEDULED
GER-Bundesliga,2026-04-04 16:30:00,VfB Stuttgart,Borussia Dortmund,,,SCHEDULED
GER-Bundesliga,2026-04-04 13:30:00,Werder Bremen,RasenBallsport Leipzig,,,SCHEDULED
GER-Bundesliga,2026-04-05 15:30:00,Eintracht Frankfurt,FC Cologne,,,SCHEDULED
GER-Bundesliga,2026-04-05 13:30:00,Union Berlin,St. Pauli,,,SCHEDULED
GER-Bundesliga,2026-04-10 18:30:00,Augsburg,Hoffenheim,,,SCHEDULED
GER-Bundesliga,2026-04-11 13:30:00,Borussia Dortmund,Bayer Leverkusen,,,SCHEDULED
GER-Bundesliga,2026-04-11 13:30:00,FC Heidenheim,Union Berlin,,,SCHEDULED
GER-Bundesliga,2026-04-11 13:30:00,RasenBallsport Leipzig,Borussia M.Gladbach,,,SCHEDULED
GER-Bundesliga,2026-04-11 16:30:00,St. Pauli,Bayern Munich,,,SCHEDULED
GER-Bundesliga,2026-04-11 13:30:00,Wolfsburg,Eintracht Frankfurt,,,SCHEDULED
GER-Bundesliga,2026-04-12 13:30:00,FC Cologne,Werder Bremen,,,SCHEDULED
GER-Bundesliga,2026-04-12 17:30:00,Mainz 05,Freiburg,,,SCHEDULED
GER-Bundesliga,2026-04-12 15:30:00,VfB Stuttgart,Hamburger SV,,,SCHEDULED
GER-Bundesliga,2026-04-17 18:30:00,St. Pauli,FC Cologne,,,SCHEDULED
GER-Bundesliga,2026-04-18 13:30:00,Bayer Leverkusen,Augsburg,,,SCHEDULED
GER-Bundesliga,2026-04-18 16:30:00,Eintracht Frankfurt,RasenBallsport Leipzig,,,SCHEDULED
GER-Bundesliga,2026-04-18 13:30:00,Hoffenheim,Borussia Dortmund,,,SCHEDULED
GER-Bundesliga,2026-04-18 13:30:00,Union Berlin,Wolfsburg,,,SCHEDULED
GER-Bundesliga,2026-04-18 13:30:00,Werder Bremen,Hamburger SV,,,SCHEDULED
GER-Bundesliga,2026-04-19 15:30:00,Bayern Munich,VfB Stuttgart,,,SCHEDULED
GER-Bundesliga,2026-04-19 17:30:00,Borussia M.Gladbach,Mainz 05,,,SCHEDULED
GER-Bundesliga,2026-04-19 13:30:00,Freiburg,FC Heidenheim,,,SCHEDULED
GER-Bundesliga,2026-04-24 18:30:00,RasenBallsport Leipzig,Union Berlin,,,SCHEDULED
GER-Bundesliga,2026-04-25 13:30:00,Augsburg,Eintracht Frankfurt,,,SCHEDULED
GER-Bundesliga,2026-04-25 13:30:00,FC Cologne,Bayer Leverkusen,,,SCHEDULED
GER-Bundesliga,2026-04-25 13:30:00,FC Heidenheim,St. Pauli,,,SCHEDULED
GER-Bundesliga,2026-04-25 16:30:00,Hamburger SV,Hoffenheim,,,SCHEDULED
GER-Bundesliga,2026-04-25 13:30:00,Mainz 05,Bayern Munich,,,SCHEDULED
GER-Bundesliga,2026-04-25 13:30:00,Wolfsburg,Borussia M.Gladbach,,,SCHEDULED
GER-Bundesliga,2026-04-26 15:30:00,Borussia Dortmund,Freiburg,,,SCHEDULED
GER-Bundesliga,2026-04-26 13:30:00,VfB Stuttgart,Werder Bremen,,,SCHEDULED
GER-Bundesliga,2026-05-02 16:30:00,Bayer Leverkusen,RasenBallsport Leipzig,,,SCHEDULED
GER-Bundesliga,2026-05-02 13:30:00,Bayern Munich,FC Heidenheim,,,SCHEDULED
GER-Bundesliga,2026-05-02 13:30:00,Eintracht Frankfurt,Hamburger SV,,,SCHEDULED
GER-Bundesliga,2026-05-02 13:30:00,Hoffenheim,VfB Stuttgart,,,SCHEDULED
GER-Bundesliga,2026-05-02 13:30:00,Union Berlin,FC Cologne,,,SCHEDULED
GER-Bundesliga,2026-05-02 13:30:00,Werder Bremen,Augsburg,,,SCHEDULED
GER-Bundesliga,2026-05-03 15:30:00,Borussia M.Gladbach,Borussia Dortmund,,,SCHEDULED
GER-Bundesliga,2026-05-03 17:30:00,Freiburg,Wolfsburg,,,SCHEDULED
GER-Bundesliga,2026-05-03 13:30:00,St. Pauli,Mainz 05,,,SCHEDULED
GER-Bundesliga,2026-05-08 18:30:00,Borussia Dortmund,Eintracht Frankfurt,,,SCHEDULED
GER-Bundesliga,2026-05-09 13:30:00,Augsburg,Borussia M.Gladbach,,,SCHEDULED
GER-Bundesliga,2026-05-09 13:30:00,Hoffenheim,Werder Bremen,,,SCHEDULED
GER-Bundesliga,2026-05-09 13:30:00,RasenBallsport Leipzig,St. Pauli,,,SCHEDULED
GER-Bundesliga,2026-05-09 13:30:00,VfB Stuttgart,Bayer Leverkusen,,,SCHEDULED
GER-Bundesliga,2026-05-09 16:30:00,Wolfsburg,Bayern Munich,,,SCHEDULED
GER-Bundesliga,2026-05-10 15:30:00,FC Cologne,FC Heidenheim,,,SCHEDULED
GER-Bundesliga,2026-05-10 13:30:00,Hamburger SV,Freiburg,,,SCHEDULED
GER-Bundesliga,2026-05-10 17:30:00,Mainz 05,Union Berlin,,,SCHEDULED
GER-Bundesliga,2026-05-16 13:30:00,Bayer Leverkusen,Hamburger SV,,,SCHEDULED
GER-Bundesliga,2026-05-16 13:30:00,Bayern Munich,FC Cologne,,,SCHEDULED
GER-Bundesliga,2026-05-16 13:30:00,Borussia M.Gladbach,Hoffenheim,,,SCHEDULED
GER-Bundesliga,2026-05-16 13:30:00,Eintracht Frankfurt,VfB Stuttgart,,,SCHEDULED
GER-Bundesliga,2026-05-16 13:30:00,FC Heidenheim,Mainz 05,,,SCHEDULED
GER-Bundesliga,2026-05-16 13:30:00,Freiburg,RasenBallsport Leipzig,,,SCHEDULED
GER-Bundesliga,2026-05-16 13:30:00,St. Pauli,Wolfsburg,,,SCHEDULED
GER-Bundesliga,2026-05-16 13:30:00,Union Berlin,Augsburg,,,SCHEDULED
GER-Bundesliga,2026-05-16 13:30:00,Werder Bremen,Borussia Dortmund,,,SCHEDULED
ITA-Serie A,2025-08-23 18:45:00,AC Milan,Cremonese,,,SCHEDULED
ITA-Serie A,2025-08-23 16:30:00,Genoa,Lecce,,,SCHEDULED
ITA-Serie A,2025-08-23 18:45:00,Roma,Bologna,,,SCHEDULED
ITA-Serie A,2025-08-23 16:30:00,Sassuolo,Napoli,,,SCHEDULED
ITA-Serie A,2025-08-24 18:45:00,Atalanta,Pisa,,,SCHEDULED
ITA-Serie A,2025-08-24 16:30:00,Cagliari,Fiorentina,,,SCHEDULED
ITA-Serie A,2025-08-24 16:30:00,Como,Lazio,,,SCHEDULED
ITA-Serie A,2025-08-24 18:45:00,Juventus,Parma Calcio 1913,,,SCHEDULED
ITA-Serie A,2025-08-25 18:45:00,Inter,Torino,,,SCHEDULED
ITA-Serie A,2025-08-25 16:30:00,Udinese,Verona,,,SCHEDULED
ITA-Serie A,2025-08-29 16:30:00,Cremonese,Sassuolo,,,SCHEDULED
ITA-Serie A,2025-08-29 18:45:00,Lecce,AC Milan,,,SCHEDULED
ITA-Serie A,2025-08-30 16:30:00,Bologna,Como,,,SCHEDULED
ITA-Serie A,2025-08-30 18:45:00,Napoli,Cagliari,,,SCHEDULED
ITA-Serie A,2025-08-30 16:30:00,Parma Calcio 1913,Atalanta,,,SCHEDULED
ITA-Serie A,2025-08-30 18:45:00,Pisa,Roma,,,SCHEDULED
ITA-Serie A,2025-08-31 16:30:00,Genoa,Juventus,,,SCHEDULED
ITA-Serie A,2025-08-31 18:45:00,Inter,Udinese,,,SCHEDULED
ITA-Serie A,2025-08-31 18:45:00,Lazio,Verona,,,SCHEDULED
ITA-Serie A,2025-08-31 16:30:00,Torino,Fiorentina,,,SCHEDULED
ITA-Serie A,2025-09-13 13:00:00,Cagliari,Parma Calcio 1913,,,SCHEDULED
ITA-Serie A,2025-09-13 18:45:00,Fiorentina,Napoli,,,SCHEDULED
ITA-Serie A,2025-09-13 16:00:00,Juventus,Inter,,,SCHEDULED
ITA-Serie A,2025-09-14 18:45:00,AC Milan,Bologna,,,SCHEDULED
ITA-Serie A,2025-09-14 13:00:00,Atalanta,Lecce,,,SCHEDULED
ITA-Serie A,2025-09-14 13:00:00,Pisa,Udinese,,,SCHEDULED
ITA-Serie A,2025-09-14 10:30:00,Roma,Torino,,,SCHEDULED
ITA-Serie A,2025-09-14 16:00:00,Sassuolo,Lazio,,,SCHEDULED
ITA-Serie A,2025-09-15 18:45:00,Como,Genoa,,,SCHEDULED
ITA-Serie A,2025-09-15 16:30:00,Verona,Cremonese,,,SCHEDULED
ITA-Serie A,2025-09-19 18:45:00,Lecce,Cagliari,,,SCHEDULED
ITA-Serie A,2025-09-20 13:00:00,Bologna,Genoa,,,SCHEDULED
ITA-Serie A,2025-09-20 18:45:00,Udinese,AC Milan,,,SCHEDULED
ITA-Serie A,2025-09-20 16:00:00,Verona,Juventus,,,SCHEDULED
ITA-Serie A,2025-09-21 13:00:00,Cremonese,Parma Calcio 1913,,,SCHEDULED
ITA-Serie A,2025-09-21 16:00:00,Fiorentina,Como,,,SCHEDULED
ITA-Serie A,2025-09-21 18:45:00,Inter,Sassuolo,,,SCHEDULED
ITA-Serie A,2025-09-21 10:30:00,Lazio,Roma,,,SCHEDULED
ITA-Serie A,2025-09-21 13:00:00,Torino,Atalanta,,,SCHEDULED
ITA-Serie A,2025-09-22 18:45:00,Napoli,Pisa,,,SCHEDULED
ITA-Serie A,2025-09-27 18:45:00,Cagliari,Inter,,,SCHEDULED
ITA-Serie A,2025-09-27 13:00:00,Como,Cremonese,,,SCHEDULED
ITA-Serie A,2025-09-27 16:00:00,Juventus,Atalanta,,,SCHEDULED
ITA-Serie A,2025-09-28 18:45:00,AC Milan,Napoli,,,SCHEDULED
ITA-Serie A,2025-09-28 16:00:00,Lecce,Bologna,,,SCHEDULED
ITA-Serie A,2025-09-28 13:00:00,Pisa,Fiorentina,,,SCHEDULED
ITA-Serie A,2025-09-28 13:00:00,Roma,Verona,,,SCHEDULED
ITA-Serie A,2025-09-28 10:30:00,Sassuolo,Udinese,,,SCHEDULED
ITA-Serie A,2025-09-29 18:45:00,Genoa,Lazio,,,SCHEDULED
ITA-Serie A,2025-09-29 16:30:00,Parma Calcio 1913,Torino,,,SCHEDULED
ITA-Serie A,2025-10-03 18:45:00,Verona,Sassuolo,,,SCHEDULED
ITA-Serie A,2025-10-04 18:45:00,Atalanta,Como,,,SCHEDULED
ITA-Serie A,2025-10-04 16:00:00,Inter,Cremonese,,,SCHEDULED
ITA-Serie A,2025-10-04 13:00:00,Lazio,Torino,,,SCHEDULED
ITA-Serie A,2025-10-04 13:00:00,Parma Calcio 1913,Lecce,,,SCHEDULED
ITA-Serie A,2025-10-05 13:00:00,Bologna,Pisa,,,SCHEDULED
ITA-Serie A,2025-10-05 13:00:00,Fiorentina,Roma,,,SCHEDULED
ITA-Serie A,2025-10-05 18:45:00,Juventus,AC Milan,,,SCHEDULED
ITA-Serie A,2025-10-05 16:00:00,Napoli,Genoa,,,SCHEDULED
ITA-Serie A,2025-10-05 10:30:00,Udinese,Cagliari,,,SCHEDULED
ITA-Serie A,2025-10-18 13:00:00,Lecce,Sassuolo,,,SCHEDULED
ITA-Serie A,2025-10-18 13:00:00,Pisa,Verona,,,SCHEDULED
ITA-Serie A,2025-10-18 18:45:00,Roma,Inter,,,SCHEDULED
ITA-Serie A,2025-10-18 16:00:00,Torino,Napoli,,,SCHEDULED
ITA-Serie A,2025-10-19 18:45:00,AC Milan,Fiorentina,,,SCHEDULED
ITA-Serie A,2025-10-19 16:00:00,Atalanta,Lazio,,,SCHEDULED
ITA-Serie A,2025-10-19 13:00:00,Cagliari,Bologna,,,SCHEDULED
ITA-Serie A,2025-10-19 10:30:00,Como,Juventus,,,SCHEDULED
ITA-Serie A,2025-10-19 13:00:00,Genoa,Parma Calcio 1913,,,SCHEDULED
ITA-Serie A,2025-10-20 18:45:00,Cremonese,Udinese,,,SCHEDULED
ITA-Serie A,2025-10-24 18:45:00,AC Milan,Pisa,,,SCHEDULED
ITA-Serie A,2025-10-25 18:45:00,Cremonese,Atalanta,,,SCHEDULED
ITA-Serie A,2025-10-25 16:00:00,Napoli,Inter,,,SCHEDULED
ITA-Serie A,2025-10-25 13:00:00,Parma Calcio 1913,Como,,,SCHEDULED
ITA-Serie A,2025-10-25 13:00:00,Udinese,Lecce,,,SCHEDULED
ITA-Serie A,2025-10-26 16:00:00,Fiorentina,Bologna,,,SCHEDULED
ITA-Serie A,2025-10-26 18:45:00,Lazio,Juventus,,,SCHEDULED
ITA-Serie A,2025-10-26 13:00:00,Sassuolo,Roma,,,SCHEDULED
ITA-Serie A,2025-10-26 10:30:00,Torino,Genoa,,,SCHEDULED
ITA-Serie A,2025-10-26 13:00:00,Verona,Cagliari,,,SCHEDULED
ITA-Serie A,2025-10-28 18:45:00,Atalanta,AC Milan,,,SCHEDULED
ITA-Serie A,2025-10-28 16:30:00,Lecce,Napoli,,,SCHEDULED
ITA-Serie A,2025-10-29 18:45:00,Bologna,Torino,,,SCHEDULED
ITA-Serie A,2025-10-29 16:30:00,Como,Verona,,,SCHEDULED
ITA-Serie A,2025-10-29 18:45:00,Genoa,Cremonese,,,SCHEDULED
ITA-Serie A,2025-10-29 18:45:00,Inter,Fiorentina,,,SCHEDULED
ITA-Serie A,2025-10-29 16:30:00,Juventus,Udinese,,,SCHEDULED
ITA-Serie A,2025-10-29 16:30:00,Roma,Parma Calcio 1913,,,SCHEDULED
ITA-Serie A,2025-10-30 16:30:00,Cagliari,Sassuolo,,,SCHEDULED
ITA-Serie A,2025-10-30 18:45:00,Pisa,Lazio,,,SCHEDULED
ITA-Serie A,2025-11-01 19:45:00,Cremonese,Juventus,,,SCHEDULED
ITA-Serie A,2025-11-01 17:00:00,Napoli,Como,,,SCHEDULED
ITA-Serie A,2025-11-01 14:00:00,Udinese,Atalanta,,,SCHEDULED
ITA-Serie A,2025-11-02 19:45:00,AC Milan,Roma,,,SCHEDULED
ITA-Serie A,2025-11-02 14:00:00,Fiorentina,Lecce,,,SCHEDULED
ITA-Serie A,2025-11-02 17:00:00,Parma Calcio 1913,Bologna,,,SCHEDULED
ITA-Serie A,2025-11-02 14:00:00,Torino,Pisa,,,SCHEDULED
ITA-Serie A,2025-11-02 11:30:00,Verona,Inter,,,SCHEDULED
ITA-Serie A,2025-11-03 19:45:00,Lazio,Cagliari,,,SCHEDULED
ITA-Serie A,2025-11-03 17:30:00,Sassuolo,Genoa,,,SCHEDULED
ITA-Serie A,2025-11-07 19:45:00,Pisa,Cremonese,,,SCHEDULED
ITA-Serie A,2025-11-08 14:00:00,Como,Cagliari,,,SCHEDULED
ITA-Serie A,2025-11-08 17:00:00,Juventus,Torino,,,SCHEDULED
ITA-Serie A,2025-11-08 14:00:00,Lecce,Verona,,,SCHEDULED
ITA-Serie A,2025-11-08 19:45:00,Parma Calcio 1913,AC Milan,,,SCHEDULED
ITA-Serie A,2025-11-09 11:30:00,Atalanta,Sassuolo,,,SCHEDULED
ITA-Serie A,2025-11-09 14:00:00,Bologna,Napoli,,,SCHEDULED
ITA-Serie A,2025-11-09 14:00:00,Genoa,Fiorentina,,,SCHEDULED
ITA-Serie A,2025-11-09 19:45:00,Inter,Lazio,,,SCHEDULED
ITA-Serie A,2025-11-09 17:00:00,Roma,Udinese,,,SCHEDULED
ITA-Serie A,2025-11-22 14:00:00,Cagliari,Genoa,,,SCHEDULED
ITA-Serie A,2025-11-22 17:00:00,Fiorentina,Juventus,,,SCHEDULED
ITA-Serie A,2025-11-22 19:45:00,Napoli,Atalanta,,,SCHEDULED
ITA-Serie A,2025-11-22 14:00:00,Udinese,Bologna,,,SCHEDULED
ITA-Serie A,2025-11-23 14:00:00,Cremonese,Roma,,,SCHEDULED
ITA-Serie A,2025-11-23 19:45:00,Inter,AC Milan,,,SCHEDULED
ITA-Serie A,2025-11-23 17:00:00,Lazio,Lecce,,,SCHEDULED
ITA-Serie A,2025-11-23 11:30:00,Verona,Parma Calcio 1913,,,SCHEDULED
ITA-Serie A,2025-11-24 19:45:00,Sassuolo,Pisa,,,SCHEDULED
ITA-Serie A,2025-11-24 17:30:00,Torino,Como,,,SCHEDULED
ITA-Serie A,2025-11-28 19:45:00,Como,Sassuolo,,,SCHEDULED
ITA-Serie A,2025-11-29 19:45:00,AC Milan,Lazio,,,SCHEDULED
ITA-Serie A,2025-11-29 14:00:00,Genoa,Verona,,,SCHEDULED
ITA-Serie A,2025-11-29 17:00:00,Juventus,Cagliari,,,SCHEDULED
ITA-Serie A,2025-11-29 14:00:00,Parma Calcio 1913,Udinese,,,SCHEDULED
ITA-Serie A,2025-11-30 17:00:00,Atalanta,Fiorentina,,,SCHEDULED
ITA-Serie A,2025-11-30 11:30:00,Lecce,Torino,,,SCHEDULED
ITA-Serie A,2025-11-30 14:00:00,Pisa,Inter,,,SCHEDULED
ITA-Serie A,2025-11-30 19:45:00,Roma,Napoli,,,SCHEDULED
ITA-Serie A,2025-12-01 19:45:00,Bologna,Cremonese,,,SCHEDULED
ITA-Serie A,2025-12-06 17:00:00,Inter,Como,,,SCHEDULED
ITA-Serie A,2025-12-06 14:00:00,Sassuolo,Fiorentina,,,SCHEDULED
ITA-Serie A,2025-12-06 19:45:00,Verona,Atalanta,,,SCHEDULED
ITA-Serie A,2025-12-07 14:00:00,Cagliari,Roma,,,SCHEDULED
ITA-Serie A,2025-12-07 11:30:00,Cremonese,Lecce,,,SCHEDULED
ITA-Serie A,2025-12-07 17:00:00,Lazio,Bologna,,,SCHEDULED
ITA-Serie A,2025-12-07 19:45:00,Napoli,Juventus,,,SCHEDULED
ITA-Serie A,2025-12-08 14:00:00,Pisa,Parma Calcio 1913,,,SCHEDULED
ITA-Serie A,2025-12-08 19:45:00,Torino,AC Milan,,,SCHEDULED
ITA-Serie A,2025-12-08 17:00:00,Udinese,Genoa,,,SCHEDULED
ITA-Serie A,2025-12-12 19:45:00,Lecce,Pisa,,,SCHEDULED
ITA-Serie A,2025-12-13 19:45:00,Atalanta,Cagliari,,,SCHEDULED
ITA-Serie A,2025-12-13 17:00:00,Parma Calcio 1913,Lazio,,,SCHEDULED
ITA-Serie A,2025-12-13 14:00:00,Torino,Cremonese,,,SCHEDULED
ITA-Serie A,2025-12-14 11:30:00,AC Milan,Sassuolo,,,SCHEDULED
ITA-Serie A,2025-12-14 19:45:00,Bologna,Juventus,,,SCHEDULED
ITA-Serie A,2025-12-14 14:00:00,Fiorentina,Verona,,,SCHEDULED
ITA-Serie A,2025-12-14 17:00:00,Genoa,Inter,,,SCHEDULED
ITA-Serie A,2025-12-14 14:00:00,Udinese,Napoli,,,SCHEDULED
ITA-Serie A,2025-12-15 19:45:00,Roma,Como,,,SCHEDULED
ITA-Serie A,2025-12-20 19:45:00,Juventus,Roma,,,SCHEDULED
ITA-Serie A,2025-12-20 17:00:00,Lazio,Cremonese,,,SCHEDULED
ITA-Serie A,2025-12-21 11:30:00,Cagliari,Pisa,,,SCHEDULED
ITA-Serie A,2025-12-21 17:00:00,Fiorentina,Udinese,,,SCHEDULED
ITA-Serie A,2025-12-21 19:45:00,Genoa,Atalanta,,,SCHEDULED
ITA-Serie A,2025-12-21 14:00:00,Sassuolo,Torino,,,SCHEDULED
ITA-Serie A,2025-12-27 14:00:00,Lecce,Como,,,SCHEDULED
ITA-Serie A,2025-12-27 11:30:00,Parma Calcio 1913,Fiorentina,,,SCHEDULED
ITA-Serie A,2025-12-27 19:45:00,Pisa,Juventus,,,SCHEDULED
ITA-Serie A,2025-12-27 14:00:00,Torino,Cagliari,,,SCHEDULED
ITA-Serie A,2025-12-27 17:00:00,Udinese,Lazio,,,SCHEDULED
ITA-Serie A,2025-12-28 11:30:00,AC Milan,Verona,,,SCHEDULED
ITA-Serie A,2025-12-28 19:45:00,Atalanta,Inter,,,SCHEDULED
ITA-Serie A,2025-12-28 17:00:00,Bologna,Sassuolo,,,SCHEDULED
ITA-Serie A,2025-12-28 14:00:00,Cremonese,Napoli,,,SCHEDULED
ITA-Serie A,2025-12-29 19:45:00,Roma,Genoa,,,SCHEDULED
ITA-Serie A,2026-01-02 19:45:00,Cagliari,AC Milan,,,SCHEDULED
ITA-Serie A,2026-01-03 19:45:00,Atalanta,Roma,,,SCHEDULED
ITA-Serie A,2026-01-03 11:30:00,Como,Udinese,,,SCHEDULED
ITA-Serie A,2026-01-03 14:00:00,Genoa,Pisa,,,SCHEDULED
ITA-Serie A,2026-01-03 17:00:00,Juventus,Lecce,,,SCHEDULED
ITA-Serie A,2026-01-03 14:00:00,Sassuolo,Parma Calcio 1913,,,SCHEDULED
ITA-Serie A,2026-01-04 14:00:00,Fiorentina,Cremonese,,,SCHEDULED
ITA-Serie A,2026-01-04 19:45:00,Inter,Bologna,,,SCHEDULED
ITA-Serie A,2026-01-04 11:30:00,Lazio,Napoli,,,SCHEDULED
ITA-Serie A,2026-01-04 17:00:00,Verona,Torino,,,SCHEDULED
ITA-Serie A,2026-01-06 17:00:00,Lecce,Roma,,,SCHEDULED
ITA-Serie A,2026-01-06 14:00:00,Pisa,Como,,,SCHEDULED
ITA-Serie A,2026-01-06 19:45:00,Sassuolo,Juventus,,,SCHEDULED
ITA-Serie A,2026-01-07 17:30:00,Bologna,Atalanta,,,SCHEDULED
ITA-Serie A,2026-01-07 19:45:00,Lazio,Fiorentina,,,SCHEDULED
ITA-Serie A,2026-01-07 17:30:00,Napoli,Verona,,,SCHEDULED
ITA-Serie A,2026-01-07 19:45:00,Parma Calcio 1913,Inter,,,SCHEDULED
ITA-Serie A,2026-01-07 19:45:00,Torino,Udinese,,,SCHEDULED
ITA-Serie A,2026-01-08 19:45:00,AC Milan,Genoa,,,SCHEDULED
ITA-Serie A,2026-01-08 17:30:00,Cremonese,Cagliari,,,SCHEDULED
ITA-Serie A,2026-01-10 19:45:00,Atalanta,Torino,,,SCHEDULED
ITA-Serie A,2026-01-10 14:00:00,Como,Bologna,,,SCHEDULED
ITA-Serie A,2026-01-10 17:00:00,Roma,Sassuolo,,,SCHEDULED
ITA-Serie A,2026-01-10 14:00:00,Udinese,Pisa,,,SCHEDULED
ITA-Serie A,2026-01-11 14:00:00,Fiorentina,AC Milan,,,SCHEDULED
ITA-Serie A,2026-01-11 19:45:00,Inter,Napoli,,,SCHEDULED
ITA-Serie A,2026-01-11 11:30:00,Lecce,Parma Calcio 1913,,,SCHEDULED
ITA-Serie A,2026-01-11 17:00:00,Verona,Lazio,,,SCHEDULED
ITA-Serie A,2026-01-12 17:30:00,Genoa,Cagliari,,,SCHEDULED
ITA-Serie A,2026-01-12 19:45:00,Juventus,Cremonese,,,SCHEDULED
ITA-Serie A,2026-01-14 19:45:00,Inter,Lecce,,,SCHEDULED
ITA-Serie A,2026-01-14 17:30:00,Napoli,Parma Calcio 1913,,,SCHEDULED
ITA-Serie A,2026-01-15 19:45:00,Como,AC Milan,,,SCHEDULED
ITA-Serie A,2026-01-15 17:30:00,Verona,Bologna,,,SCHEDULED
ITA-Serie A,2026-01-16 19:45:00,Pisa,Atalanta,,,SCHEDULED
ITA-Serie A,2026-01-17 19:45:00,Cagliari,Juventus,,,SCHEDULED
ITA-Serie A,2026-01-17 17:00:00,Napoli,Sassuolo,,,SCHEDULED
ITA-Serie A,2026-01-17 14:00:00,Udinese,Inter,,,SCHEDULED
ITA-Serie A,2026-01-18 19:45:00,AC Milan,Lecce,,,SCHEDULED
ITA-Serie A,2026-01-18 14:00:00,Bologna,Fiorentina,,,SCHEDULED
ITA-Serie A,2026-01-18 11:30:00,Parma Calcio 1913,Genoa,,,SCHEDULED
ITA-Serie A,2026-01-18 17:00:00,Torino,Roma,,,SCHEDULED
ITA-Serie A,2026-01-19 17:30:00,Cremonese,Verona,,,SCHEDULED
ITA-Serie A,2026-01-19 19:45:00,Lazio,Como,,,SCHEDULED
ITA-Serie A,2026-01-23 19:45:00,Inter,Pisa,,,SCHEDULED
ITA-Serie A,2026-01-24 14:00:00,Como,Torino,,,SCHEDULED
ITA-Serie A,2026-01-24 17:00:00,Fiorentina,Cagliari,,,SCHEDULED
ITA-Serie A,2026-01-24 19:45:00,Lecce,Lazio,,,SCHEDULED
ITA-Serie A,2026-01-25 14:00:00,Atalanta,Parma Calcio 1913,,,SCHEDULED
ITA-Serie A,2026-01-25 14:00:00,Genoa,Bologna,,,SCHEDULED
ITA-Serie A,2026-01-25 17:00:00,Juventus,Napoli,,,SCHEDULED
ITA-Serie A,2026-01-25 19:45:00,Roma,AC Milan,,,SCHEDULED
ITA-Serie A,2026-01-25 11:30:00,Sassuolo,Cremonese,,,SCHEDULED
ITA-Serie A,2026-01-26 19:45:00,Verona,Udinese,,,SCHEDULED
ITA-Serie A,2026-01-30 19:45:00,Lazio,Genoa,,,SCHEDULED
ITA-Serie A,2026-01-31 19:45:00,Cagliari,Verona,,,SCHEDULED
ITA-Serie A,2026-01-31 17:00:00,Napoli,Fiorentina,,,SCHEDULED
ITA-Serie A,2026-01-31 14:00:00,Pisa,Sassuolo,,,SCHEDULED
ITA-Serie A,2026-02-01 14:00:00,Como,Atalanta,,,SCHEDULED
ITA-Serie A,2026-02-01 17:00:00,Cremonese,Inter,,,SCHEDULED
ITA-Serie A,2026-02-01 19:45:00,Parma Calcio 1913,Juventus,,,SCHEDULED
ITA-Serie A,2026-02-01 11:30:00,Torino,Lecce,,,SCHEDULED
ITA-Serie A,2026-02-02 19:45:00,Udinese,Roma,,,SCHEDULED
ITA-Serie A,2026-02-03 19:45:00,Bologna,AC Milan,,,SCHEDULED
ITA-Serie A,2026-02-06 19:45:00,Verona,Pisa,,,SCHEDULED
ITA-Serie A,2026-02-07 19:45:00,Fiorentina,Torino,,,SCHEDULED
ITA-Serie A,2026-02-07 17:00:00,Genoa,Napoli,,,SCHEDULED
ITA-Serie A,2026-02-08 11:30:00,Bologna,Parma Calcio 1913,,,SCHEDULED
ITA-Serie A,2026-02-08 19:45:00,Juventus,Lazio,,,SCHEDULED
ITA-Serie A,2026-02-08 14:00:00,Lecce,Udinese,,,SCHEDULED
ITA-Serie A,2026-02-08 17:00:00,Sassuolo,Inter,,,SCHEDULED
ITA-Serie A,2026-02-09 17:30:00,Atalanta,Cremonese,,,SCHEDULED
ITA-Serie A,2026-02-09 19:45:00,Roma,Cagliari,,,SCHEDULED
ITA-Serie A,2026-02-13 19:45:00,Pisa,AC Milan,,,SCHEDULED
ITA-Serie A,2026-02-14 14:00:00,Como,Fiorentina,,,SCHEDULED
ITA-Serie A,2026-02-14 19:45:00,Inter,Juventus,,,SCHEDULED
ITA-Serie A,2026-02-14 17:00:00,Lazio,Atalanta,,,SCHEDULED
ITA-Serie A,2026-02-15 14:00:00,Cremonese,Genoa,,,SCHEDULED
ITA-Serie A,2026-02-15 19:45:00,Napoli,Roma,,,SCHEDULED
ITA-Serie A,2026-02-15 14:00:00,Parma Calcio 1913,Verona,,,SCHEDULED
ITA-Serie A,2026-02-15 17:00:00,Torino,Bologna,,,SCHEDULED
ITA-Serie A,2026-02-15 11:30:00,Udinese,Sassuolo,,,SCHEDULED
ITA-Serie A,2026-02-16 19:45:00,Cagliari,Lecce,,,SCHEDULED
ITA-Serie A,2026-02-18 19:45:00,AC Milan,Como,,,SCHEDULED
ITA-Serie A,2026-02-20 19:45:00,Sassuolo,Verona,,,SCHEDULED
ITA-Serie A,2026-02-21 19:45:00,Cagliari,Lazio,,,SCHEDULED
ITA-Serie A,2026-02-21 14:00:00,Juventus,Como,,,SCHEDULED
ITA-Serie A,2026-02-21 17:00:00,Lecce,Inter,,,SCHEDULED
ITA-Serie A,2026-02-22 17:00:00,AC Milan,Parma Calcio 1913,,,SCHEDULED
ITA-Serie A,2026-02-22 14:00:00,Atalanta,Napoli,,,SCHEDULED
ITA-Serie A,2026-02-22 11:30:00,Genoa,Torino,,,SCHEDULED
ITA-Serie A,2026-02-22 19:45:00,Roma,Cremonese,,,SCHEDULED
ITA-Serie A,2026-02-23 19:45:00,Bologna,Udinese,,,SCHEDULED
ITA-Serie A,2026-02-23 17:30:00,Fiorentina,Pisa,,,SCHEDULED
ITA-Serie A,2026-02-27 19:45:00,Parma Calcio 1913,Cagliari,,,SCHEDULED
ITA-Serie A,2026-02-28 14:00:00,Como,Lecce,,,SCHEDULED
ITA-Serie A,2026-02-28 19:45:00,Inter,Genoa,,,SCHEDULED
ITA-Serie A,2026-02-28 17:00:00,Verona,Napoli,,,SCHEDULED
ITA-Serie A,2026-03-01 11:30:00,Cremonese,AC Milan,,,SCHEDULED
ITA-Serie A,2026-03-01 19:45:00,Roma,Juventus,,,SCHEDULED
ITA-Serie A,2026-03-01 14:00:00,Sassuolo,Atalanta,,,SCHEDULED
ITA-Serie A,2026-03-01 17:00:00,Torino,Lazio,,,SCHEDULED
ITA-Serie A,2026-03-02 17:30:00,Pisa,Bologna,,,SCHEDULED
ITA-Serie A,2026-03-02 19:45:00,Udinese,Fiorentina,,,SCHEDULED
ITA-Serie A,2026-03-06 19:45:00,Napoli,Torino,,,SCHEDULED
ITA-Serie A,2026-03-07 17:00:00,Atalanta,Udinese,,,SCHEDULED
ITA-Serie A,2026-03-07 14:00:00,Cagliari,Como,,,SCHEDULED
ITA-Serie A,2026-03-07 19:45:00,Juventus,Pisa,,,SCHEDULED
ITA-Serie A,2026-03-08 19:45:00,AC Milan,Inter,,,SCHEDULED
ITA-Serie A,2026-03-08 14:00:00,Bologna,Verona,,,SCHEDULED
ITA-Serie A,2026-03-08 14:00:00,Fiorentina,Parma Calcio 1913,,,SCHEDULED
ITA-Serie A,2026-03-08 17:00:00,Genoa,Roma,,,SCHEDULED
ITA-Serie A,2026-03-08 11:30:00,Lecce,Cremonese,,,SCHEDULED
ITA-Serie A,2026-03-09 19:45:00,Lazio,Sassuolo,,,SCHEDULED
ITA-Serie A,2026-03-13 19:45:00,Torino,Parma Calcio 1913,,,SCHEDULED
ITA-Serie A,2026-03-14 14:00:00,Inter,Atalanta,,,SCHEDULED
ITA-Serie A,2026-03-14 17:00:00,Napoli,Lecce,,,SCHEDULED
ITA-Serie A,2026-03-14 19:45:00,Udinese,Juventus,,,SCHEDULED
ITA-Serie A,2026-03-15 17:00:00,Como,Roma,,,SCHEDULED
ITA-Serie A,2026-03-15 19:45:00,Lazio,AC Milan,,,SCHEDULED
ITA-Serie A,2026-03-15 14:00:00,Pisa,Cagliari,,,SCHEDULED
ITA-Serie A,2026-03-15 14:00:00,Sassuolo,Bologna,,,SCHEDULED
ITA-Serie A,2026-03-15 11:30:00,Verona,Genoa,,,SCHEDULED
ITA-Serie A,2026-03-16 19:45:00,Cremonese,Fiorentina,,,SCHEDULED
ITA-Serie A,2026-03-20 17:30:00,Cagliari,Napoli,,,SCHEDULED
ITA-Serie A,2026-03-20 19:45:00,Genoa,Udinese,,,SCHEDULED
ITA-Serie A,2026-03-21 17:00:00,AC Milan,Torino,,,SCHEDULED
ITA-Serie A,2026-03-21 19:45:00,Juventus,Sassuolo,,,SCHEDULED
ITA-Serie A,2026-03-21 14:00:00,Parma Calcio 1913,Cremonese,,,SCHEDULED
ITA-Serie A,2026-03-22 14:00:00,Atalanta,Verona,,,SCHEDULED
ITA-Serie A,2026-03-22 14:00:00,Bologna,Lazio,,,SCHEDULED
ITA-Serie A,2026-03-22 11:30:00,Como,Pisa,,,SCHEDULED
ITA-Serie A,2026-03-22 19:45:00,Fiorentina,Inter,,,SCHEDULED
ITA-Serie A,2026-03-22 17:00:00,Roma,Lecce,,,SCHEDULED
ITA-Serie A,2026-04-04 18:45:00,Lazio,Parma Calcio 1913,,,SCHEDULED
ITA-Serie A,2026-04-04 13:00:00,Sassuolo,Cagliari,,,SCHEDULED
ITA-Serie A,2026-04-04 16:00:00,Verona,Fiorentina,,,SCHEDULED
ITA-Serie A,2026-04-05 13:00:00,Cremonese,Bologna,,,SCHEDULED
ITA-Serie A,2026-04-05 18:45:00,Inter,Roma,,,SCHEDULED
ITA-Serie A,2026-04-05 16:00:00,Pisa,Torino,,,SCHEDULED
ITA-Serie A,2026-04-06 16:00:00,Juventus,Genoa,,,SCHEDULED
ITA-Serie A,2026-04-06 13:00:00,Lecce,Atalanta,,,SCHEDULED
ITA-Serie A,2026-04-06 18:45:00,Napoli,AC Milan,,,SCHEDULED
ITA-Serie A,2026-04-06 10:30:00,Udinese,Como,,,SCHEDULED
ITA-Serie A,2026-04-10 18:45:00,Roma,Pisa,,,SCHEDULED
ITA-Serie A,2026-04-11 16:00:00,AC Milan,Udinese,,,SCHEDULED
ITA-Serie A,2026-04-11 18:45:00,Atalanta,Juventus,,,SCHEDULED
ITA-Serie A,2026-04-11 13:00:00,Cagliari,Cremonese,,,SCHEDULED
ITA-Serie A,2026-04-11 13:00:00,Torino,Verona,,,SCHEDULED
ITA-Serie A,2026-04-12 16:00:00,Bologna,Lecce,,,SCHEDULED
ITA-Serie A,2026-04-12 18:45:00,Como,Inter,,,SCHEDULED
ITA-Serie A,2026-04-12 10:30:00,Genoa,Sassuolo,,,SCHEDULED
ITA-Serie A,2026-04-12 13:00:00,Parma Calcio 1913,Napoli,,,SCHEDULED
ITA-Serie A,2026-04-13 18:45:00,Fiorentina,Lazio,,,SCHEDULED
ITA-Serie A,2026-04-17 18:45:00,Inter,Cagliari,,,SCHEDULED
ITA-Serie A,2026-04-17 16:30:00,Sassuolo,Como,,,SCHEDULED
ITA-Serie A,2026-04-18 16:00:00,Napoli,Lazio,,,SCHEDULED
ITA-Serie A,2026-04-18 18:45:00,Roma,Atalanta,,,SCHEDULED
ITA-Serie A,2026-04-18 13:00:00,Udinese,Parma Calcio 1913,,,SCHEDULED
ITA-Serie A,2026-04-19 10:30:00,Cremonese,Torino,,,SCHEDULED
ITA-Serie A,2026-04-19 18:45:00,Juventus,Bologna,,,SCHEDULED
ITA-Serie A,2026-04-19 16:00:00,Pisa,Genoa,,,SCHEDULED
ITA-Serie A,2026-04-19 13:00:00,Verona,AC Milan,,,SCHEDULED
ITA-Serie A,2026-04-20 18:45:00,Lecce,Fiorentina,,,SCHEDULED
ITA-Serie A,2026-04-24 18:45:00,Napoli,Cremonese,,,SCHEDULED
ITA-Serie A,2026-04-25 16:00:00,Bologna,Roma,,,SCHEDULED
ITA-Serie A,2026-04-25 13:00:00,Parma Calcio 1913,Pisa,,,SCHEDULED
ITA-Serie A,2026-04-25 18:45:00,Verona,Lecce,,,SCHEDULED
ITA-Serie A,2026-04-26 18:45:00,AC Milan,Juventus,,,SCHEDULED
ITA-Serie A,2026-04-26 10:30:00,Fiorentina,Sassuolo,,,SCHEDULED
ITA-Serie A,2026-04-26 13:00:00,Genoa,Como,,,SCHEDULED
ITA-Serie A,2026-04-26 16:00:00,Torino,Inter,,,SCHEDULED
ITA-Serie A,2026-04-27 16:30:00,Cagliari,Atalanta,,,SCHEDULED
ITA-Serie A,2026-04-27 18:45:00,Lazio,Udinese,,,SCHEDULED
ITA-Serie A,2026-05-01 18:45:00,Pisa,Lecce,,,SCHEDULED
ITA-Serie A,2026-05-02 18:45:00,Atalanta,Genoa,,,SCHEDULED
ITA-Serie A,2026-05-02 16:00:00,Como,Napoli,,,SCHEDULED
ITA-Serie A,2026-05-02 13:00:00,Udinese,Torino,,,SCHEDULED
ITA-Serie A,2026-05-03 10:30:00,Bologna,Cagliari,,,SCHEDULED
ITA-Serie A,2026-05-03 18:45:00,Inter,Parma Calcio 1913,,,SCHEDULED
ITA-Serie A,2026-05-03 16:00:00,Juventus,Verona,,,SCHEDULED
ITA-Serie A,2026-05-03 13:00:00,Sassuolo,AC Milan,,,SCHEDULED
ITA-Serie A,2026-05-04 16:30:00,Cremonese,Lazio,,,SCHEDULED
ITA-Serie A,2026-05-04 18:45:00,Roma,Fiorentina,,,SCHEDULED
ITA-Serie A,2026-05-08 18:45:00,Torino,Sassuolo,,,SCHEDULED
ITA-Serie A,2026-05-09 13:00:00,Cagliari,Udinese,,,SCHEDULED
ITA-Serie A,2026-05-09 16:00:00,Lazio,Inter,,,SCHEDULED
ITA-Serie A,2026-05-09 18:45:00,Lecce,Juventus,,,SCHEDULED
ITA-Serie A,2026-05-10 18:45:00,AC Milan,Atalanta,,,SCHEDULED
ITA-Serie A,2026-05-10 13:00:00,Cremonese,Pisa,,,SCHEDULED
ITA-Serie A,2026-05-10 13:00:00,Fiorentina,Genoa,,,SCHEDULED
ITA-Serie A,2026-05-10 16:00:00,Parma Calcio 1913,Roma,,,SCHEDULED
ITA-Serie A,2026-05-10 10:30:00,Verona,Como,,,SCHEDULED
ITA-Serie A,2026-05-11 18:45:00,Napoli,Bologna,,,SCHEDULED
ITA-Serie A,2026-05-17 16:00:00,Atalanta,Bologna,,,SCHEDULED
ITA-Serie A,2026-05-17 18:45:00,Cagliari,Torino,,,SCHEDULED
ITA-Serie A,2026-05-17 10:30:00,Como,Parma Calcio 1913,,,SCHEDULED
ITA-Serie A,2026-05-17 10:30:00,Genoa,AC Milan,,,SCHEDULED
ITA-Serie A,2026-05-17 13:00:00,Inter,Verona,,,SCHEDULED
ITA-Serie A,2026-05-17 10:30:00,Juventus,Fiorentina,,,SCHEDULED
ITA-Serie A,2026-05-17 10:30:00,Pisa,Napoli,,,SCHEDULED
ITA-Serie A,2026-05-17 10:30:00,Roma,Lazio,,,SCHEDULED
ITA-Serie A,2026-05-17 18:45:00,Sassuolo,Lecce,,,SCHEDULED
ITA-Serie A,2026-05-17 18:45:00,Udinese,Cremonese,,,SCHEDULED
ITA-Serie A,2026-05-22 18:45:00,Fiorentina,Atalanta,,,SCHEDULED
ITA-Serie A,2026-05-23 16:00:00,Bologna,Inter,,,SCHEDULED
ITA-Serie A,2026-05-23 18:45:00,Lazio,Pisa,,,SCHEDULED
ITA-Serie A,2026-05-24 18:45:00,AC Milan,Cagliari,,,SCHEDULED
ITA-Serie A,2026-05-24 18:45:00,Cremonese,Como,,,SCHEDULED
ITA-Serie A,2026-05-24 18:45:00,Lecce,Genoa,,,SCHEDULED
ITA-Serie A,2026-05-24 16:00:00,Napoli,Udinese,,,SCHEDULED
ITA-Serie A,2026-05-24 13:00:00,Parma Calcio 1913,Sassuolo,,,SCHEDULED
ITA-Serie A,2026-05-24 18:45:00,Torino,Juventus,,,SCHEDULED
ITA-Serie A,2026-05-24 18:45:00,Verona,Roma,,,SCHEDULED
