Date,HomeTeam,AwayTeam,Referee,YellowCards_Home,YellowCards_Away,RedCards_Home,RedCards_Away
2026-08-21 19:00:00,Arsenal,Coventry,Designado por Liga,0,0,0,0
2026-08-22 16:30:00,Brentford,Tottenham,Designado por Liga,0,0,0,0
2026-08-22 14:00:00,Everton,Crystal Palace,Designado por Liga,0,0,0,0
2026-08-22 11:30:00,Hull,Manchester United,Designado por Liga,0,0,0,0
2026-08-22 14:00:00,Ipswich,Sunderland,Designado por Liga,0,0,0,0
2026-08-22 14:00:00,Nottingham Forest,Leeds,Designado por Liga,0,0,0,0
2026-08-23 13:00:00,Brighton,Aston Villa,Designado por Liga,0,0,0,0
2026-08-23 13:00:00,Manchester City,Bournemouth,Designado por Liga,0,0,0,0
2026-08-23 15:30:00,Newcastle United,Liverpool,Designado por Liga,0,0,0,0
2026-08-24 19:00:00,Fulham,Chelsea,Designado por Liga,0,0,0,0
2026-08-28 19:00:00,Crystal Palace,Manchester City,Designado por Liga,0,0,0,0
2026-08-29 14:00:00,Bournemouth,Everton,Designado por Liga,0,0,0,0
2026-08-29 14:00:00,Coventry,Hull,Designado por Liga,0,0,0,0
2026-08-29 11:30:00,Liverpool,Nottingham Forest,Designado por Liga,0,0,0,0
2026-08-29 16:30:00,Tottenham,Newcastle United,Designado por Liga,0,0,0,0
2026-08-30 13:00:00,Chelsea,Brighton,Designado por Liga,0,0,0,0
2026-08-30 13:00:00,Leeds,Brentford,Designado por Liga,0,0,0,0
2026-08-30 15:30:00,Manchester United,Ipswich,Designado por Liga,0,0,0,0
2026-08-30 13:00:00,Sunderland,Fulham,Designado por Liga,0,0,0,0
2026-08-31 19:00:00,Aston Villa,Arsenal,Designado por Liga,0,0,0,0
2026-09-04 19:00:00,Ipswich,Liverpool,Designado por Liga,0,0,0,0
2026-09-05 14:00:00,Brentford,Sunderland,Designado por Liga,0,0,0,0
2026-09-05 14:00:00,Brighton,Leeds,Designado por Liga,0,0,0,0
2026-09-05 14:00:00,Fulham,Crystal Palace,Designado por Liga,0,0,0,0
2026-09-05 16:30:00,Hull,Aston Villa,Designado por Liga,0,0,0,0
2026-09-05 14:00:00,Manchester City,Coventry,Designado por Liga,0,0,0,0
2026-09-05 11:30:00,Newcastle United,Bournemouth,Designado por Liga,0,0,0,0
2026-09-05 14:00:00,Nottingham Forest,Tottenham,Designado por Liga,0,0,0,0
2026-09-06 15:30:00,Arsenal,Chelsea,Designado por Liga,0,0,0,0
2026-09-06 13:00:00,Everton,Manchester United,Designado por Liga,0,0,0,0
2026-09-12 14:00:00,Aston Villa,Nottingham Forest,Designado por Liga,0,0,0,0
2026-09-12 14:00:00,Bournemouth,Brentford,Designado por Liga,0,0,0,0
2026-09-12 14:00:00,Chelsea,Hull,Designado por Liga,0,0,0,0
2026-09-12 14:00:00,Crystal Palace,Ipswich,Designado por Liga,0,0,0,0
2026-09-12 14:00:00,Liverpool,Fulham,Designado por Liga,0,0,0,0
2026-09-12 19:00:00,Sunderland,Arsenal,Designado por Liga,0,0,0,0
2026-09-12 16:30:00,Tottenham,Everton,Designado por Liga,0,0,0,0
2026-09-13 13:00:00,Coventry,Brighton,Designado por Liga,0,0,0,0
2026-09-13 15:30:00,Manchester United,Manchester City,Designado por Liga,0,0,0,0
2026-09-14 19:00:00,Leeds,Newcastle United,Designado por Liga,0,0,0,0
2026-09-18 19:00:00,Brentford,Chelsea,Designado por Liga,0,0,0,0
2026-09-19 14:00:00,Brighton,Arsenal,Designado por Liga,0,0,0,0
2026-09-19 14:00:00,Everton,Ipswich,Designado por Liga,0,0,0,0
2026-09-19 14:00:00,Leeds,Crystal Palace,Designado por Liga,0,0,0,0
2026-09-19 14:00:00,Manchester City,Sunderland,Designado por Liga,0,0,0,0
2026-09-19 14:00:00,Newcastle United,Hull,Designado por Liga,0,0,0,0
2026-09-19 16:30:00,Nottingham Forest,Coventry,Designado por Liga,0,0,0,0
2026-09-19 11:30:00,Tottenham,Aston Villa,Designado por Liga,0,0,0,0
2026-09-20 13:00:00,Bournemouth,Liverpool,Designado por Liga,0,0,0,0
2026-09-20 15:30:00,Fulham,Manchester United,Designado por Liga,0,0,0,0
2026-10-10 11:30:00,Arsenal,Leeds,Designado por Liga,0,0,0,0
2026-10-10 14:00:00,Aston Villa,Brentford,Designado por Liga,0,0,0,0
2026-10-10 14:00:00,Chelsea,Bournemouth,Designado por Liga,0,0,0,0
2026-10-10 14:00:00,Ipswich,Fulham,Designado por Liga,0,0,0,0
2026-10-10 16:30:00,Manchester United,Tottenham,Designado por Liga,0,0,0,0
2026-10-10 14:00:00,Sunderland,Brighton,Designado por Liga,0,0,0,0
2026-10-11 13:00:00,Crystal Palace,Nottingham Forest,Designado por Liga,0,0,0,0
2026-10-11 13:00:00,Hull,Everton,Designado por Liga,0,0,0,0
2026-10-11 15:30:00,Liverpool,Manchester City,Designado por Liga,0,0,0,0
2026-10-12 19:00:00,Coventry,Newcastle United,Designado por Liga,0,0,0,0
2026-10-17 14:00:00,Brentford,Liverpool,Designado por Liga,0,0,0,0
2026-10-17 11:30:00,Everton,Chelsea,Designado por Liga,0,0,0,0
2026-10-17 14:00:00,Fulham,Hull,Designado por Liga,0,0,0,0
2026-10-17 14:00:00,Manchester City,Ipswich,Designado por Liga,0,0,0,0
2026-10-17 16:30:00,Newcastle United,Aston Villa,Designado por Liga,0,0,0,0
2026-10-18 13:00:00,Bournemouth,Sunderland,Designado por Liga,0,0,0,0
2026-10-18 13:00:00,Brighton,Crystal Palace,Designado por Liga,0,0,0,0
2026-10-18 13:00:00,Leeds,Manchester United,Designado por Liga,0,0,0,0
2026-10-18 15:30:00,Nottingham Forest,Arsenal,Designado por Liga,0,0,0,0
2026-10-19 19:00:00,Tottenham,Coventry,Designado por Liga,0,0,0,0
2026-10-23 19:00:00,Ipswich,Nottingham Forest,Designado por Liga,0,0,0,0
2026-10-24 14:00:00,Arsenal,Everton,Designado por Liga,0,0,0,0
2026-10-24 11:30:00,Aston Villa,Manchester City,Designado por Liga,0,0,0,0
2026-10-24 16:30:00,Chelsea,Tottenham,Designado por Liga,0,0,0,0
2026-10-24 14:00:00,Coventry,Fulham,Designado por Liga,0,0,0,0
2026-10-24 14:00:00,Liverpool,Brighton,Designado por Liga,0,0,0,0
2026-10-25 14:00:00,Crystal Palace,Newcastle United,Designado por Liga,0,0,0,0
2026-10-25 14:00:00,Hull,Brentford,Designado por Liga,0,0,0,0
2026-10-25 14:00:00,Manchester United,Bournemouth,Designado por Liga,0,0,0,0
2026-10-25 16:30:00,Sunderland,Leeds,Designado por Liga,0,0,0,0
2026-10-31 15:00:00,Bournemouth,Leeds,Designado por Liga,0,0,0,0
2026-10-31 15:00:00,Brentford,Nottingham Forest,Designado por Liga,0,0,0,0
2026-10-31 12:30:00,Chelsea,Manchester United,Designado por Liga,0,0,0,0
2026-10-31 15:00:00,Coventry,Sunderland,Designado por Liga,0,0,0,0
2026-10-31 15:00:00,Hull,Ipswich,Designado por Liga,0,0,0,0
2026-10-31 15:00:00,Manchester City,Brighton,Designado por Liga,0,0,0,0
2026-10-31 17:30:00,Tottenham,Crystal Palace,Designado por Liga,0,0,0,0
2026-11-01 14:00:00,Aston Villa,Fulham,Designado por Liga,0,0,0,0
2026-11-01 16:30:00,Liverpool,Arsenal,Designado por Liga,0,0,0,0
2026-11-02 20:00:00,Newcastle United,Everton,Designado por Liga,0,0,0,0
2026-11-07 15:00:00,Arsenal,Hull,Designado por Liga,0,0,0,0
2026-11-07 15:00:00,Brighton,Brentford,Designado por Liga,0,0,0,0
2026-11-07 15:00:00,Crystal Palace,Liverpool,Designado por Liga,0,0,0,0
2026-11-07 15:00:00,Everton,Coventry,Designado por Liga,0,0,0,0
2026-11-07 15:00:00,Fulham,Newcastle United,Designado por Liga,0,0,0,0
2026-11-07 15:00:00,Ipswich,Bournemouth,Designado por Liga,0,0,0,0
2026-11-07 15:00:00,Leeds,Tottenham,Designado por Liga,0,0,0,0
2026-11-07 15:00:00,Manchester United,Aston Villa,Designado por Liga,0,0,0,0
2026-11-07 15:00:00,Nottingham Forest,Manchester City,Designado por Liga,0,0,0,0
2026-11-07 15:00:00,Sunderland,Chelsea,Designado por Liga,0,0,0,0
2026-11-21 15:00:00,Aston Villa,Sunderland,Designado por Liga,0,0,0,0
2026-11-21 15:00:00,Bournemouth,Nottingham Forest,Designado por Liga,0,0,0,0
2026-11-21 15:00:00,Brentford,Everton,Designado por Liga,0,0,0,0
2026-11-21 15:00:00,Chelsea,Leeds,Designado por Liga,0,0,0,0
2026-11-21 15:00:00,Coventry,Crystal Palace,Designado por Liga,0,0,0,0
2026-11-21 15:00:00,Hull,Brighton,Designado por Liga,0,0,0,0
2026-11-21 15:00:00,Liverpool,Manchester United,Designado por Liga,0,0,0,0
2026-11-21 15:00:00,Manchester City,Fulham,Designado por Liga,0,0,0,0
2026-11-21 15:00:00,Newcastle United,Arsenal,Designado por Liga,0,0,0,0
2026-11-21 15:00:00,Tottenham,Ipswich,Designado por Liga,0,0,0,0
2026-11-28 15:00:00,Arsenal,Manchester City,Designado por Liga,0,0,0,0
2026-11-28 15:00:00,Brighton,Newcastle United,Designado por Liga,0,0,0,0
2026-11-28 15:00:00,Crystal Palace,Hull,Designado por Liga,0,0,0,0
2026-11-28 15:00:00,Everton,Liverpool,Designado por Liga,0,0,0,0
2026-11-28 15:00:00,Fulham,Bournemouth,Designado por Liga,0,0,0,0
2026-11-28 15:00:00,Ipswich,Aston Villa,Designado por Liga,0,0,0,0
2026-11-28 15:00:00,Leeds,Coventry,Designado por Liga,0,0,0,0
2026-11-28 15:00:00,Manchester United,Brentford,Designado por Liga,0,0,0,0
2026-11-28 15:00:00,Nottingham Forest,Chelsea,Designado por Liga,0,0,0,0
2026-11-28 15:00:00,Sunderland,Tottenham,Designado por Liga,0,0,0,0
2026-12-02 20:00:00,Aston Villa,Everton,Designado por Liga,0,0,0,0
2026-12-02 20:00:00,Bournemouth,Brighton,Designado por Liga,0,0,0,0
2026-12-02 20:00:00,Brentford,Arsenal,Designado por Liga,0,0,0,0
2026-12-02 20:00:00,Chelsea,Crystal Palace,Designado por Liga,0,0,0,0
2026-12-02 20:00:00,Coventry,Ipswich,Designado por Liga,0,0,0,0
2026-12-02 20:00:00,Hull,Nottingham Forest,Designado por Liga,0,0,0,0
2026-12-02 20:00:00,Liverpool,Sunderland,Designado por Liga,0,0,0,0
2026-12-02 20:00:00,Manchester City,Leeds,Designado por Liga,0,0,0,0
2026-12-02 20:00:00,Newcastle United,Manchester United,Designado por Liga,0,0,0,0
2026-12-02 20:00:00,Tottenham,Fulham,Designado por Liga,0,0,0,0
2026-12-05 15:00:00,Aston Villa,Crystal Palace,Designado por Liga,0,0,0,0
2026-12-05 15:00:00,Bournemouth,Hull,Designado por Liga,0,0,0,0
2026-12-05 15:00:00,Brentford,Manchester City,Designado por Liga,0,0,0,0
2026-12-05 15:00:00,Chelsea,Liverpool,Designado por Liga,0,0,0,0
2026-12-05 15:00:00,Everton,Fulham,Designado por Liga,0,0,0,0
2026-12-05 15:00:00,Leeds,Ipswich,Designado por Liga,0,0,0,0
2026-12-05 15:00:00,Manchester United,Coventry,Designado por Liga,0,0,0,0
2026-12-05 15:00:00,Newcastle United,Sunderland,Designado por Liga,0,0,0,0
2026-12-05 15:00:00,Nottingham Forest,Brighton,Designado por Liga,0,0,0,0
2026-12-05 15:00:00,Tottenham,Arsenal,Designado por Liga,0,0,0,0
2026-12-12 15:00:00,Arsenal,Bournemouth,Designado por Liga,0,0,0,0
2026-12-12 15:00:00,Brighton,Everton,Designado por Liga,0,0,0,0
2026-12-12 15:00:00,Coventry,Aston Villa,Designado por Liga,0,0,0,0
2026-12-12 15:00:00,Crystal Palace,Manchester United,Designado por Liga,0,0,0,0
2026-12-12 15:00:00,Fulham,Brentford,Designado por Liga,0,0,0,0
2026-12-12 15:00:00,Hull,Tottenham,Designado por Liga,0,0,0,0
2026-12-12 15:00:00,Ipswich,Newcastle United,Designado por Liga,0,0,0,0
2026-12-12 15:00:00,Liverpool,Leeds,Designado por Liga,0,0,0,0
2026-12-12 15:00:00,Manchester City,Chelsea,Designado por Liga,0,0,0,0
2026-12-12 15:00:00,Sunderland,Nottingham Forest,Designado por Liga,0,0,0,0
2026-12-19 15:00:00,Arsenal,Manchester United,Designado por Liga,0,0,0,0
2026-12-19 15:00:00,Bournemouth,Coventry,Designado por Liga,0,0,0,0
2026-12-19 15:00:00,Brentford,Newcastle United,Designado por Liga,0,0,0,0
2026-12-19 15:00:00,Brighton,Ipswich,Designado por Liga,0,0,0,0
2026-12-19 15:00:00,Chelsea,Aston Villa,Designado por Liga,0,0,0,0
2026-12-19 15:00:00,Leeds,Fulham,Designado por Liga,0,0,0,0
2026-12-19 15:00:00,Liverpool,Tottenham,Designado por Liga,0,0,0,0
2026-12-19 15:00:00,Manchester City,Hull,Designado por Liga,0,0,0,0
2026-12-19 15:00:00,Nottingham Forest,Everton,Designado por Liga,0,0,0,0
2026-12-19 15:00:00,Sunderland,Crystal Palace,Designado por Liga,0,0,0,0
2026-12-26 15:00:00,Aston Villa,Leeds,Designado por Liga,0,0,0,0
2026-12-26 15:00:00,Coventry,Chelsea,Designado por Liga,0,0,0,0
2026-12-26 15:00:00,Crystal Palace,Arsenal,Designado por Liga,0,0,0,0
2026-12-26 15:00:00,Everton,Sunderland,Designado por Liga,0,0,0,0
2026-12-26 15:00:00,Fulham,Brighton,Designado por Liga,0,0,0,0
2026-12-26 15:00:00,Hull,Liverpool,Designado por Liga,0,0,0,0
2026-12-26 15:00:00,Ipswich,Brentford,Designado por Liga,0,0,0,0
2026-12-26 15:00:00,Manchester United,Nottingham Forest,Designado por Liga,0,0,0,0
2026-12-26 15:00:00,Newcastle United,Manchester City,Designado por Liga,0,0,0,0
2026-12-26 15:00:00,Tottenham,Bournemouth,Designado por Liga,0,0,0,0
2026-12-30 20:00:00,Aston Villa,Liverpool,Designado por Liga,0,0,0,0
2026-12-30 20:00:00,Coventry,Brentford,Designado por Liga,0,0,0,0
2026-12-30 20:00:00,Crystal Palace,Bournemouth,Designado por Liga,0,0,0,0
2026-12-30 20:00:00,Everton,Manchester City,Designado por Liga,0,0,0,0
2026-12-30 20:00:00,Fulham,Arsenal,Designado por Liga,0,0,0,0
2026-12-30 20:00:00,Hull,Leeds,Designado por Liga,0,0,0,0
2026-12-30 20:00:00,Ipswich,Chelsea,Designado por Liga,0,0,0,0
2026-12-30 20:00:00,Manchester United,Sunderland,Designado por Liga,0,0,0,0
2026-12-30 20:00:00,Newcastle United,Nottingham Forest,Designado por Liga,0,0,0,0
2026-12-30 20:00:00,Tottenham,Brighton,Designado por Liga,0,0,0,0
2027-01-02 15:00:00,Arsenal,Ipswich,Designado por Liga,0,0,0,0
2027-01-02 15:00:00,Bournemouth,Aston Villa,Designado por Liga,0,0,0,0
2027-01-02 15:00:00,Brentford,Crystal Palace,Designado por Liga,0,0,0,0
2027-01-02 15:00:00,Brighton,Manchester United,Designado por Liga,0,0,0,0
2027-01-02 15:00:00,Chelsea,Newcastle United,Designado por Liga,0,0,0,0
2027-01-02 15:00:00,Leeds,Everton,Designado por Liga,0,0,0,0
2027-01-02 15:00:00,Liverpool,Coventry,Designado por Liga,0,0,0,0
2027-01-02 15:00:00,Manchester City,Tottenham,Designado por Liga,0,0,0,0
2027-01-02 15:00:00,Nottingham Forest,Fulham,Designado por Liga,0,0,0,0
2027-01-02 15:00:00,Sunderland,Hull,Designado por Liga,0,0,0,0
2027-01-06 20:00:00,Arsenal,Brentford,Designado por Liga,0,0,0,0
2027-01-06 20:00:00,Brighton,Bournemouth,Designado por Liga,0,0,0,0
2027-01-06 20:00:00,Crystal Palace,Chelsea,Designado por Liga,0,0,0,0
2027-01-06 20:00:00,Everton,Aston Villa,Designado por Liga,0,0,0,0
2027-01-06 20:00:00,Fulham,Tottenham,Designado por Liga,0,0,0,0
2027-01-06 20:00:00,Ipswich,Coventry,Designado por Liga,0,0,0,0
2027-01-06 20:00:00,Leeds,Manchester City,Designado por Liga,0,0,0,0
2027-01-06 20:00:00,Manchester United,Newcastle United,Designado por Liga,0,0,0,0
2027-01-06 20:00:00,Nottingham Forest,Hull,Designado por Liga,0,0,0,0
2027-01-06 20:00:00,Sunderland,Liverpool,Designado por Liga,0,0,0,0
2027-01-16 15:00:00,Aston Villa,Manchester United,Designado por Liga,0,0,0,0
2027-01-16 15:00:00,Bournemouth,Ipswich,Designado por Liga,0,0,0,0
2027-01-16 15:00:00,Brentford,Brighton,Designado por Liga,0,0,0,0
2027-01-16 15:00:00,Chelsea,Sunderland,Designado por Liga,0,0,0,0
2027-01-16 15:00:00,Coventry,Everton,Designado por Liga,0,0,0,0
2027-01-16 15:00:00,Hull,Arsenal,Designado por Liga,0,0,0,0
2027-01-16 15:00:00,Liverpool,Crystal Palace,Designado por Liga,0,0,0,0
2027-01-16 15:00:00,Manchester City,Nottingham Forest,Designado por Liga,0,0,0,0
2027-01-16 15:00:00,Newcastle United,Fulham,Designado por Liga,0,0,0,0
2027-01-16 15:00:00,Tottenham,Leeds,Designado por Liga,0,0,0,0
2027-01-23 15:00:00,Arsenal,Newcastle United,Designado por Liga,0,0,0,0
2027-01-23 15:00:00,Brighton,Manchester City,Designado por Liga,0,0,0,0
2027-01-23 15:00:00,Crystal Palace,Tottenham,Designado por Liga,0,0,0,0
2027-01-23 15:00:00,Everton,Brentford,Designado por Liga,0,0,0,0
2027-01-23 15:00:00,Fulham,Aston Villa,Designado por Liga,0,0,0,0
2027-01-23 15:00:00,Ipswich,Hull,Designado por Liga,0,0,0,0
2027-01-23 15:00:00,Leeds,Chelsea,Designado por Liga,0,0,0,0
2027-01-23 15:00:00,Manchester United,Liverpool,Designado por Liga,0,0,0,0
2027-01-23 15:00:00,Nottingham Forest,Bournemouth,Designado por Liga,0,0,0,0
2027-01-23 15:00:00,Sunderland,Coventry,Designado por Liga,0,0,0,0
2027-01-30 15:00:00,Aston Villa,Ipswich,Designado por Liga,0,0,0,0
2027-01-30 15:00:00,Bournemouth,Fulham,Designado por Liga,0,0,0,0
2027-01-30 15:00:00,Brentford,Manchester United,Designado por Liga,0,0,0,0
2027-01-30 15:00:00,Chelsea,Nottingham Forest,Designado por Liga,0,0,0,0
2027-01-30 15:00:00,Coventry,Leeds,Designado por Liga,0,0,0,0
2027-01-30 15:00:00,Hull,Crystal Palace,Designado por Liga,0,0,0,0
2027-01-30 15:00:00,Liverpool,Everton,Designado por Liga,0,0,0,0
2027-01-30 15:00:00,Manchester City,Arsenal,Designado por Liga,0,0,0,0
2027-01-30 15:00:00,Newcastle United,Brighton,Designado por Liga,0,0,0,0
2027-01-30 15:00:00,Tottenham,Sunderland,Designado por Liga,0,0,0,0
2027-02-06 15:00:00,Arsenal,Liverpool,Designado por Liga,0,0,0,0
2027-02-06 15:00:00,Brighton,Hull,Designado por Liga,0,0,0,0
2027-02-06 15:00:00,Crystal Palace,Coventry,Designado por Liga,0,0,0,0
2027-02-06 15:00:00,Everton,Newcastle United,Designado por Liga,0,0,0,0
2027-02-06 15:00:00,Fulham,Manchester City,Designado por Liga,0,0,0,0
2027-02-06 15:00:00,Ipswich,Tottenham,Designado por Liga,0,0,0,0
2027-02-06 15:00:00,Leeds,Bournemouth,Designado por Liga,0,0,0,0
2027-02-06 15:00:00,Manchester United,Chelsea,Designado por Liga,0,0,0,0
2027-02-06 15:00:00,Nottingham Forest,Brentford,Designado por Liga,0,0,0,0
2027-02-06 15:00:00,Sunderland,Aston Villa,Designado por Liga,0,0,0,0
2027-02-10 20:00:00,Aston Villa,Bournemouth,Designado por Liga,0,0,0,0
2027-02-10 20:00:00,Coventry,Liverpool,Designado por Liga,0,0,0,0
2027-02-10 20:00:00,Crystal Palace,Brentford,Designado por Liga,0,0,0,0
2027-02-10 20:00:00,Everton,Leeds,Designado por Liga,0,0,0,0
2027-02-10 20:00:00,Fulham,Nottingham Forest,Designado por Liga,0,0,0,0
2027-02-10 20:00:00,Hull,Sunderland,Designado por Liga,0,0,0,0
2027-02-10 20:00:00,Ipswich,Arsenal,Designado por Liga,0,0,0,0
2027-02-10 20:00:00,Manchester United,Brighton,Designado por Liga,0,0,0,0
2027-02-10 20:00:00,Newcastle United,Chelsea,Designado por Liga,0,0,0,0
2027-02-10 20:00:00,Tottenham,Manchester City,Designado por Liga,0,0,0,0
2027-02-20 15:00:00,Arsenal,Fulham,Designado por Liga,0,0,0,0
2027-02-20 15:00:00,Bournemouth,Crystal Palace,Designado por Liga,0,0,0,0
2027-02-20 15:00:00,Brentford,Coventry,Designado por Liga,0,0,0,0
2027-02-20 15:00:00,Brighton,Tottenham,Designado por Liga,0,0,0,0
2027-02-20 15:00:00,Chelsea,Ipswich,Designado por Liga,0,0,0,0
2027-02-20 15:00:00,Leeds,Aston Villa,Designado por Liga,0,0,0,0
2027-02-20 15:00:00,Liverpool,Hull,Designado por Liga,0,0,0,0
2027-02-20 15:00:00,Manchester City,Newcastle United,Designado por Liga,0,0,0,0
2027-02-20 15:00:00,Nottingham Forest,Manchester United,Designado por Liga,0,0,0,0
2027-02-20 15:00:00,Sunderland,Everton,Designado por Liga,0,0,0,0
2027-02-27 15:00:00,Aston Villa,Chelsea,Designado por Liga,0,0,0,0
2027-02-27 15:00:00,Coventry,Bournemouth,Designado por Liga,0,0,0,0
2027-02-27 15:00:00,Crystal Palace,Sunderland,Designado por Liga,0,0,0,0
2027-02-27 15:00:00,Everton,Nottingham Forest,Designado por Liga,0,0,0,0
2027-02-27 15:00:00,Fulham,Leeds,Designado por Liga,0,0,0,0
2027-02-27 15:00:00,Hull,Manchester City,Designado por Liga,0,0,0,0
2027-02-27 15:00:00,Ipswich,Brighton,Designado por Liga,0,0,0,0
2027-02-27 15:00:00,Manchester United,Arsenal,Designado por Liga,0,0,0,0
2027-02-27 15:00:00,Newcastle United,Brentford,Designado por Liga,0,0,0,0
2027-02-27 15:00:00,Tottenham,Liverpool,Designado por Liga,0,0,0,0
2027-03-03 20:00:00,Arsenal,Crystal Palace,Designado por Liga,0,0,0,0
2027-03-03 20:00:00,Bournemouth,Tottenham,Designado por Liga,0,0,0,0
2027-03-03 20:00:00,Brentford,Ipswich,Designado por Liga,0,0,0,0
2027-03-03 20:00:00,Brighton,Fulham,Designado por Liga,0,0,0,0
2027-03-03 20:00:00,Chelsea,Coventry,Designado por Liga,0,0,0,0
2027-03-03 20:00:00,Leeds,Hull,Designado por Liga,0,0,0,0
2027-03-03 20:00:00,Liverpool,Aston Villa,Designado por Liga,0,0,0,0
2027-03-03 20:00:00,Manchester City,Everton,Designado por Liga,0,0,0,0
2027-03-03 20:00:00,Nottingham Forest,Newcastle United,Designado por Liga,0,0,0,0
2027-03-03 20:00:00,Sunderland,Manchester United,Designado por Liga,0,0,0,0
2027-03-13 15:00:00,Aston Villa,Hull,Designado por Liga,0,0,0,0
2027-03-13 15:00:00,Bournemouth,Newcastle United,Designado por Liga,0,0,0,0
2027-03-13 15:00:00,Chelsea,Arsenal,Designado por Liga,0,0,0,0
2027-03-13 15:00:00,Coventry,Manchester City,Designado por Liga,0,0,0,0
2027-03-13 15:00:00,Crystal Palace,Fulham,Designado por Liga,0,0,0,0
2027-03-13 15:00:00,Leeds,Brighton,Designado por Liga,0,0,0,0
2027-03-13 15:00:00,Liverpool,Ipswich,Designado por Liga,0,0,0,0
2027-03-13 15:00:00,Manchester United,Everton,Designado por Liga,0,0,0,0
2027-03-13 15:00:00,Sunderland,Brentford,Designado por Liga,0,0,0,0
2027-03-13 15:00:00,Tottenham,Nottingham Forest,Designado por Liga,0,0,0,0
2027-03-20 15:00:00,Arsenal,Sunderland,Designado por Liga,0,0,0,0
2027-03-20 15:00:00,Brentford,Bournemouth,Designado por Liga,0,0,0,0
2027-03-20 15:00:00,Brighton,Coventry,Designado por Liga,0,0,0,0
2027-03-20 15:00:00,Everton,Tottenham,Designado por Liga,0,0,0,0
2027-03-20 15:00:00,Fulham,Liverpool,Designado por Liga,0,0,0,0
2027-03-20 15:00:00,Hull,Chelsea,Designado por Liga,0,0,0,0
2027-03-20 15:00:00,Ipswich,Crystal Palace,Designado por Liga,0,0,0,0
2027-03-20 15:00:00,Manchester City,Manchester United,Designado por Liga,0,0,0,0
2027-03-20 15:00:00,Newcastle United,Leeds,Designado por Liga,0,0,0,0
2027-03-20 15:00:00,Nottingham Forest,Aston Villa,Designado por Liga,0,0,0,0
2027-04-10 14:00:00,Aston Villa,Brighton,Designado por Liga,0,0,0,0
2027-04-10 14:00:00,Bournemouth,Manchester City,Designado por Liga,0,0,0,0
2027-04-10 14:00:00,Chelsea,Fulham,Designado por Liga,0,0,0,0
2027-04-10 14:00:00,Coventry,Arsenal,Designado por Liga,0,0,0,0
2027-04-10 14:00:00,Crystal Palace,Everton,Designado por Liga,0,0,0,0
2027-04-10 14:00:00,Leeds,Nottingham Forest,Designado por Liga,0,0,0,0
2027-04-10 14:00:00,Liverpool,Newcastle United,Designado por Liga,0,0,0,0
2027-04-10 14:00:00,Manchester United,Hull,Designado por Liga,0,0,0,0
2027-04-10 14:00:00,Sunderland,Ipswich,Designado por Liga,0,0,0,0
2027-04-10 14:00:00,Tottenham,Brentford,Designado por Liga,0,0,0,0
2027-04-17 14:00:00,Arsenal,Aston Villa,Designado por Liga,0,0,0,0
2027-04-17 14:00:00,Brentford,Leeds,Designado por Liga,0,0,0,0
2027-04-17 14:00:00,Brighton,Chelsea,Designado por Liga,0,0,0,0
2027-04-17 14:00:00,Everton,Bournemouth,Designado por Liga,0,0,0,0
2027-04-17 14:00:00,Fulham,Sunderland,Designado por Liga,0,0,0,0
2027-04-17 14:00:00,Hull,Coventry,Designado por Liga,0,0,0,0
2027-04-17 14:00:00,Ipswich,Manchester United,Designado por Liga,0,0,0,0
2027-04-17 14:00:00,Manchester City,Crystal Palace,Designado por Liga,0,0,0,0
2027-04-17 14:00:00,Newcastle United,Tottenham,Designado por Liga,0,0,0,0
2027-04-17 14:00:00,Nottingham Forest,Liverpool,Designado por Liga,0,0,0,0
2027-04-24 14:00:00,Aston Villa,Coventry,Designado por Liga,0,0,0,0
2027-04-24 14:00:00,Bournemouth,Arsenal,Designado por Liga,0,0,0,0
2027-04-24 14:00:00,Brentford,Fulham,Designado por Liga,0,0,0,0
2027-04-24 14:00:00,Chelsea,Manchester City,Designado por Liga,0,0,0,0
2027-04-24 14:00:00,Everton,Brighton,Designado por Liga,0,0,0,0
2027-04-24 14:00:00,Leeds,Liverpool,Designado por Liga,0,0,0,0
2027-04-24 14:00:00,Manchester United,Crystal Palace,Designado por Liga,0,0,0,0
2027-04-24 14:00:00,Newcastle United,Ipswich,Designado por Liga,0,0,0,0
2027-04-24 14:00:00,Nottingham Forest,Sunderland,Designado por Liga,0,0,0,0
2027-04-24 14:00:00,Tottenham,Hull,Designado por Liga,0,0,0,0
2027-05-01 14:00:00,Arsenal,Tottenham,Designado por Liga,0,0,0,0
2027-05-01 14:00:00,Brighton,Nottingham Forest,Designado por Liga,0,0,0,0
2027-05-01 14:00:00,Coventry,Manchester United,Designado por Liga,0,0,0,0
2027-05-01 14:00:00,Crystal Palace,Aston Villa,Designado por Liga,0,0,0,0
2027-05-01 14:00:00,Fulham,Everton,Designado por Liga,0,0,0,0
2027-05-01 14:00:00,Hull,Bournemouth,Designado por Liga,0,0,0,0
2027-05-01 14:00:00,Ipswich,Leeds,Designado por Liga,0,0,0,0
2027-05-01 14:00:00,Liverpool,Chelsea,Designado por Liga,0,0,0,0
2027-05-01 14:00:00,Manchester City,Brentford,Designado por Liga,0,0,0,0
2027-05-01 14:00:00,Sunderland,Newcastle United,Designado por Liga,0,0,0,0
2027-05-08 14:00:00,Bournemouth,Manchester United,Designado por Liga,0,0,0,0
2027-05-08 14:00:00,Brentford,Aston Villa,Designado por Liga,0,0,0,0
2027-05-08 14:00:00,Brighton,Sunderland,Designado por Liga,0,0,0,0
2027-05-08 14:00:00,Everton,Hull,Designado por Liga,0,0,0,0
2027-05-08 14:00:00,Fulham,Ipswich,Designado por Liga,0,0,0,0
2027-05-08 14:00:00,Leeds,Arsenal,Designado por Liga,0,0,0,0
2027-05-08 14:00:00,Manchester City,Liverpool,Designado por Liga,0,0,0,0
2027-05-08 14:00:00,Newcastle United,Coventry,Designado por Liga,0,0,0,0
2027-05-08 14:00:00,Nottingham Forest,Crystal Palace,Designado por Liga,0,0,0,0
2027-05-08 14:00:00,Tottenham,Chelsea,Designado por Liga,0,0,0,0
2027-05-15 14:00:00,Arsenal,Nottingham Forest,Designado por Liga,0,0,0,0
2027-05-15 14:00:00,Aston Villa,Newcastle United,Designado por Liga,0,0,0,0
2027-05-15 14:00:00,Chelsea,Everton,Designado por Liga,0,0,0,0
2027-05-15 14:00:00,Coventry,Tottenham,Designado por Liga,0,0,0,0
2027-05-15 14:00:00,Crystal Palace,Brighton,Designado por Liga,0,0,0,0
2027-05-15 14:00:00,Hull,Fulham,Designado por Liga,0,0,0,0
2027-05-15 14:00:00,Ipswich,Manchester City,Designado por Liga,0,0,0,0
2027-05-15 14:00:00,Liverpool,Brentford,Designado por Liga,0,0,0,0
2027-05-15 14:00:00,Manchester United,Leeds,Designado por Liga,0,0,0,0
2027-05-15 14:00:00,Sunderland,Bournemouth,Designado por Liga,0,0,0,0
2027-05-23 14:00:00,Bournemouth,Chelsea,Designado por Liga,0,0,0,0
2027-05-23 14:00:00,Brentford,Hull,Designado por Liga,0,0,0,0
2027-05-23 14:00:00,Brighton,Liverpool,Designado por Liga,0,0,0,0
2027-05-23 14:00:00,Everton,Arsenal,Designado por Liga,0,0,0,0
2027-05-23 14:00:00,Fulham,Coventry,Designado por Liga,0,0,0,0
2027-05-23 14:00:00,Leeds,Sunderland,Designado por Liga,0,0,0,0
2027-05-23 14:00:00,Manchester City,Aston Villa,Designado por Liga,0,0,0,0
2027-05-23 14:00:00,Newcastle United,Crystal Palace,Designado por Liga,0,0,0,0
2027-05-23 14:00:00,Nottingham Forest,Ipswich,Designado por Liga,0,0,0,0
2027-05-23 14:00:00,Tottenham,Manchester United,Designado por Liga,0,0,0,0
2027-05-30 15:00:00,Arsenal,Brighton,Designado por Liga,0,0,0,0
2027-05-30 15:00:00,Aston Villa,Tottenham,Designado por Liga,0,0,0,0
2027-05-30 15:00:00,Chelsea,Brentford,Designado por Liga,0,0,0,0
2027-05-30 15:00:00,Coventry,Nottingham Forest,Designado por Liga,0,0,0,0
2027-05-30 15:00:00,Crystal Palace,Leeds,Designado por Liga,0,0,0,0
2027-05-30 15:00:00,Hull,Newcastle United,Designado por Liga,0,0,0,0
2027-05-30 15:00:00,Ipswich,Everton,Designado por Liga,0,0,0,0
2027-05-30 15:00:00,Liverpool,Bournemouth,Designado por Liga,0,0,0,0
2027-05-30 15:00:00,Manchester United,Fulham,Designado por Liga,0,0,0,0
2027-05-30 15:00:00,Sunderland,Manchester City,Designado por Liga,0,0,0,0
2026-08-15 17:30:00,Alaves,Getafe,Designado por Liga,0,0,0,0
2026-08-15 19:30:00,Sevilla,Rayo Vallecano,Designado por Liga,0,0,0,0
2026-08-16 17:00:00,Espanyol,Levante,Designado por Liga,0,0,0,0
2026-08-16 15:00:00,Racing Santander,Villarreal,Designado por Liga,0,0,0,0
2026-08-17 19:00:00,Deportivo La Coruna,Elche,Designado por Liga,0,0,0,0
2026-08-19 19:00:00,Atletico Madrid,Malaga,Designado por Liga,0,0,0,0
2026-08-20 19:00:00,Rayo Vallecano,Alaves,Designado por Liga,0,0,0,0
2026-08-21 19:00:00,Real Betis,Real Sociedad,Designado por Liga,0,0,0,0
2026-08-22 15:00:00,Athletic Club,Sevilla,Designado por Liga,0,0,0,0
2026-08-22 19:30:00,Espanyol,Real Madrid,Designado por Liga,0,0,0,0
2026-08-22 17:30:00,Valencia,Celta Vigo,Designado por Liga,0,0,0,0
2026-08-23 15:00:00,Atletico Madrid,Villarreal,Designado por Liga,0,0,0,0
2026-08-23 19:30:00,Elche,Barcelona,Designado por Liga,0,0,0,0
2026-08-23 17:30:00,Getafe,Racing Santander,Designado por Liga,0,0,0,0
2026-08-24 19:30:00,Malaga,Deportivo La Coruna,Designado por Liga,0,0,0,0
2026-08-24 17:30:00,Osasuna,Levante,Designado por Liga,0,0,0,0
2026-08-25 19:00:00,Valencia,Real Betis,Designado por Liga,0,0,0,0
2026-08-26 19:00:00,Real Madrid,Real Sociedad,Designado por Liga,0,0,0,0
2026-08-27 19:00:00,Barcelona,Athletic Club,Designado por Liga,0,0,0,0
2026-08-27 18:30:00,Celta Vigo,Osasuna,Designado por Liga,0,0,0,0
2026-08-28 19:30:00,Alaves,Villarreal,Designado por Liga,0,0,0,0
2026-08-28 17:00:00,Racing Santander,Elche,Designado por Liga,0,0,0,0
2026-08-29 15:00:00,Levante,Real Betis,Designado por Liga,0,0,0,0
2026-08-29 17:00:00,Real Sociedad,Espanyol,Designado por Liga,0,0,0,0
2026-08-29 19:30:00,Sevilla,Atletico Madrid,Designado por Liga,0,0,0,0
2026-08-30 19:30:00,Celta Vigo,Athletic Club,Designado por Liga,0,0,0,0
2026-08-30 17:30:00,Deportivo La Coruna,Valencia,Designado por Liga,0,0,0,0
2026-08-30 15:00:00,Real Madrid,Malaga,Designado por Liga,0,0,0,0
2026-08-31 19:30:00,Barcelona,Rayo Vallecano,Designado por Liga,0,0,0,0
2026-08-31 17:30:00,Osasuna,Getafe,Designado por Liga,0,0,0,0
2026-09-03 19:00:00,Real Sociedad,Celta Vigo,Designado por Liga,0,0,0,0
2026-09-04 19:00:00,Real Betis,Real Madrid,Designado por Liga,0,0,0,0
2026-09-05 14:15:00,Athletic Club,Atletico Madrid,Designado por Liga,0,0,0,0
2026-09-05 16:30:00,Rayo Vallecano,Racing Santander,Designado por Liga,0,0,0,0
2026-09-05 19:00:00,Villarreal,Deportivo La Coruna,Designado por Liga,0,0,0,0
2026-09-06 16:30:00,Alaves,Osasuna,Designado por Liga,0,0,0,0
2026-09-06 19:00:00,Espanyol,Sevilla,Designado por Liga,0,0,0,0
2026-09-06 16:30:00,Malaga,Levante,Designado por Liga,0,0,0,0
2026-09-06 14:15:00,Valencia,Barcelona,Designado por Liga,0,0,0,0
2026-09-07 19:30:00,Elche,Real Sociedad,Designado por Liga,0,0,0,0
2026-09-07 17:00:00,Getafe,Celta Vigo,Designado por Liga,0,0,0,0
2026-09-13 15:00:00,Athletic Club,Elche,Designado por Liga,0,0,0,0
2026-09-13 15:00:00,Celta Vigo,Malaga,Designado por Liga,0,0,0,0
2026-09-13 15:00:00,Getafe,Deportivo La Coruna,Designado por Liga,0,0,0,0
2026-09-13 15:00:00,Levante,Barcelona,Designado por Liga,0,0,0,0
2026-09-13 15:00:00,Osasuna,Espanyol,Designado por Liga,0,0,0,0
2026-09-13 15:00:00,Racing Santander,Alaves,Designado por Liga,0,0,0,0
2026-09-13 15:00:00,Real Madrid,Rayo Vallecano,Designado por Liga,0,0,0,0
2026-09-13 15:00:00,Real Sociedad,Atletico Madrid,Designado por Liga,0,0,0,0
2026-09-13 15:00:00,Sevilla,Valencia,Designado por Liga,0,0,0,0
2026-09-13 15:00:00,Villarreal,Real Betis,Designado por Liga,0,0,0,0
2026-09-16 15:00:00,Alaves,Valencia,Designado por Liga,0,0,0,0
2026-09-16 15:00:00,Atletico Madrid,Osasuna,Designado por Liga,0,0,0,0
2026-09-16 15:00:00,Barcelona,Racing Santander,Designado por Liga,0,0,0,0
2026-09-16 15:00:00,Deportivo La Coruna,Sevilla,Designado por Liga,0,0,0,0
2026-09-16 15:00:00,Elche,Real Madrid,Designado por Liga,0,0,0,0
2026-09-16 15:00:00,Levante,Athletic Club,Designado por Liga,0,0,0,0
2026-09-16 15:00:00,Malaga,Villarreal,Designado por Liga,0,0,0,0
2026-09-16 15:00:00,Rayo Vallecano,Espanyol,Designado por Liga,0,0,0,0
2026-09-16 15:00:00,Real Betis,Getafe,Designado por Liga,0,0,0,0
2026-09-20 15:00:00,Athletic Club,Alaves,Designado por Liga,0,0,0,0
2026-09-20 15:00:00,Atletico Madrid,Real Madrid,Designado por Liga,0,0,0,0
2026-09-20 15:00:00,Celta Vigo,Racing Santander,Designado por Liga,0,0,0,0
2026-09-20 15:00:00,Deportivo La Coruna,Real Betis,Designado por Liga,0,0,0,0
2026-09-20 15:00:00,Espanyol,Elche,Designado por Liga,0,0,0,0
2026-09-20 15:00:00,Getafe,Malaga,Designado por Liga,0,0,0,0
2026-09-20 15:00:00,Osasuna,Rayo Vallecano,Designado por Liga,0,0,0,0
2026-09-20 15:00:00,Sevilla,Barcelona,Designado por Liga,0,0,0,0
2026-09-20 15:00:00,Valencia,Real Sociedad,Designado por Liga,0,0,0,0
2026-09-20 15:00:00,Villarreal,Levante,Designado por Liga,0,0,0,0
2026-10-11 15:00:00,Alaves,Atletico Madrid,Designado por Liga,0,0,0,0
2026-10-11 15:00:00,Barcelona,Getafe,Designado por Liga,0,0,0,0
2026-10-11 15:00:00,Elche,Celta Vigo,Designado por Liga,0,0,0,0
2026-10-11 15:00:00,Levante,Sevilla,Designado por Liga,0,0,0,0
2026-10-11 15:00:00,Malaga,Espanyol,Designado por Liga,0,0,0,0
2026-10-11 15:00:00,Racing Santander,Valencia,Designado por Liga,0,0,0,0
2026-10-11 15:00:00,Rayo Vallecano,Athletic Club,Designado por Liga,0,0,0,0
2026-10-11 15:00:00,Real Betis,Osasuna,Designado por Liga,0,0,0,0
2026-10-11 15:00:00,Real Madrid,Villarreal,Designado por Liga,0,0,0,0
2026-10-11 15:00:00,Real Sociedad,Deportivo La Coruna,Designado por Liga,0,0,0,0
2026-10-18 15:00:00,Celta Vigo,Alaves,Designado por Liga,0,0,0,0
2026-10-18 15:00:00,Deportivo La Coruna,Levante,Designado por Liga,0,0,0,0
2026-10-18 15:00:00,Espanyol,Atletico Madrid,Designado por Liga,0,0,0,0
2026-10-18 15:00:00,Getafe,Rayo Vallecano,Designado por Liga,0,0,0,0
2026-10-18 15:00:00,Malaga,Real Sociedad,Designado por Liga,0,0,0,0
2026-10-18 15:00:00,Osasuna,Racing Santander,Designado por Liga,0,0,0,0
2026-10-18 15:00:00,Real Betis,Barcelona,Designado por Liga,0,0,0,0
2026-10-18 15:00:00,Real Madrid,Sevilla,Designado por Liga,0,0,0,0
2026-10-18 15:00:00,Valencia,Athletic Club,Designado por Liga,0,0,0,0
2026-10-18 15:00:00,Villarreal,Elche,Designado por Liga,0,0,0,0
2026-10-25 16:00:00,Alaves,Malaga,Designado por Liga,0,0,0,0
2026-10-25 16:00:00,Athletic Club,Getafe,Designado por Liga,0,0,0,0
2026-10-25 16:00:00,Atletico Madrid,Deportivo La Coruna,Designado por Liga,0,0,0,0
2026-10-25 16:00:00,Barcelona,Real Madrid,Designado por Liga,0,0,0,0
2026-10-25 16:00:00,Celta Vigo,Real Betis,Designado por Liga,0,0,0,0
2026-10-25 16:00:00,Racing Santander,Espanyol,Designado por Liga,0,0,0,0
2026-10-25 16:00:00,Rayo Vallecano,Elche,Designado por Liga,0,0,0,0
2026-10-25 16:00:00,Real Sociedad,Levante,Designado por Liga,0,0,0,0
2026-10-25 16:00:00,Sevilla,Osasuna,Designado por Liga,0,0,0,0
2026-10-25 16:00:00,Valencia,Villarreal,Designado por Liga,0,0,0,0
2026-11-01 16:00:00,Athletic Club,Real Sociedad,Designado por Liga,0,0,0,0
2026-11-01 16:00:00,Barcelona,Alaves,Designado por Liga,0,0,0,0
2026-11-01 16:00:00,Deportivo La Coruna,Osasuna,Designado por Liga,0,0,0,0
2026-11-01 16:00:00,Elche,Valencia,Designado por Liga,0,0,0,0
2026-11-01 16:00:00,Getafe,Sevilla,Designado por Liga,0,0,0,0
2026-11-01 16:00:00,Levante,Atletico Madrid,Designado por Liga,0,0,0,0
2026-11-01 16:00:00,Racing Santander,Real Madrid,Designado por Liga,0,0,0,0
2026-11-01 16:00:00,Rayo Vallecano,Celta Vigo,Designado por Liga,0,0,0,0
2026-11-01 16:00:00,Real Betis,Malaga,Designado por Liga,0,0,0,0
2026-11-01 16:00:00,Villarreal,Espanyol,Designado por Liga,0,0,0,0
2026-11-08 16:00:00,Atletico Madrid,Barcelona,Designado por Liga,0,0,0,0
2026-11-08 16:00:00,Celta Vigo,Levante,Designado por Liga,0,0,0,0
2026-11-08 16:00:00,Elche,Real Betis,Designado por Liga,0,0,0,0
2026-11-08 16:00:00,Espanyol,Deportivo La Coruna,Designado por Liga,0,0,0,0
2026-11-08 16:00:00,Malaga,Racing Santander,Designado por Liga,0,0,0,0
2026-11-08 16:00:00,Osasuna,Athletic Club,Designado por Liga,0,0,0,0
2026-11-08 16:00:00,Real Sociedad,Rayo Vallecano,Designado por Liga,0,0,0,0
2026-11-08 16:00:00,Sevilla,Alaves,Designado por Liga,0,0,0,0
2026-11-08 16:00:00,Valencia,Real Madrid,Designado por Liga,0,0,0,0
2026-11-08 16:00:00,Villarreal,Getafe,Designado por Liga,0,0,0,0
2026-11-22 16:00:00,Alaves,Deportivo La Coruna,Designado por Liga,0,0,0,0
2026-11-22 16:00:00,Athletic Club,Espanyol,Designado por Liga,0,0,0,0
2026-11-22 16:00:00,Barcelona,Villarreal,Designado por Liga,0,0,0,0
2026-11-22 16:00:00,Getafe,Atletico Madrid,Designado por Liga,0,0,0,0
2026-11-22 16:00:00,Levante,Elche,Designado por Liga,0,0,0,0
2026-11-22 16:00:00,Osasuna,Malaga,Designado por Liga,0,0,0,0
2026-11-22 16:00:00,Racing Santander,Real Sociedad,Designado por Liga,0,0,0,0
2026-11-22 16:00:00,Rayo Vallecano,Valencia,Designado por Liga,0,0,0,0
2026-11-22 16:00:00,Real Madrid,Celta Vigo,Designado por Liga,0,0,0,0
2026-11-22 16:00:00,Sevilla,Real Betis,Designado por Liga,0,0,0,0
2026-11-29 16:00:00,Celta Vigo,Villarreal,Designado por Liga,0,0,0,0
2026-11-29 16:00:00,Deportivo La Coruna,Barcelona,Designado por Liga,0,0,0,0
2026-11-29 16:00:00,Elche,Atletico Madrid,Designado por Liga,0,0,0,0
2026-11-29 16:00:00,Espanyol,Getafe,Designado por Liga,0,0,0,0
2026-11-29 16:00:00,Levante,Racing Santander,Designado por Liga,0,0,0,0
2026-11-29 16:00:00,Malaga,Athletic Club,Designado por Liga,0,0,0,0
2026-11-29 16:00:00,Real Betis,Rayo Vallecano,Designado por Liga,0,0,0,0
2026-11-29 16:00:00,Real Madrid,Alaves,Designado por Liga,0,0,0,0
2026-11-29 16:00:00,Real Sociedad,Sevilla,Designado por Liga,0,0,0,0
2026-11-29 16:00:00,Valencia,Osasuna,Designado por Liga,0,0,0,0
2026-12-06 16:00:00,Alaves,Espanyol,Designado por Liga,0,0,0,0
2026-12-06 16:00:00,Athletic Club,Real Madrid,Designado por Liga,0,0,0,0
2026-12-06 16:00:00,Atletico Madrid,Real Betis,Designado por Liga,0,0,0,0
2026-12-06 16:00:00,Barcelona,Celta Vigo,Designado por Liga,0,0,0,0
2026-12-06 16:00:00,Getafe,Valencia,Designado por Liga,0,0,0,0
2026-12-06 16:00:00,Osasuna,Elche,Designado por Liga,0,0,0,0
2026-12-06 16:00:00,Racing Santander,Deportivo La Coruna,Designado por Liga,0,0,0,0
2026-12-06 16:00:00,Rayo Vallecano,Levante,Designado por Liga,0,0,0,0
2026-12-06 16:00:00,Sevilla,Malaga,Designado por Liga,0,0,0,0
2026-12-06 16:00:00,Villarreal,Real Sociedad,Designado por Liga,0,0,0,0
2026-12-13 16:00:00,Atletico Madrid,Valencia,Designado por Liga,0,0,0,0
2026-12-13 16:00:00,Deportivo La Coruna,Athletic Club,Designado por Liga,0,0,0,0
2026-12-13 16:00:00,Elche,Sevilla,Designado por Liga,0,0,0,0
2026-12-13 16:00:00,Espanyol,Celta Vigo,Designado por Liga,0,0,0,0
2026-12-13 16:00:00,Levante,Alaves,Designado por Liga,0,0,0,0
2026-12-13 16:00:00,Malaga,Barcelona,Designado por Liga,0,0,0,0
2026-12-13 16:00:00,Real Betis,Racing Santander,Designado por Liga,0,0,0,0
2026-12-13 16:00:00,Real Madrid,Osasuna,Designado por Liga,0,0,0,0
2026-12-13 16:00:00,Real Sociedad,Getafe,Designado por Liga,0,0,0,0
2026-12-13 16:00:00,Villarreal,Rayo Vallecano,Designado por Liga,0,0,0,0
2026-12-20 16:00:00,Alaves,Elche,Designado por Liga,0,0,0,0
2026-12-20 16:00:00,Athletic Club,Real Betis,Designado por Liga,0,0,0,0
2026-12-20 16:00:00,Barcelona,Real Sociedad,Designado por Liga,0,0,0,0
2026-12-20 16:00:00,Celta Vigo,Atletico Madrid,Designado por Liga,0,0,0,0
2026-12-20 16:00:00,Deportivo La Coruna,Real Madrid,Designado por Liga,0,0,0,0
2026-12-20 16:00:00,Getafe,Levante,Designado por Liga,0,0,0,0
2026-12-20 16:00:00,Osasuna,Villarreal,Designado por Liga,0,0,0,0
2026-12-20 16:00:00,Rayo Vallecano,Malaga,Designado por Liga,0,0,0,0
2026-12-20 16:00:00,Sevilla,Racing Santander,Designado por Liga,0,0,0,0
2026-12-20 16:00:00,Valencia,Espanyol,Designado por Liga,0,0,0,0
2027-01-03 16:00:00,Celta Vigo,Deportivo La Coruna,Designado por Liga,0,0,0,0
2027-01-03 16:00:00,Espanyol,Barcelona,Designado por Liga,0,0,0,0
2027-01-03 16:00:00,Levante,Valencia,Designado por Liga,0,0,0,0
2027-01-03 16:00:00,Malaga,Elche,Designado por Liga,0,0,0,0
2027-01-03 16:00:00,Racing Santander,Athletic Club,Designado por Liga,0,0,0,0
2027-01-03 16:00:00,Rayo Vallecano,Atletico Madrid,Designado por Liga,0,0,0,0
2027-01-03 16:00:00,Real Betis,Alaves,Designado por Liga,0,0,0,0
2027-01-03 16:00:00,Real Madrid,Getafe,Designado por Liga,0,0,0,0
2027-01-03 16:00:00,Real Sociedad,Osasuna,Designado por Liga,0,0,0,0
2027-01-03 16:00:00,Villarreal,Sevilla,Designado por Liga,0,0,0,0
2027-01-10 16:00:00,Alaves,Real Sociedad,Designado por Liga,0,0,0,0
2027-01-10 16:00:00,Athletic Club,Villarreal,Designado por Liga,0,0,0,0
2027-01-10 16:00:00,Atletico Madrid,Racing Santander,Designado por Liga,0,0,0,0
2027-01-10 16:00:00,Deportivo La Coruna,Rayo Vallecano,Designado por Liga,0,0,0,0
2027-01-10 16:00:00,Elche,Getafe,Designado por Liga,0,0,0,0
2027-01-10 16:00:00,Espanyol,Real Betis,Designado por Liga,0,0,0,0
2027-01-10 16:00:00,Osasuna,Barcelona,Designado por Liga,0,0,0,0
2027-01-10 16:00:00,Real Madrid,Levante,Designado por Liga,0,0,0,0
2027-01-10 16:00:00,Sevilla,Celta Vigo,Designado por Liga,0,0,0,0
2027-01-10 16:00:00,Valencia,Malaga,Designado por Liga,0,0,0,0
2027-01-17 16:00:00,Atletico Madrid,Real Sociedad,Designado por Liga,0,0,0,0
2027-01-17 16:00:00,Barcelona,Elche,Designado por Liga,0,0,0,0
2027-01-17 16:00:00,Celta Vigo,Valencia,Designado por Liga,0,0,0,0
2027-01-17 16:00:00,Getafe,Athletic Club,Designado por Liga,0,0,0,0
2027-01-17 16:00:00,Levante,Espanyol,Designado por Liga,0,0,0,0
2027-01-17 16:00:00,Malaga,Real Madrid,Designado por Liga,0,0,0,0
2027-01-17 16:00:00,Racing Santander,Osasuna,Designado por Liga,0,0,0,0
2027-01-17 16:00:00,Rayo Vallecano,Sevilla,Designado por Liga,0,0,0,0
2027-01-17 16:00:00,Real Betis,Deportivo La Coruna,Designado por Liga,0,0,0,0
2027-01-17 16:00:00,Villarreal,Alaves,Designado por Liga,0,0,0,0
2027-01-24 16:00:00,Alaves,Barcelona,Designado por Liga,0,0,0,0
2027-01-24 16:00:00,Athletic Club,Levante,Designado por Liga,0,0,0,0
2027-01-24 16:00:00,Deportivo La Coruna,Atletico Madrid,Designado por Liga,0,0,0,0
2027-01-24 16:00:00,Elche,Rayo Vallecano,Designado por Liga,0,0,0,0
2027-01-24 16:00:00,Espanyol,Villarreal,Designado por Liga,0,0,0,0
2027-01-24 16:00:00,Getafe,Osasuna,Designado por Liga,0,0,0,0
2027-01-24 16:00:00,Racing Santander,Celta Vigo,Designado por Liga,0,0,0,0
2027-01-24 16:00:00,Real Madrid,Real Betis,Designado por Liga,0,0,0,0
2027-01-24 16:00:00,Real Sociedad,Malaga,Designado por Liga,0,0,0,0
2027-01-24 16:00:00,Valencia,Sevilla,Designado por Liga,0,0,0,0
2027-01-31 16:00:00,Atletico Madrid,Espanyol,Designado por Liga,0,0,0,0
2027-01-31 16:00:00,Barcelona,Valencia,Designado por Liga,0,0,0,0
2027-01-31 16:00:00,Celta Vigo,Getafe,Designado por Liga,0,0,0,0
2027-01-31 16:00:00,Levante,Real Sociedad,Designado por Liga,0,0,0,0
2027-01-31 16:00:00,Malaga,Alaves,Designado por Liga,0,0,0,0
2027-01-31 16:00:00,Osasuna,Deportivo La Coruna,Designado por Liga,0,0,0,0
2027-01-31 16:00:00,Rayo Vallecano,Real Madrid,Designado por Liga,0,0,0,0
2027-01-31 16:00:00,Real Betis,Elche,Designado por Liga,0,0,0,0
2027-01-31 16:00:00,Sevilla,Athletic Club,Designado por Liga,0,0,0,0
2027-01-31 16:00:00,Villarreal,Racing Santander,Designado por Liga,0,0,0,0
2027-02-07 16:00:00,Alaves,Celta Vigo,Designado por Liga,0,0,0,0
2027-02-07 16:00:00,Athletic Club,Osasuna,Designado por Liga,0,0,0,0
2027-02-07 16:00:00,Barcelona,Atletico Madrid,Designado por Liga,0,0,0,0
2027-02-07 16:00:00,Deportivo La Coruna,Malaga,Designado por Liga,0,0,0,0
2027-02-07 16:00:00,Elche,Levante,Designado por Liga,0,0,0,0
2027-02-07 16:00:00,Espanyol,Rayo Vallecano,Designado por Liga,0,0,0,0
2027-02-07 16:00:00,Getafe,Villarreal,Designado por Liga,0,0,0,0
2027-02-07 16:00:00,Real Betis,Sevilla,Designado por Liga,0,0,0,0
2027-02-07 16:00:00,Real Sociedad,Real Madrid,Designado por Liga,0,0,0,0
2027-02-07 16:00:00,Valencia,Racing Santander,Designado por Liga,0,0,0,0
2027-02-14 16:00:00,Celta Vigo,Rayo Vallecano,Designado por Liga,0,0,0,0
2027-02-14 16:00:00,Elche,Deportivo La Coruna,Designado por Liga,0,0,0,0
2027-02-14 16:00:00,Levante,Malaga,Designado por Liga,0,0,0,0
2027-02-14 16:00:00,Osasuna,Atletico Madrid,Designado por Liga,0,0,0,0
2027-02-14 16:00:00,Racing Santander,Getafe,Designado por Liga,0,0,0,0
2027-02-14 16:00:00,Real Madrid,Athletic Club,Designado por Liga,0,0,0,0
2027-02-14 16:00:00,Real Sociedad,Real Betis,Designado por Liga,0,0,0,0
2027-02-14 16:00:00,Sevilla,Espanyol,Designado por Liga,0,0,0,0
2027-02-14 16:00:00,Valencia,Alaves,Designado por Liga,0,0,0,0
2027-02-14 16:00:00,Villarreal,Barcelona,Designado por Liga,0,0,0,0
2027-02-21 16:00:00,Alaves,Racing Santander,Designado por Liga,0,0,0,0
2027-02-21 16:00:00,Athletic Club,Celta Vigo,Designado por Liga,0,0,0,0
2027-02-21 16:00:00,Atletico Madrid,Elche,Designado por Liga,0,0,0,0
2027-02-21 16:00:00,Barcelona,Levante,Designado por Liga,0,0,0,0
2027-02-21 16:00:00,Deportivo La Coruna,Real Sociedad,Designado por Liga,0,0,0,0
2027-02-21 16:00:00,Espanyol,Osasuna,Designado por Liga,0,0,0,0
2027-02-21 16:00:00,Malaga,Real Betis,Designado por Liga,0,0,0,0
2027-02-21 16:00:00,Rayo Vallecano,Getafe,Designado por Liga,0,0,0,0
2027-02-21 16:00:00,Sevilla,Real Madrid,Designado por Liga,0,0,0,0
2027-02-21 16:00:00,Villarreal,Valencia,Designado por Liga,0,0,0,0
2027-02-28 16:00:00,Athletic Club,Barcelona,Designado por Liga,0,0,0,0
2027-02-28 16:00:00,Celta Vigo,Espanyol,Designado por Liga,0,0,0,0
2027-02-28 16:00:00,Getafe,Alaves,Designado por Liga,0,0,0,0
2027-02-28 16:00:00,Levante,Deportivo La Coruna,Designado por Liga,0,0,0,0
2027-02-28 16:00:00,Malaga,Atletico Madrid,Designado por Liga,0,0,0,0
2027-02-28 16:00:00,Osasuna,Sevilla,Designado por Liga,0,0,0,0
2027-02-28 16:00:00,Racing Santander,Rayo Vallecano,Designado por Liga,0,0,0,0
2027-02-28 16:00:00,Real Betis,Villarreal,Designado por Liga,0,0,0,0
2027-02-28 16:00:00,Real Madrid,Valencia,Designado por Liga,0,0,0,0
2027-02-28 16:00:00,Real Sociedad,Elche,Designado por Liga,0,0,0,0
2027-03-07 16:00:00,Alaves,Athletic Club,Designado por Liga,0,0,0,0
2027-03-07 16:00:00,Atletico Madrid,Celta Vigo,Designado por Liga,0,0,0,0
2027-03-07 16:00:00,Barcelona,Real Betis,Designado por Liga,0,0,0,0
2027-03-07 16:00:00,Deportivo La Coruna,Getafe,Designado por Liga,0,0,0,0
2027-03-07 16:00:00,Elche,Malaga,Designado por Liga,0,0,0,0
2027-03-07 16:00:00,Espanyol,Racing Santander,Designado por Liga,0,0,0,0
2027-03-07 16:00:00,Rayo Vallecano,Osasuna,Designado por Liga,0,0,0,0
2027-03-07 16:00:00,Sevilla,Real Sociedad,Designado por Liga,0,0,0,0
2027-03-07 16:00:00,Valencia,Levante,Designado por Liga,0,0,0,0
2027-03-07 16:00:00,Villarreal,Real Madrid,Designado por Liga,0,0,0,0
2027-03-14 16:00:00,Alaves,Sevilla,Designado por Liga,0,0,0,0
2027-03-14 16:00:00,Athletic Club,Valencia,Designado por Liga,0,0,0,0
2027-03-14 16:00:00,Barcelona,Deportivo La Coruna,Designado por Liga,0,0,0,0
2027-03-14 16:00:00,Elche,Villarreal,Designado por Liga,0,0,0,0
2027-03-14 16:00:00,Getafe,Real Sociedad,Designado por Liga,0,0,0,0
2027-03-14 16:00:00,Malaga,Rayo Vallecano,Designado por Liga,0,0,0,0
2027-03-14 16:00:00,Osasuna,Celta Vigo,Designado por Liga,0,0,0,0
2027-03-14 16:00:00,Racing Santander,Atletico Madrid,Designado por Liga,0,0,0,0
2027-03-14 16:00:00,Real Betis,Levante,Designado por Liga,0,0,0,0
2027-03-14 16:00:00,Real Madrid,Espanyol,Designado por Liga,0,0,0,0
2027-03-21 16:00:00,Atletico Madrid,Getafe,Designado por Liga,0,0,0,0
2027-03-21 16:00:00,Celta Vigo,Real Madrid,Designado por Liga,0,0,0,0
2027-03-21 16:00:00,Espanyol,Athletic Club,Designado por Liga,0,0,0,0
2027-03-21 16:00:00,Levante,Osasuna,Designado por Liga,0,0,0,0
2027-03-21 16:00:00,Racing Santander,Real Betis,Designado por Liga,0,0,0,0
2027-03-21 16:00:00,Rayo Vallecano,Barcelona,Designado por Liga,0,0,0,0
2027-03-21 16:00:00,Real Sociedad,Alaves,Designado por Liga,0,0,0,0
2027-03-21 16:00:00,Sevilla,Elche,Designado por Liga,0,0,0,0
2027-03-21 16:00:00,Valencia,Deportivo La Coruna,Designado por Liga,0,0,0,0
2027-03-21 16:00:00,Villarreal,Malaga,Designado por Liga,0,0,0,0
2027-04-04 15:00:00,Athletic Club,Racing Santander,Designado por Liga,0,0,0,0
2027-04-04 15:00:00,Barcelona,Sevilla,Designado por Liga,0,0,0,0
2027-04-04 15:00:00,Deportivo La Coruna,Villarreal,Designado por Liga,0,0,0,0
2027-04-04 15:00:00,Elche,Alaves,Designado por Liga,0,0,0,0
2027-04-04 15:00:00,Getafe,Espanyol,Designado por Liga,0,0,0,0
2027-04-04 15:00:00,Levante,Rayo Vallecano,Designado por Liga,0,0,0,0
2027-04-04 15:00:00,Malaga,Osasuna,Designado por Liga,0,0,0,0
2027-04-04 15:00:00,Real Betis,Celta Vigo,Designado por Liga,0,0,0,0
2027-04-04 15:00:00,Real Madrid,Atletico Madrid,Designado por Liga,0,0,0,0
2027-04-04 15:00:00,Real Sociedad,Valencia,Designado por Liga,0,0,0,0
2027-04-11 15:00:00,Alaves,Real Betis,Designado por Liga,0,0,0,0
2027-04-11 15:00:00,Atletico Madrid,Levante,Designado por Liga,0,0,0,0
2027-04-11 15:00:00,Celta Vigo,Elche,Designado por Liga,0,0,0,0
2027-04-11 15:00:00,Espanyol,Malaga,Designado por Liga,0,0,0,0
2027-04-11 15:00:00,Osasuna,Real Madrid,Designado por Liga,0,0,0,0
2027-04-11 15:00:00,Racing Santander,Barcelona,Designado por Liga,0,0,0,0
2027-04-11 15:00:00,Rayo Vallecano,Real Sociedad,Designado por Liga,0,0,0,0
2027-04-11 15:00:00,Sevilla,Deportivo La Coruna,Designado por Liga,0,0,0,0
2027-04-11 15:00:00,Valencia,Getafe,Designado por Liga,0,0,0,0
2027-04-11 15:00:00,Villarreal,Athletic Club,Designado por Liga,0,0,0,0
2027-04-18 15:00:00,Alaves,Rayo Vallecano,Designado por Liga,0,0,0,0
2027-04-18 15:00:00,Atletico Madrid,Sevilla,Designado por Liga,0,0,0,0
2027-04-18 15:00:00,Barcelona,Espanyol,Designado por Liga,0,0,0,0
2027-04-18 15:00:00,Deportivo La Coruna,Celta Vigo,Designado por Liga,0,0,0,0
2027-04-18 15:00:00,Elche,Osasuna,Designado por Liga,0,0,0,0
2027-04-18 15:00:00,Getafe,Real Madrid,Designado por Liga,0,0,0,0
2027-04-18 15:00:00,Levante,Villarreal,Designado por Liga,0,0,0,0
2027-04-18 15:00:00,Malaga,Valencia,Designado por Liga,0,0,0,0
2027-04-18 15:00:00,Real Betis,Athletic Club,Designado por Liga,0,0,0,0
2027-04-18 15:00:00,Real Sociedad,Racing Santander,Designado por Liga,0,0,0,0
2027-04-21 15:00:00,Athletic Club,Deportivo La Coruna,Designado por Liga,0,0,0,0
2027-04-21 15:00:00,Celta Vigo,Barcelona,Designado por Liga,0,0,0,0
2027-04-21 15:00:00,Espanyol,Real Sociedad,Designado por Liga,0,0,0,0
2027-04-21 15:00:00,Getafe,Real Betis,Designado por Liga,0,0,0,0
2027-04-21 15:00:00,Osasuna,Alaves,Designado por Liga,0,0,0,0
2027-04-21 15:00:00,Racing Santander,Malaga,Designado por Liga,0,0,0,0
2027-04-21 15:00:00,Real Madrid,Elche,Designado por Liga,0,0,0,0
2027-04-21 15:00:00,Sevilla,Levante,Designado por Liga,0,0,0,0
2027-04-21 15:00:00,Valencia,Rayo Vallecano,Designado por Liga,0,0,0,0
2027-04-21 15:00:00,Villarreal,Atletico Madrid,Designado por Liga,0,0,0,0
2027-05-02 15:00:00,Atletico Madrid,Alaves,Designado por Liga,0,0,0,0
2027-05-02 15:00:00,Barcelona,Osasuna,Designado por Liga,0,0,0,0
2027-05-02 15:00:00,Celta Vigo,Sevilla,Designado por Liga,0,0,0,0
2027-05-02 15:00:00,Deportivo La Coruna,Racing Santander,Designado por Liga,0,0,0,0
2027-05-02 15:00:00,Elche,Espanyol,Designado por Liga,0,0,0,0
2027-05-02 15:00:00,Levante,Real Madrid,Designado por Liga,0,0,0,0
2027-05-02 15:00:00,Malaga,Getafe,Designado por Liga,0,0,0,0
2027-05-02 15:00:00,Rayo Vallecano,Villarreal,Designado por Liga,0,0,0,0
2027-05-02 15:00:00,Real Betis,Valencia,Designado por Liga,0,0,0,0
2027-05-02 15:00:00,Real Sociedad,Athletic Club,Designado por Liga,0,0,0,0
2027-05-09 15:00:00,Alaves,Levante,Designado por Liga,0,0,0,0
2027-05-09 15:00:00,Athletic Club,Malaga,Designado por Liga,0,0,0,0
2027-05-09 15:00:00,Getafe,Elche,Designado por Liga,0,0,0,0
2027-05-09 15:00:00,Osasuna,Real Sociedad,Designado por Liga,0,0,0,0
2027-05-09 15:00:00,Racing Santander,Sevilla,Designado por Liga,0,0,0,0
2027-05-09 15:00:00,Rayo Vallecano,Deportivo La Coruna,Designado por Liga,0,0,0,0
2027-05-09 15:00:00,Real Betis,Espanyol,Designado por Liga,0,0,0,0
2027-05-09 15:00:00,Real Madrid,Barcelona,Designado por Liga,0,0,0,0
2027-05-09 15:00:00,Valencia,Atletico Madrid,Designado por Liga,0,0,0,0
2027-05-09 15:00:00,Villarreal,Celta Vigo,Designado por Liga,0,0,0,0
2027-05-16 15:00:00,Atletico Madrid,Rayo Vallecano,Designado por Liga,0,0,0,0
2027-05-16 15:00:00,Deportivo La Coruna,Alaves,Designado por Liga,0,0,0,0
2027-05-16 15:00:00,Elche,Athletic Club,Designado por Liga,0,0,0,0
2027-05-16 15:00:00,Espanyol,Valencia,Designado por Liga,0,0,0,0
2027-05-16 15:00:00,Levante,Getafe,Designado por Liga,0,0,0,0
2027-05-16 15:00:00,Malaga,Celta Vigo,Designado por Liga,0,0,0,0
2027-05-16 15:00:00,Osasuna,Real Betis,Designado por Liga,0,0,0,0
2027-05-16 15:00:00,Real Madrid,Racing Santander,Designado por Liga,0,0,0,0
2027-05-16 15:00:00,Real Sociedad,Barcelona,Designado por Liga,0,0,0,0
2027-05-16 15:00:00,Sevilla,Villarreal,Designado por Liga,0,0,0,0
2027-05-23 15:00:00,Alaves,Real Madrid,Designado por Liga,0,0,0,0
2027-05-23 15:00:00,Atletico Madrid,Athletic Club,Designado por Liga,0,0,0,0
2027-05-23 15:00:00,Barcelona,Malaga,Designado por Liga,0,0,0,0
2027-05-23 15:00:00,Celta Vigo,Real Sociedad,Designado por Liga,0,0,0,0
2027-05-23 15:00:00,Deportivo La Coruna,Espanyol,Designado por Liga,0,0,0,0
2027-05-23 15:00:00,Racing Santander,Levante,Designado por Liga,0,0,0,0
2027-05-23 15:00:00,Rayo Vallecano,Real Betis,Designado por Liga,0,0,0,0
2027-05-23 15:00:00,Sevilla,Getafe,Designado por Liga,0,0,0,0
2027-05-23 15:00:00,Valencia,Elche,Designado por Liga,0,0,0,0
2027-05-23 15:00:00,Villarreal,Osasuna,Designado por Liga,0,0,0,0
2027-05-30 15:00:00,Athletic Club,Rayo Vallecano,Designado por Liga,0,0,0,0
2027-05-30 15:00:00,Elche,Racing Santander,Designado por Liga,0,0,0,0
2027-05-30 15:00:00,Espanyol,Alaves,Designado por Liga,0,0,0,0
2027-05-30 15:00:00,Getafe,Barcelona,Designado por Liga,0,0,0,0
2027-05-30 15:00:00,Levante,Celta Vigo,Designado por Liga,0,0,0,0
2027-05-30 15:00:00,Malaga,Sevilla,Designado por Liga,0,0,0,0
2027-05-30 15:00:00,Osasuna,Valencia,Designado por Liga,0,0,0,0
2027-05-30 15:00:00,Real Betis,Atletico Madrid,Designado por Liga,0,0,0,0
2027-05-30 15:00:00,Real Madrid,Deportivo La Coruna,Designado por Liga,0,0,0,0
2027-05-30 15:00:00,Real Sociedad,Villarreal,Designado por Liga,0,0,0,0
2026-08-21 18:45:00,Marseille,Strasbourg,Designado por Liga,0,0,0,0
2026-08-22 18:45:00,Le Mans,Brest,Designado por Liga,0,0,0,0
2026-08-22 15:15:00,Lens,Auxerre,Designado por Liga,0,0,0,0
2026-08-22 18:45:00,Nice,Lorient,Designado por Liga,0,0,0,0
2026-08-22 18:45:00,Toulouse,Lyon,Designado por Liga,0,0,0,0
2026-08-22 18:45:00,Troyes,Paris FC,Designado por Liga,0,0,0,0
2026-08-23 13:00:00,Angers,Lille,Designado por Liga,0,0,0,0
2026-08-23 15:15:00,Le Havre,Monaco,Designado por Liga,0,0,0,0
2026-08-23 18:45:00,Paris Saint Germain,Rennes,Designado por Liga,0,0,0,0
2026-08-28 18:45:00,Lille,Paris Saint Germain,Designado por Liga,0,0,0,0
2026-08-29 18:45:00,Auxerre,Angers,Designado por Liga,0,0,0,0
2026-08-29 18:45:00,Brest,Toulouse,Designado por Liga,0,0,0,0
2026-08-29 18:45:00,Lorient,Troyes,Designado por Liga,0,0,0,0
2026-08-29 18:45:00,Lyon,Le Havre,Designado por Liga,0,0,0,0
2026-08-29 15:15:00,Strasbourg,Lens,Designado por Liga,0,0,0,0
2026-08-30 18:45:00,Monaco,Marseille,Designado por Liga,0,0,0,0
2026-08-30 13:00:00,Paris FC,Nice,Designado por Liga,0,0,0,0
2026-08-30 15:15:00,Rennes,Le Mans,Designado por Liga,0,0,0,0
2026-09-03 18:45:00,Toulouse,Lille,Designado por Liga,0,0,0,0
2026-09-04 17:00:00,Lyon,Auxerre,Designado por Liga,0,0,0,0
2026-09-04 19:05:00,Paris Saint Germain,Monaco,Designado por Liga,0,0,0,0
2026-09-05 18:45:00,Le Havre,Brest,Designado por Liga,0,0,0,0
2026-09-05 15:15:00,Lens,Lorient,Designado por Liga,0,0,0,0
2026-09-05 18:45:00,Nice,Le Mans,Designado por Liga,0,0,0,0
2026-09-06 15:15:00,Angers,Rennes,Designado por Liga,0,0,0,0
2026-09-06 18:45:00,Marseille,Paris FC,Designado por Liga,0,0,0,0
2026-09-06 13:00:00,Troyes,Strasbourg,Designado por Liga,0,0,0,0
2026-09-11 18:45:00,Rennes,Marseille,Designado por Liga,0,0,0,0
2026-09-12 18:45:00,Auxerre,Nice,Designado por Liga,0,0,0,0
2026-09-12 18:45:00,Le Havre,Angers,Designado por Liga,0,0,0,0
2026-09-12 18:45:00,Lorient,Toulouse,Designado por Liga,0,0,0,0
2026-09-12 18:45:00,Paris FC,Lyon,Designado por Liga,0,0,0,0
2026-09-12 15:15:00,Strasbourg,Monaco,Designado por Liga,0,0,0,0
2026-09-13 18:45:00,Brest,Paris Saint Germain,Designado por Liga,0,0,0,0
2026-09-13 15:15:00,Le Mans,Lens,Designado por Liga,0,0,0,0
2026-09-13 13:00:00,Lille,Troyes,Designado por Liga,0,0,0,0
2026-09-19 13:00:00,Angers,Troyes,Designado por Liga,0,0,0,0
2026-09-19 13:00:00,Auxerre,Brest,Designado por Liga,0,0,0,0
2026-09-19 13:00:00,Le Mans,Lorient,Designado por Liga,0,0,0,0
2026-09-19 13:00:00,Lyon,Rennes,Designado por Liga,0,0,0,0
2026-09-19 13:00:00,Monaco,Lens,Designado por Liga,0,0,0,0
2026-09-19 13:00:00,Nice,Lille,Designado por Liga,0,0,0,0
2026-09-19 13:00:00,Paris FC,Strasbourg,Designado por Liga,0,0,0,0
2026-09-19 13:00:00,Toulouse,Le Havre,Designado por Liga,0,0,0,0
2026-09-20 18:45:00,Marseille,Paris Saint Germain,Designado por Liga,0,0,0,0
2026-10-10 13:00:00,Brest,Angers,Designado por Liga,0,0,0,0
2026-10-10 13:00:00,Lens,Lyon,Designado por Liga,0,0,0,0
2026-10-10 13:00:00,Lille,Le Havre,Designado por Liga,0,0,0,0
2026-10-10 13:00:00,Lorient,Paris FC,Designado por Liga,0,0,0,0
2026-10-10 13:00:00,Monaco,Toulouse,Designado por Liga,0,0,0,0
2026-10-10 13:00:00,Nice,Strasbourg,Designado por Liga,0,0,0,0
2026-10-10 13:00:00,Paris Saint Germain,Le Mans,Designado por Liga,0,0,0,0
2026-10-10 13:00:00,Rennes,Auxerre,Designado por Liga,0,0,0,0
2026-10-10 13:00:00,Troyes,Marseille,Designado por Liga,0,0,0,0
2026-10-17 13:00:00,Angers,Marseille,Designado por Liga,0,0,0,0
2026-10-17 13:00:00,Le Havre,Auxerre,Designado por Liga,0,0,0,0
2026-10-17 13:00:00,Le Mans,Toulouse,Designado por Liga,0,0,0,0
2026-10-17 13:00:00,Lille,Brest,Designado por Liga,0,0,0,0
2026-10-17 13:00:00,Lorient,Monaco,Designado por Liga,0,0,0,0
2026-10-17 13:00:00,Lyon,Nice,Designado por Liga,0,0,0,0
2026-10-17 13:00:00,Paris FC,Rennes,Designado por Liga,0,0,0,0
2026-10-17 13:00:00,Strasbourg,Paris Saint Germain,Designado por Liga,0,0,0,0
2026-10-17 13:00:00,Troyes,Lens,Designado por Liga,0,0,0,0
2026-10-24 13:00:00,Angers,Lorient,Designado por Liga,0,0,0,0
2026-10-24 13:00:00,Auxerre,Le Mans,Designado por Liga,0,0,0,0
2026-10-24 13:00:00,Brest,Nice,Designado por Liga,0,0,0,0
2026-10-24 13:00:00,Lens,Paris FC,Designado por Liga,0,0,0,0
2026-10-24 13:00:00,Marseille,Le Havre,Designado por Liga,0,0,0,0
2026-10-24 13:00:00,Monaco,Lille,Designado por Liga,0,0,0,0
2026-10-24 13:00:00,Rennes,Strasbourg,Designado por Liga,0,0,0,0
2026-10-24 13:00:00,Toulouse,Troyes,Designado por Liga,0,0,0,0
2026-10-25 19:45:00,Paris Saint Germain,Lyon,Designado por Liga,0,0,0,0
2026-10-31 14:00:00,Le Havre,Paris Saint Germain,Designado por Liga,0,0,0,0
2026-10-31 14:00:00,Lille,Lens,Designado por Liga,0,0,0,0
2026-10-31 14:00:00,Lorient,Brest,Designado por Liga,0,0,0,0
2026-10-31 14:00:00,Lyon,Angers,Designado por Liga,0,0,0,0
2026-10-31 14:00:00,Marseille,Toulouse,Designado por Liga,0,0,0,0
2026-10-31 14:00:00,Nice,Rennes,Designado por Liga,0,0,0,0
2026-10-31 14:00:00,Paris FC,Monaco,Designado por Liga,0,0,0,0
2026-10-31 14:00:00,Strasbourg,Auxerre,Designado por Liga,0,0,0,0
2026-10-31 14:00:00,Troyes,Le Mans,Designado por Liga,0,0,0,0
2026-11-07 14:00:00,Angers,Nice,Designado por Liga,0,0,0,0
2026-11-07 14:00:00,Auxerre,Paris FC,Designado por Liga,0,0,0,0
2026-11-07 14:00:00,Brest,Lyon,Designado por Liga,0,0,0,0
2026-11-07 14:00:00,Le Havre,Lorient,Designado por Liga,0,0,0,0
2026-11-07 14:00:00,Le Mans,Monaco,Designado por Liga,0,0,0,0
2026-11-07 19:45:00,Lens,Marseille,Designado por Liga,0,0,0,0
2026-11-07 14:00:00,Paris Saint Germain,Troyes,Designado por Liga,0,0,0,0
2026-11-07 14:00:00,Rennes,Lille,Designado por Liga,0,0,0,0
2026-11-07 14:00:00,Toulouse,Strasbourg,Designado por Liga,0,0,0,0
2026-11-21 14:00:00,Lens,Toulouse,Designado por Liga,0,0,0,0
2026-11-21 14:00:00,Lille,Lyon,Designado por Liga,0,0,0,0
2026-11-21 14:00:00,Lorient,Rennes,Designado por Liga,0,0,0,0
2026-11-21 14:00:00,Marseille,Le Mans,Designado por Liga,0,0,0,0
2026-11-21 14:00:00,Monaco,Auxerre,Designado por Liga,0,0,0,0
2026-11-21 14:00:00,Nice,Paris Saint Germain,Designado por Liga,0,0,0,0
2026-11-21 14:00:00,Paris FC,Angers,Designado por Liga,0,0,0,0
2026-11-21 14:00:00,Strasbourg,Brest,Designado por Liga,0,0,0,0
2026-11-21 14:00:00,Troyes,Le Havre,Designado por Liga,0,0,0,0
2026-11-28 14:00:00,Angers,Lens,Designado por Liga,0,0,0,0
2026-11-28 14:00:00,Auxerre,Marseille,Designado por Liga,0,0,0,0
2026-11-28 14:00:00,Brest,Paris FC,Designado por Liga,0,0,0,0
2026-11-28 14:00:00,Le Havre,Strasbourg,Designado por Liga,0,0,0,0
2026-11-28 14:00:00,Le Mans,Lille,Designado por Liga,0,0,0,0
2026-11-28 14:00:00,Lyon,Monaco,Designado por Liga,0,0,0,0
2026-11-28 14:00:00,Nice,Troyes,Designado por Liga,0,0,0,0
2026-11-28 14:00:00,Paris Saint Germain,Lorient,Designado por Liga,0,0,0,0
2026-11-28 14:00:00,Toulouse,Rennes,Designado por Liga,0,0,0,0
2026-12-05 14:00:00,Lens,Le Havre,Designado por Liga,0,0,0,0
2026-12-05 14:00:00,Lille,Auxerre,Designado por Liga,0,0,0,0
2026-12-05 14:00:00,Marseille,Nice,Designado por Liga,0,0,0,0
2026-12-05 14:00:00,Monaco,Angers,Designado por Liga,0,0,0,0
2026-12-05 14:00:00,Paris FC,Le Mans,Designado por Liga,0,0,0,0
2026-12-05 14:00:00,Rennes,Brest,Designado por Liga,0,0,0,0
2026-12-05 14:00:00,Strasbourg,Lorient,Designado por Liga,0,0,0,0
2026-12-05 14:00:00,Toulouse,Paris Saint Germain,Designado por Liga,0,0,0,0
2026-12-05 14:00:00,Troyes,Lyon,Designado por Liga,0,0,0,0
2026-12-12 14:00:00,Angers,Strasbourg,Designado por Liga,0,0,0,0
2026-12-12 14:00:00,Auxerre,Toulouse,Designado por Liga,0,0,0,0
2026-12-12 14:00:00,Brest,Troyes,Designado por Liga,0,0,0,0
2026-12-12 14:00:00,Le Havre,Le Mans,Designado por Liga,0,0,0,0
2026-12-12 14:00:00,Lorient,Lille,Designado por Liga,0,0,0,0
2026-12-12 14:00:00,Nice,Lens,Designado por Liga,0,0,0,0
2026-12-12 14:00:00,Paris Saint Germain,Paris FC,Designado por Liga,0,0,0,0
2026-12-12 14:00:00,Rennes,Monaco,Designado por Liga,0,0,0,0
2026-12-13 19:45:00,Lyon,Marseille,Designado por Liga,0,0,0,0
2027-01-02 14:00:00,Brest,Marseille,Designado por Liga,0,0,0,0
2027-01-02 14:00:00,Le Mans,Lyon,Designado por Liga,0,0,0,0
2027-01-02 14:00:00,Lille,Strasbourg,Designado por Liga,0,0,0,0
2027-01-02 14:00:00,Lorient,Auxerre,Designado por Liga,0,0,0,0
2027-01-02 14:00:00,Monaco,Nice,Designado por Liga,0,0,0,0
2027-01-02 14:00:00,Paris FC,Le Havre,Designado por Liga,0,0,0,0
2027-01-02 14:00:00,Toulouse,Angers,Designado por Liga,0,0,0,0
2027-01-02 14:00:00,Troyes,Rennes,Designado por Liga,0,0,0,0
2027-01-03 19:45:00,Lens,Paris Saint Germain,Designado por Liga,0,0,0,0
2027-01-16 14:00:00,Angers,Paris Saint Germain,Designado por Liga,0,0,0,0
2027-01-16 14:00:00,Auxerre,Troyes,Designado por Liga,0,0,0,0
2027-01-16 14:00:00,Lyon,Lorient,Designado por Liga,0,0,0,0
2027-01-16 14:00:00,Marseille,Lille,Designado por Liga,0,0,0,0
2027-01-16 14:00:00,Monaco,Brest,Designado por Liga,0,0,0,0
2027-01-16 14:00:00,Nice,Le Havre,Designado por Liga,0,0,0,0
2027-01-16 14:00:00,Paris FC,Toulouse,Designado por Liga,0,0,0,0
2027-01-16 14:00:00,Rennes,Lens,Designado por Liga,0,0,0,0
2027-01-16 14:00:00,Strasbourg,Le Mans,Designado por Liga,0,0,0,0
2027-01-23 14:00:00,Le Havre,Rennes,Designado por Liga,0,0,0,0
2027-01-23 14:00:00,Le Mans,Angers,Designado por Liga,0,0,0,0
2027-01-23 14:00:00,Lens,Brest,Designado por Liga,0,0,0,0
2027-01-23 14:00:00,Lille,Paris FC,Designado por Liga,0,0,0,0
2027-01-23 14:00:00,Lorient,Marseille,Designado por Liga,0,0,0,0
2027-01-23 14:00:00,Paris Saint Germain,Auxerre,Designado por Liga,0,0,0,0
2027-01-23 14:00:00,Strasbourg,Lyon,Designado por Liga,0,0,0,0
2027-01-23 14:00:00,Toulouse,Nice,Designado por Liga,0,0,0,0
2027-01-23 14:00:00,Troyes,Monaco,Designado por Liga,0,0,0,0
2027-01-30 14:00:00,Angers,Le Havre,Designado por Liga,0,0,0,0
2027-01-30 14:00:00,Brest,Strasbourg,Designado por Liga,0,0,0,0
2027-01-30 14:00:00,Le Mans,Nice,Designado por Liga,0,0,0,0
2027-01-30 14:00:00,Lyon,Lille,Designado por Liga,0,0,0,0
2027-01-30 14:00:00,Marseille,Troyes,Designado por Liga,0,0,0,0
2027-01-30 14:00:00,Monaco,Paris Saint Germain,Designado por Liga,0,0,0,0
2027-01-30 14:00:00,Paris FC,Auxerre,Designado por Liga,0,0,0,0
2027-01-30 14:00:00,Rennes,Lorient,Designado por Liga,0,0,0,0
2027-01-30 14:00:00,Toulouse,Lens,Designado por Liga,0,0,0,0
2027-02-06 14:00:00,Auxerre,Monaco,Designado por Liga,0,0,0,0
2027-02-06 14:00:00,Le Havre,Toulouse,Designado por Liga,0,0,0,0
2027-02-06 14:00:00,Lens,Angers,Designado por Liga,0,0,0,0
2027-02-06 14:00:00,Lorient,Le Mans,Designado por Liga,0,0,0,0
2027-02-06 14:00:00,Nice,Brest,Designado por Liga,0,0,0,0
2027-02-06 14:00:00,Rennes,Lyon,Designado por Liga,0,0,0,0
2027-02-06 14:00:00,Strasbourg,Paris FC,Designado por Liga,0,0,0,0
2027-02-06 14:00:00,Troyes,Lille,Designado por Liga,0,0,0,0
2027-02-07 19:45:00,Paris Saint Germain,Marseille,Designado por Liga,0,0,0,0
2027-02-13 14:00:00,Auxerre,Strasbourg,Designado por Liga,0,0,0,0
2027-02-13 14:00:00,Brest,Rennes,Designado por Liga,0,0,0,0
2027-02-13 14:00:00,Le Mans,Paris Saint Germain,Designado por Liga,0,0,0,0
2027-02-13 14:00:00,Lille,Nice,Designado por Liga,0,0,0,0
2027-02-13 14:00:00,Lorient,Le Havre,Designado por Liga,0,0,0,0
2027-02-13 14:00:00,Lyon,Lens,Designado por Liga,0,0,0,0
2027-02-13 14:00:00,Marseille,Angers,Designado por Liga,0,0,0,0
2027-02-13 14:00:00,Paris FC,Troyes,Designado por Liga,0,0,0,0
2027-02-13 14:00:00,Toulouse,Monaco,Designado por Liga,0,0,0,0
2027-02-20 14:00:00,Angers,Paris FC,Designado por Liga,0,0,0,0
2027-02-20 14:00:00,Le Havre,Lyon,Designado por Liga,0,0,0,0
2027-02-20 14:00:00,Lens,Troyes,Designado por Liga,0,0,0,0
2027-02-20 14:00:00,Lille,Lorient,Designado por Liga,0,0,0,0
2027-02-20 14:00:00,Monaco,Le Mans,Designado por Liga,0,0,0,0
2027-02-20 14:00:00,Nice,Auxerre,Designado por Liga,0,0,0,0
2027-02-20 14:00:00,Paris Saint Germain,Brest,Designado por Liga,0,0,0,0
2027-02-20 14:00:00,Rennes,Toulouse,Designado por Liga,0,0,0,0
2027-02-20 14:00:00,Strasbourg,Marseille,Designado por Liga,0,0,0,0
2027-02-27 14:00:00,Auxerre,Lille,Designado por Liga,0,0,0,0
2027-02-27 14:00:00,Brest,Monaco,Designado por Liga,0,0,0,0
2027-02-27 14:00:00,Le Mans,Paris FC,Designado por Liga,0,0,0,0
2027-02-27 14:00:00,Lorient,Angers,Designado por Liga,0,0,0,0
2027-02-27 14:00:00,Lyon,Toulouse,Designado por Liga,0,0,0,0
2027-02-27 14:00:00,Marseille,Rennes,Designado por Liga,0,0,0,0
2027-02-27 14:00:00,Strasbourg,Le Havre,Designado por Liga,0,0,0,0
2027-02-27 14:00:00,Troyes,Nice,Designado por Liga,0,0,0,0
2027-02-28 19:45:00,Paris Saint Germain,Lens,Designado por Liga,0,0,0,0
2027-03-06 14:00:00,Angers,Auxerre,Designado por Liga,0,0,0,0
2027-03-06 14:00:00,Le Havre,Nice,Designado por Liga,0,0,0,0
2027-03-06 14:00:00,Lens,Strasbourg,Designado por Liga,0,0,0,0
2027-03-06 14:00:00,Lille,Marseille,Designado por Liga,0,0,0,0
2027-03-06 14:00:00,Monaco,Lyon,Designado por Liga,0,0,0,0
2027-03-06 14:00:00,Paris FC,Brest,Designado por Liga,0,0,0,0
2027-03-06 14:00:00,Rennes,Paris Saint Germain,Designado por Liga,0,0,0,0
2027-03-06 14:00:00,Toulouse,Le Mans,Designado por Liga,0,0,0,0
2027-03-06 14:00:00,Troyes,Lorient,Designado por Liga,0,0,0,0
2027-03-13 14:00:00,Auxerre,Paris Saint Germain,Designado por Liga,0,0,0,0
2027-03-13 14:00:00,Brest,Lille,Designado por Liga,0,0,0,0
2027-03-13 14:00:00,Le Havre,Lens,Designado por Liga,0,0,0,0
2027-03-13 14:00:00,Le Mans,Rennes,Designado por Liga,0,0,0,0
2027-03-13 14:00:00,Lyon,Troyes,Designado por Liga,0,0,0,0
2027-03-13 14:00:00,Marseille,Monaco,Designado por Liga,0,0,0,0
2027-03-13 14:00:00,Nice,Toulouse,Designado por Liga,0,0,0,0
2027-03-13 14:00:00,Paris FC,Lorient,Designado por Liga,0,0,0,0
2027-03-13 14:00:00,Strasbourg,Angers,Designado por Liga,0,0,0,0
2027-03-20 14:00:00,Angers,Le Mans,Designado por Liga,0,0,0,0
2027-03-20 14:00:00,Lens,Lille,Designado por Liga,0,0,0,0
2027-03-20 14:00:00,Lorient,Nice,Designado por Liga,0,0,0,0
2027-03-20 14:00:00,Monaco,Le Havre,Designado por Liga,0,0,0,0
2027-03-20 14:00:00,Paris Saint Germain,Strasbourg,Designado por Liga,0,0,0,0
2027-03-20 14:00:00,Rennes,Paris FC,Designado por Liga,0,0,0,0
2027-03-20 14:00:00,Toulouse,Brest,Designado por Liga,0,0,0,0
2027-03-20 14:00:00,Troyes,Auxerre,Designado por Liga,0,0,0,0
2027-03-21 19:45:00,Marseille,Lyon,Designado por Liga,0,0,0,0
2027-04-03 13:00:00,Angers,Monaco,Designado por Liga,0,0,0,0
2027-04-03 13:00:00,Auxerre,Lens,Designado por Liga,0,0,0,0
2027-04-03 13:00:00,Brest,Lorient,Designado por Liga,0,0,0,0
2027-04-03 13:00:00,Le Havre,Troyes,Designado por Liga,0,0,0,0
2027-04-03 13:00:00,Le Mans,Marseille,Designado por Liga,0,0,0,0
2027-04-03 13:00:00,Lille,Rennes,Designado por Liga,0,0,0,0
2027-04-03 13:00:00,Nice,Lyon,Designado por Liga,0,0,0,0
2027-04-03 13:00:00,Paris FC,Paris Saint Germain,Designado por Liga,0,0,0,0
2027-04-03 13:00:00,Strasbourg,Toulouse,Designado por Liga,0,0,0,0
2027-04-10 13:00:00,Le Mans,Auxerre,Designado por Liga,0,0,0,0
2027-04-10 13:00:00,Lille,Toulouse,Designado por Liga,0,0,0,0
2027-04-10 13:00:00,Lorient,Lens,Designado por Liga,0,0,0,0
2027-04-10 13:00:00,Lyon,Strasbourg,Designado por Liga,0,0,0,0
2027-04-10 13:00:00,Marseille,Brest,Designado por Liga,0,0,0,0
2027-04-10 13:00:00,Monaco,Rennes,Designado por Liga,0,0,0,0
2027-04-10 13:00:00,Nice,Paris FC,Designado por Liga,0,0,0,0
2027-04-10 13:00:00,Paris Saint Germain,Le Havre,Designado por Liga,0,0,0,0
2027-04-10 13:00:00,Troyes,Angers,Designado por Liga,0,0,0,0
2027-04-17 13:00:00,Angers,Lyon,Designado por Liga,0,0,0,0
2027-04-17 13:00:00,Auxerre,Lorient,Designado por Liga,0,0,0,0
2027-04-17 13:00:00,Brest,Le Mans,Designado por Liga,0,0,0,0
2027-04-17 13:00:00,Le Havre,Marseille,Designado por Liga,0,0,0,0
2027-04-17 13:00:00,Lens,Nice,Designado por Liga,0,0,0,0
2027-04-17 13:00:00,Monaco,Strasbourg,Designado por Liga,0,0,0,0
2027-04-17 13:00:00,Paris Saint Germain,Lille,Designado por Liga,0,0,0,0
2027-04-17 13:00:00,Rennes,Troyes,Designado por Liga,0,0,0,0
2027-04-17 13:00:00,Toulouse,Paris FC,Designado por Liga,0,0,0,0
2027-04-24 13:00:00,Le Mans,Le Havre,Designado por Liga,0,0,0,0
2027-04-24 13:00:00,Lille,Monaco,Designado por Liga,0,0,0,0
2027-04-24 13:00:00,Lorient,Paris Saint Germain,Designado por Liga,0,0,0,0
2027-04-24 13:00:00,Lyon,Brest,Designado por Liga,0,0,0,0
2027-04-24 13:00:00,Marseille,Auxerre,Designado por Liga,0,0,0,0
2027-04-24 13:00:00,Nice,Angers,Designado por Liga,0,0,0,0
2027-04-24 13:00:00,Paris FC,Lens,Designado por Liga,0,0,0,0
2027-04-24 13:00:00,Strasbourg,Rennes,Designado por Liga,0,0,0,0
2027-04-24 13:00:00,Troyes,Toulouse,Designado por Liga,0,0,0,0
2027-05-01 13:00:00,Auxerre,Lyon,Designado por Liga,0,0,0,0
2027-05-01 13:00:00,Le Havre,Paris FC,Designado por Liga,0,0,0,0
2027-05-01 13:00:00,Lens,Le Mans,Designado por Liga,0,0,0,0
2027-05-01 13:00:00,Monaco,Lorient,Designado por Liga,0,0,0,0
2027-05-01 13:00:00,Paris Saint Germain,Angers,Designado por Liga,0,0,0,0
2027-05-01 13:00:00,Rennes,Nice,Designado por Liga,0,0,0,0
2027-05-01 13:00:00,Strasbourg,Lille,Designado por Liga,0,0,0,0
2027-05-01 13:00:00,Toulouse,Marseille,Designado por Liga,0,0,0,0
2027-05-01 13:00:00,Troyes,Brest,Designado por Liga,0,0,0,0
2027-05-08 13:00:00,Angers,Toulouse,Designado por Liga,0,0,0,0
2027-05-08 13:00:00,Brest,Auxerre,Designado por Liga,0,0,0,0
2027-05-08 13:00:00,Le Mans,Troyes,Designado por Liga,0,0,0,0
2027-05-08 13:00:00,Lens,Monaco,Designado por Liga,0,0,0,0
2027-05-08 13:00:00,Lorient,Strasbourg,Designado por Liga,0,0,0,0
2027-05-08 13:00:00,Nice,Marseille,Designado por Liga,0,0,0,0
2027-05-08 13:00:00,Paris FC,Lille,Designado por Liga,0,0,0,0
2027-05-08 13:00:00,Rennes,Le Havre,Designado por Liga,0,0,0,0
2027-05-09 18:45:00,Lyon,Paris Saint Germain,Designado por Liga,0,0,0,0
2027-05-16 13:00:00,Auxerre,Rennes,Designado por Liga,0,0,0,0
2027-05-16 13:00:00,Brest,Le Havre,Designado por Liga,0,0,0,0
2027-05-16 13:00:00,Lille,Angers,Designado por Liga,0,0,0,0
2027-05-16 13:00:00,Lyon,Le Mans,Designado por Liga,0,0,0,0
2027-05-16 13:00:00,Marseille,Lens,Designado por Liga,0,0,0,0
2027-05-16 13:00:00,Monaco,Paris FC,Designado por Liga,0,0,0,0
2027-05-16 13:00:00,Paris Saint Germain,Nice,Designado por Liga,0,0,0,0
2027-05-16 13:00:00,Strasbourg,Troyes,Designado por Liga,0,0,0,0
2027-05-16 13:00:00,Toulouse,Lorient,Designado por Liga,0,0,0,0
2027-05-22 13:00:00,Angers,Brest,Designado por Liga,0,0,0,0
2027-05-22 13:00:00,Le Havre,Lille,Designado por Liga,0,0,0,0
2027-05-22 13:00:00,Le Mans,Strasbourg,Designado por Liga,0,0,0,0
2027-05-22 13:00:00,Lens,Rennes,Designado por Liga,0,0,0,0
2027-05-22 13:00:00,Lorient,Lyon,Designado por Liga,0,0,0,0
2027-05-22 13:00:00,Nice,Monaco,Designado por Liga,0,0,0,0
2027-05-22 13:00:00,Paris FC,Marseille,Designado por Liga,0,0,0,0
2027-05-22 13:00:00,Toulouse,Auxerre,Designado por Liga,0,0,0,0
2027-05-22 13:00:00,Troyes,Paris Saint Germain,Designado por Liga,0,0,0,0
2027-05-29 13:00:00,Auxerre,Le Havre,Designado por Liga,0,0,0,0
2027-05-29 13:00:00,Brest,Lens,Designado por Liga,0,0,0,0
2027-05-29 13:00:00,Lille,Le Mans,Designado por Liga,0,0,0,0
2027-05-29 13:00:00,Lyon,Paris FC,Designado por Liga,0,0,0,0
2027-05-29 13:00:00,Marseille,Lorient,Designado por Liga,0,0,0,0
2027-05-29 13:00:00,Monaco,Troyes,Designado por Liga,0,0,0,0
2027-05-29 13:00:00,Paris Saint Germain,Toulouse,Designado por Liga,0,0,0,0
2027-05-29 13:00:00,Rennes,Angers,Designado por Liga,0,0,0,0
2027-05-29 13:00:00,Strasbourg,Nice,Designado por Liga,0,0,0,0
2026-08-28 18:30:00,Bayern Munich,VfB Stuttgart,Designado por Liga,0,0,0,0
2026-08-29 16:30:00,Borussia Dortmund,Hamburger SV,Designado por Liga,0,0,0,0
2026-08-29 13:30:00,Elversberg,Bayer Leverkusen,Designado por Liga,0,0,0,0
2026-08-29 13:30:00,FC Cologne,Hoffenheim,Designado por Liga,0,0,0,0
2026-08-29 13:30:00,Mainz 05,Paderborn,Designado por Liga,0,0,0,0
2026-08-29 13:30:00,RasenBallsport Leipzig,Borussia M.Gladbach,Designado por Liga,0,0,0,0
2026-08-29 13:30:00,Union Berlin,Eintracht Frankfurt,Designado por Liga,0,0,0,0
2026-08-30 15:30:00,Augsburg,Schalke 04,Designado por Liga,0,0,0,0
2026-08-30 13:30:00,Freiburg,Werder Bremen,Designado por Liga,0,0,0,0
2026-09-04 18:30:00,VfB Stuttgart,FC Cologne,Designado por Liga,0,0,0,0
2026-09-05 13:30:00,Bayer Leverkusen,Union Berlin,Designado por Liga,0,0,0,0
2026-09-05 13:30:00,Borussia M.Gladbach,Elversberg,Designado por Liga,0,0,0,0
2026-09-05 13:30:00,Hoffenheim,Borussia Dortmund,Designado por Liga,0,0,0,0
2026-09-05 13:30:00,Paderborn,Freiburg,Designado por Liga,0,0,0,0
2026-09-05 16:30:00,Schalke 04,Bayern Munich,Designado por Liga,0,0,0,0
2026-09-05 13:30:00,Werder Bremen,RasenBallsport Leipzig,Designado por Liga,0,0,0,0
2026-09-06 15:30:00,Eintracht Frankfurt,Augsburg,Designado por Liga,0,0,0,0
2026-09-06 13:30:00,Hamburger SV,Mainz 05,Designado por Liga,0,0,0,0
2026-09-11 18:30:00,Union Berlin,Schalke 04,Designado por Liga,0,0,0,0
2026-09-12 13:30:00,Augsburg,Bayer Leverkusen,Designado por Liga,0,0,0,0
2026-09-12 13:30:00,Borussia Dortmund,Paderborn,Designado por Liga,0,0,0,0
2026-09-12 16:30:00,FC Cologne,Werder Bremen,Designado por Liga,0,0,0,0
2026-09-12 13:30:00,Freiburg,Borussia M.Gladbach,Designado por Liga,0,0,0,0
2026-09-12 13:30:00,Hoffenheim,VfB Stuttgart,Designado por Liga,0,0,0,0
2026-09-12 13:30:00,Mainz 05,Eintracht Frankfurt,Designado por Liga,0,0,0,0
2026-09-13 15:30:00,Elversberg,Bayern Munich,Designado por Liga,0,0,0,0
2026-09-13 13:30:00,RasenBallsport Leipzig,Hamburger SV,Designado por Liga,0,0,0,0
2026-09-18 18:30:00,Bayern Munich,Union Berlin,Designado por Liga,0,0,0,0
2026-09-19 13:30:00,Borussia M.Gladbach,Mainz 05,Designado por Liga,0,0,0,0
2026-09-19 13:30:00,Eintracht Frankfurt,Freiburg,Designado por Liga,0,0,0,0
2026-09-19 13:30:00,Hamburger SV,FC Cologne,Designado por Liga,0,0,0,0
2026-09-19 16:30:00,VfB Stuttgart,Borussia Dortmund,Designado por Liga,0,0,0,0
2026-09-19 13:30:00,Werder Bremen,Augsburg,Designado por Liga,0,0,0,0
2026-09-20 13:30:00,Bayer Leverkusen,RasenBallsport Leipzig,Designado por Liga,0,0,0,0
2026-09-20 17:30:00,Paderborn,Hoffenheim,Designado por Liga,0,0,0,0
2026-09-20 15:30:00,Schalke 04,Elversberg,Designado por Liga,0,0,0,0
2026-10-10 13:30:00,Augsburg,Bayern Munich,Designado por Liga,0,0,0,0
2026-10-10 13:30:00,Borussia Dortmund,Werder Bremen,Designado por Liga,0,0,0,0
2026-10-10 13:30:00,FC Cologne,Borussia M.Gladbach,Designado por Liga,0,0,0,0
2026-10-10 13:30:00,Freiburg,Schalke 04,Designado por Liga,0,0,0,0
2026-10-10 13:30:00,Hoffenheim,Hamburger SV,Designado por Liga,0,0,0,0
2026-10-10 13:30:00,Mainz 05,Bayer Leverkusen,Designado por Liga,0,0,0,0
2026-10-10 13:30:00,Paderborn,VfB Stuttgart,Designado por Liga,0,0,0,0
2026-10-10 13:30:00,RasenBallsport Leipzig,Eintracht Frankfurt,Designado por Liga,0,0,0,0
2026-10-10 13:30:00,Union Berlin,Elversberg,Designado por Liga,0,0,0,0
2026-10-17 13:30:00,Bayer Leverkusen,Freiburg,Designado por Liga,0,0,0,0
2026-10-17 13:30:00,Bayern Munich,RasenBallsport Leipzig,Designado por Liga,0,0,0,0
2026-10-17 13:30:00,Borussia M.Gladbach,Hoffenheim,Designado por Liga,0,0,0,0
2026-10-17 13:30:00,Eintracht Frankfurt,FC Cologne,Designado por Liga,0,0,0,0
2026-10-17 13:30:00,Elversberg,Augsburg,Designado por Liga,0,0,0,0
2026-10-17 13:30:00,Hamburger SV,VfB Stuttgart,Designado por Liga,0,0,0,0
2026-10-17 13:30:00,Schalke 04,Mainz 05,Designado por Liga,0,0,0,0
2026-10-17 13:30:00,Union Berlin,Borussia Dortmund,Designado por Liga,0,0,0,0
2026-10-17 13:30:00,Werder Bremen,Paderborn,Designado por Liga,0,0,0,0
2026-10-24 13:30:00,Augsburg,Union Berlin,Designado por Liga,0,0,0,0
2026-10-24 13:30:00,Borussia Dortmund,Eintracht Frankfurt,Designado por Liga,0,0,0,0
2026-10-24 13:30:00,FC Cologne,Schalke 04,Designado por Liga,0,0,0,0
2026-10-24 13:30:00,Freiburg,Bayern Munich,Designado por Liga,0,0,0,0
2026-10-24 13:30:00,Hoffenheim,Bayer Leverkusen,Designado por Liga,0,0,0,0
2026-10-24 13:30:00,Mainz 05,Werder Bremen,Designado por Liga,0,0,0,0
2026-10-24 13:30:00,Paderborn,Hamburger SV,Designado por Liga,0,0,0,0
2026-10-24 13:30:00,RasenBallsport Leipzig,Elversberg,Designado por Liga,0,0,0,0
2026-10-24 13:30:00,VfB Stuttgart,Borussia M.Gladbach,Designado por Liga,0,0,0,0
2026-10-31 14:30:00,Augsburg,Freiburg,Designado por Liga,0,0,0,0
2026-10-31 14:30:00,Bayer Leverkusen,VfB Stuttgart,Designado por Liga,0,0,0,0
2026-10-31 14:30:00,Bayern Munich,Borussia Dortmund,Designado por Liga,0,0,0,0
2026-10-31 14:30:00,Borussia M.Gladbach,Paderborn,Designado por Liga,0,0,0,0
2026-10-31 14:30:00,Eintracht Frankfurt,Hamburger SV,Designado por Liga,0,0,0,0
2026-10-31 14:30:00,Elversberg,Mainz 05,Designado por Liga,0,0,0,0
2026-10-31 14:30:00,Schalke 04,RasenBallsport Leipzig,Designado por Liga,0,0,0,0
2026-10-31 14:30:00,Union Berlin,FC Cologne,Designado por Liga,0,0,0,0
2026-10-31 14:30:00,Werder Bremen,Hoffenheim,Designado por Liga,0,0,0,0
2026-11-07 14:30:00,Borussia Dortmund,Elversberg,Designado por Liga,0,0,0,0
2026-11-07 14:30:00,FC Cologne,Bayer Leverkusen,Designado por Liga,0,0,0,0
2026-11-07 14:30:00,Freiburg,Union Berlin,Designado por Liga,0,0,0,0
2026-11-07 14:30:00,Hamburger SV,Borussia M.Gladbach,Designado por Liga,0,0,0,0
2026-11-07 14:30:00,Hoffenheim,Schalke 04,Designado por Liga,0,0,0,0
2026-11-07 14:30:00,Mainz 05,Bayern Munich,Designado por Liga,0,0,0,0
2026-11-07 14:30:00,Paderborn,Eintracht Frankfurt,Designado por Liga,0,0,0,0
2026-11-07 14:30:00,RasenBallsport Leipzig,Augsburg,Designado por Liga,0,0,0,0
2026-11-07 14:30:00,VfB Stuttgart,Werder Bremen,Designado por Liga,0,0,0,0
2026-11-21 14:30:00,Augsburg,Mainz 05,Designado por Liga,0,0,0,0
2026-11-21 14:30:00,Bayer Leverkusen,Paderborn,Designado por Liga,0,0,0,0
2026-11-21 14:30:00,Bayern Munich,FC Cologne,Designado por Liga,0,0,0,0
2026-11-21 14:30:00,Borussia M.Gladbach,Borussia Dortmund,Designado por Liga,0,0,0,0
2026-11-21 14:30:00,Eintracht Frankfurt,Hoffenheim,Designado por Liga,0,0,0,0
2026-11-21 14:30:00,Elversberg,Freiburg,Designado por Liga,0,0,0,0
2026-11-21 14:30:00,Schalke 04,VfB Stuttgart,Designado por Liga,0,0,0,0
2026-11-21 14:30:00,Union Berlin,RasenBallsport Leipzig,Designado por Liga,0,0,0,0
2026-11-21 14:30:00,Werder Bremen,Hamburger SV,Designado por Liga,0,0,0,0
2026-11-28 14:30:00,Borussia Dortmund,Bayer Leverkusen,Designado por Liga,0,0,0,0
2026-11-28 14:30:00,FC Cologne,Elversberg,Designado por Liga,0,0,0,0
2026-11-28 14:30:00,Freiburg,RasenBallsport Leipzig,Designado por Liga,0,0,0,0
2026-11-28 14:30:00,Hamburger SV,Bayern Munich,Designado por Liga,0,0,0,0
2026-11-28 14:30:00,Hoffenheim,Augsburg,Designado por Liga,0,0,0,0
2026-11-28 14:30:00,Mainz 05,Union Berlin,Designado por Liga,0,0,0,0
2026-11-28 14:30:00,Paderborn,Schalke 04,Designado por Liga,0,0,0,0
2026-11-28 14:30:00,VfB Stuttgart,Eintracht Frankfurt,Designado por Liga,0,0,0,0
2026-11-28 14:30:00,Werder Bremen,Borussia M.Gladbach,Designado por Liga,0,0,0,0
2026-12-05 14:30:00,Augsburg,FC Cologne,Designado por Liga,0,0,0,0
2026-12-05 14:30:00,Bayer Leverkusen,Borussia M.Gladbach,Designado por Liga,0,0,0,0
2026-12-05 14:30:00,Bayern Munich,Paderborn,Designado por Liga,0,0,0,0
2026-12-05 14:30:00,Eintracht Frankfurt,Werder Bremen,Designado por Liga,0,0,0,0
2026-12-05 14:30:00,Elversberg,VfB Stuttgart,Designado por Liga,0,0,0,0
2026-12-05 14:30:00,Freiburg,Hoffenheim,Designado por Liga,0,0,0,0
2026-12-05 14:30:00,RasenBallsport Leipzig,Mainz 05,Designado por Liga,0,0,0,0
2026-12-05 14:30:00,Schalke 04,Borussia Dortmund,Designado por Liga,0,0,0,0
2026-12-05 14:30:00,Union Berlin,Hamburger SV,Designado por Liga,0,0,0,0
2026-12-12 14:30:00,Borussia Dortmund,Augsburg,Designado por Liga,0,0,0,0
2026-12-12 14:30:00,Borussia M.Gladbach,Eintracht Frankfurt,Designado por Liga,0,0,0,0
2026-12-12 14:30:00,FC Cologne,RasenBallsport Leipzig,Designado por Liga,0,0,0,0
2026-12-12 14:30:00,Hamburger SV,Schalke 04,Designado por Liga,0,0,0,0
2026-12-12 14:30:00,Hoffenheim,Bayern Munich,Designado por Liga,0,0,0,0
2026-12-12 14:30:00,Mainz 05,Freiburg,Designado por Liga,0,0,0,0
2026-12-12 14:30:00,Paderborn,Elversberg,Designado por Liga,0,0,0,0
2026-12-12 14:30:00,VfB Stuttgart,Union Berlin,Designado por Liga,0,0,0,0
2026-12-12 14:30:00,Werder Bremen,Bayer Leverkusen,Designado por Liga,0,0,0,0
2026-12-19 14:30:00,Augsburg,Paderborn,Designado por Liga,0,0,0,0
2026-12-19 14:30:00,Bayer Leverkusen,Eintracht Frankfurt,Designado por Liga,0,0,0,0
2026-12-19 14:30:00,Bayern Munich,Werder Bremen,Designado por Liga,0,0,0,0
2026-12-19 14:30:00,Elversberg,Hamburger SV,Designado por Liga,0,0,0,0
2026-12-19 14:30:00,Freiburg,VfB Stuttgart,Designado por Liga,0,0,0,0
2026-12-19 14:30:00,Mainz 05,FC Cologne,Designado por Liga,0,0,0,0
2026-12-19 14:30:00,RasenBallsport Leipzig,Borussia Dortmund,Designado por Liga,0,0,0,0
2026-12-19 14:30:00,Schalke 04,Borussia M.Gladbach,Designado por Liga,0,0,0,0
2026-12-19 14:30:00,Union Berlin,Hoffenheim,Designado por Liga,0,0,0,0
2027-01-09 14:30:00,Borussia Dortmund,Mainz 05,Designado por Liga,0,0,0,0
2027-01-09 14:30:00,Borussia M.Gladbach,Bayern Munich,Designado por Liga,0,0,0,0
2027-01-09 14:30:00,Eintracht Frankfurt,Schalke 04,Designado por Liga,0,0,0,0
2027-01-09 14:30:00,FC Cologne,Freiburg,Designado por Liga,0,0,0,0
2027-01-09 14:30:00,Hamburger SV,Bayer Leverkusen,Designado por Liga,0,0,0,0
2027-01-09 14:30:00,Hoffenheim,Elversberg,Designado por Liga,0,0,0,0
2027-01-09 14:30:00,Paderborn,RasenBallsport Leipzig,Designado por Liga,0,0,0,0
2027-01-09 14:30:00,VfB Stuttgart,Augsburg,Designado por Liga,0,0,0,0
2027-01-09 14:30:00,Werder Bremen,Union Berlin,Designado por Liga,0,0,0,0
2027-01-13 14:30:00,Augsburg,Borussia M.Gladbach,Designado por Liga,0,0,0,0
2027-01-13 14:30:00,Bayern Munich,Bayer Leverkusen,Designado por Liga,0,0,0,0
2027-01-13 14:30:00,Elversberg,Eintracht Frankfurt,Designado por Liga,0,0,0,0
2027-01-13 14:30:00,FC Cologne,Borussia Dortmund,Designado por Liga,0,0,0,0
2027-01-13 14:30:00,Freiburg,Hamburger SV,Designado por Liga,0,0,0,0
2027-01-13 14:30:00,Mainz 05,Hoffenheim,Designado por Liga,0,0,0,0
2027-01-13 14:30:00,RasenBallsport Leipzig,VfB Stuttgart,Designado por Liga,0,0,0,0
2027-01-13 14:30:00,Schalke 04,Werder Bremen,Designado por Liga,0,0,0,0
2027-01-13 14:30:00,Union Berlin,Paderborn,Designado por Liga,0,0,0,0
2027-01-16 14:30:00,Bayer Leverkusen,Schalke 04,Designado por Liga,0,0,0,0
2027-01-16 14:30:00,Borussia Dortmund,Freiburg,Designado por Liga,0,0,0,0
2027-01-16 14:30:00,Borussia M.Gladbach,Union Berlin,Designado por Liga,0,0,0,0
2027-01-16 14:30:00,Eintracht Frankfurt,Bayern Munich,Designado por Liga,0,0,0,0
2027-01-16 14:30:00,Hamburger SV,Augsburg,Designado por Liga,0,0,0,0
2027-01-16 14:30:00,Hoffenheim,RasenBallsport Leipzig,Designado por Liga,0,0,0,0
2027-01-16 14:30:00,Paderborn,FC Cologne,Designado por Liga,0,0,0,0
2027-01-16 14:30:00,VfB Stuttgart,Mainz 05,Designado por Liga,0,0,0,0
2027-01-16 14:30:00,Werder Bremen,Elversberg,Designado por Liga,0,0,0,0
2027-01-23 14:30:00,Bayer Leverkusen,Elversberg,Designado por Liga,0,0,0,0
2027-01-23 14:30:00,Borussia M.Gladbach,RasenBallsport Leipzig,Designado por Liga,0,0,0,0
2027-01-23 14:30:00,Eintracht Frankfurt,Union Berlin,Designado por Liga,0,0,0,0
2027-01-23 14:30:00,Hamburger SV,Borussia Dortmund,Designado por Liga,0,0,0,0
2027-01-23 14:30:00,Hoffenheim,FC Cologne,Designado por Liga,0,0,0,0
2027-01-23 14:30:00,Paderborn,Mainz 05,Designado por Liga,0,0,0,0
2027-01-23 14:30:00,Schalke 04,Augsburg,Designado por Liga,0,0,0,0
2027-01-23 14:30:00,VfB Stuttgart,Bayern Munich,Designado por Liga,0,0,0,0
2027-01-23 14:30:00,Werder Bremen,Freiburg,Designado por Liga,0,0,0,0
2027-01-30 14:30:00,Augsburg,Eintracht Frankfurt,Designado por Liga,0,0,0,0
2027-01-30 14:30:00,Bayern Munich,Schalke 04,Designado por Liga,0,0,0,0
2027-01-30 14:30:00,Borussia Dortmund,Hoffenheim,Designado por Liga,0,0,0,0
2027-01-30 14:30:00,Elversberg,Borussia M.Gladbach,Designado por Liga,0,0,0,0
2027-01-30 14:30:00,FC Cologne,VfB Stuttgart,Designado por Liga,0,0,0,0
2027-01-30 14:30:00,Freiburg,Paderborn,Designado por Liga,0,0,0,0
2027-01-30 14:30:00,Mainz 05,Hamburger SV,Designado por Liga,0,0,0,0
2027-01-30 14:30:00,RasenBallsport Leipzig,Werder Bremen,Designado por Liga,0,0,0,0
2027-01-30 14:30:00,Union Berlin,Bayer Leverkusen,Designado por Liga,0,0,0,0
2027-02-06 14:30:00,Bayer Leverkusen,Augsburg,Designado por Liga,0,0,0,0
2027-02-06 14:30:00,Bayern Munich,Elversberg,Designado por Liga,0,0,0,0
2027-02-06 14:30:00,Borussia M.Gladbach,Freiburg,Designado por Liga,0,0,0,0
2027-02-06 14:30:00,Eintracht Frankfurt,Mainz 05,Designado por Liga,0,0,0,0
2027-02-06 14:30:00,Hamburger SV,RasenBallsport Leipzig,Designado por Liga,0,0,0,0
2027-02-06 14:30:00,Paderborn,Borussia Dortmund,Designado por Liga,0,0,0,0
2027-02-06 14:30:00,Schalke 04,Union Berlin,Designado por Liga,0,0,0,0
2027-02-06 14:30:00,VfB Stuttgart,Hoffenheim,Designado por Liga,0,0,0,0
2027-02-06 14:30:00,Werder Bremen,FC Cologne,Designado por Liga,0,0,0,0
2027-02-13 14:30:00,Augsburg,Werder Bremen,Designado por Liga,0,0,0,0
2027-02-13 14:30:00,Borussia Dortmund,VfB Stuttgart,Designado por Liga,0,0,0,0
2027-02-13 14:30:00,Elversberg,Schalke 04,Designado por Liga,0,0,0,0
2027-02-13 14:30:00,FC Cologne,Hamburger SV,Designado por Liga,0,0,0,0
2027-02-13 14:30:00,Freiburg,Eintracht Frankfurt,Designado por Liga,0,0,0,0
2027-02-13 14:30:00,Hoffenheim,Paderborn,Designado por Liga,0,0,0,0
2027-02-13 14:30:00,Mainz 05,Borussia M.Gladbach,Designado por Liga,0,0,0,0
2027-02-13 14:30:00,RasenBallsport Leipzig,Bayer Leverkusen,Designado por Liga,0,0,0,0
2027-02-13 14:30:00,Union Berlin,Bayern Munich,Designado por Liga,0,0,0,0
2027-02-20 14:30:00,Bayer Leverkusen,Mainz 05,Designado por Liga,0,0,0,0
2027-02-20 14:30:00,Bayern Munich,Augsburg,Designado por Liga,0,0,0,0
2027-02-20 14:30:00,Borussia M.Gladbach,FC Cologne,Designado por Liga,0,0,0,0
2027-02-20 14:30:00,Eintracht Frankfurt,RasenBallsport Leipzig,Designado por Liga,0,0,0,0
2027-02-20 14:30:00,Elversberg,Union Berlin,Designado por Liga,0,0,0,0
2027-02-20 14:30:00,Hamburger SV,Hoffenheim,Designado por Liga,0,0,0,0
2027-02-20 14:30:00,Schalke 04,Freiburg,Designado por Liga,0,0,0,0
2027-02-20 14:30:00,VfB Stuttgart,Paderborn,Designado por Liga,0,0,0,0
2027-02-20 14:30:00,Werder Bremen,Borussia Dortmund,Designado por Liga,0,0,0,0
2027-02-27 14:30:00,Augsburg,Elversberg,Designado por Liga,0,0,0,0
2027-02-27 14:30:00,Borussia Dortmund,Union Berlin,Designado por Liga,0,0,0,0
2027-02-27 14:30:00,FC Cologne,Eintracht Frankfurt,Designado por Liga,0,0,0,0
2027-02-27 14:30:00,Freiburg,Bayer Leverkusen,Designado por Liga,0,0,0,0
2027-02-27 14:30:00,Hoffenheim,Borussia M.Gladbach,Designado por Liga,0,0,0,0
2027-02-27 14:30:00,Mainz 05,Schalke 04,Designado por Liga,0,0,0,0
2027-02-27 14:30:00,Paderborn,Werder Bremen,Designado por Liga,0,0,0,0
2027-02-27 14:30:00,RasenBallsport Leipzig,Bayern Munich,Designado por Liga,0,0,0,0
2027-02-27 14:30:00,VfB Stuttgart,Hamburger SV,Designado por Liga,0,0,0,0
2027-03-03 14:30:00,Bayer Leverkusen,Hoffenheim,Designado por Liga,0,0,0,0
2027-03-03 14:30:00,Bayern Munich,Freiburg,Designado por Liga,0,0,0,0
2027-03-03 14:30:00,Borussia M.Gladbach,VfB Stuttgart,Designado por Liga,0,0,0,0
2027-03-03 14:30:00,Eintracht Frankfurt,Borussia Dortmund,Designado por Liga,0,0,0,0
2027-03-03 14:30:00,Elversberg,RasenBallsport Leipzig,Designado por Liga,0,0,0,0
2027-03-03 14:30:00,Hamburger SV,Paderborn,Designado por Liga,0,0,0,0
2027-03-03 14:30:00,Schalke 04,FC Cologne,Designado por Liga,0,0,0,0
2027-03-03 14:30:00,Union Berlin,Augsburg,Designado por Liga,0,0,0,0
2027-03-03 14:30:00,Werder Bremen,Mainz 05,Designado por Liga,0,0,0,0
2027-03-06 14:30:00,Borussia Dortmund,Bayern Munich,Designado por Liga,0,0,0,0
2027-03-06 14:30:00,FC Cologne,Union Berlin,Designado por Liga,0,0,0,0
2027-03-06 14:30:00,Freiburg,Augsburg,Designado por Liga,0,0,0,0
2027-03-06 14:30:00,Hamburger SV,Eintracht Frankfurt,Designado por Liga,0,0,0,0
2027-03-06 14:30:00,Hoffenheim,Werder Bremen,Designado por Liga,0,0,0,0
2027-03-06 14:30:00,Mainz 05,Elversberg,Designado por Liga,0,0,0,0
2027-03-06 14:30:00,Paderborn,Borussia M.Gladbach,Designado por Liga,0,0,0,0
2027-03-06 14:30:00,RasenBallsport Leipzig,Schalke 04,Designado por Liga,0,0,0,0
2027-03-06 14:30:00,VfB Stuttgart,Bayer Leverkusen,Designado por Liga,0,0,0,0
2027-03-13 14:30:00,Augsburg,RasenBallsport Leipzig,Designado por Liga,0,0,0,0
2027-03-13 14:30:00,Bayer Leverkusen,FC Cologne,Designado por Liga,0,0,0,0
2027-03-13 14:30:00,Bayern Munich,Mainz 05,Designado por Liga,0,0,0,0
2027-03-13 14:30:00,Borussia M.Gladbach,Hamburger SV,Designado por Liga,0,0,0,0
2027-03-13 14:30:00,Eintracht Frankfurt,Paderborn,Designado por Liga,0,0,0,0
2027-03-13 14:30:00,Elversberg,Borussia Dortmund,Designado por Liga,0,0,0,0
2027-03-13 14:30:00,Schalke 04,Hoffenheim,Designado por Liga,0,0,0,0
2027-03-13 14:30:00,Union Berlin,Freiburg,Designado por Liga,0,0,0,0
2027-03-13 14:30:00,Werder Bremen,VfB Stuttgart,Designado por Liga,0,0,0,0
2027-03-20 14:30:00,Borussia Dortmund,Borussia M.Gladbach,Designado por Liga,0,0,0,0
2027-03-20 14:30:00,FC Cologne,Bayern Munich,Designado por Liga,0,0,0,0
2027-03-20 14:30:00,Freiburg,Elversberg,Designado por Liga,0,0,0,0
2027-03-20 14:30:00,Hamburger SV,Werder Bremen,Designado por Liga,0,0,0,0
2027-03-20 14:30:00,Hoffenheim,Eintracht Frankfurt,Designado por Liga,0,0,0,0
2027-03-20 14:30:00,Mainz 05,Augsburg,Designado por Liga,0,0,0,0
2027-03-20 14:30:00,Paderborn,Bayer Leverkusen,Designado por Liga,0,0,0,0
2027-03-20 14:30:00,RasenBallsport Leipzig,Union Berlin,Designado por Liga,0,0,0,0
2027-03-20 14:30:00,VfB Stuttgart,Schalke 04,Designado por Liga,0,0,0,0
2027-04-03 13:30:00,Augsburg,Hoffenheim,Designado por Liga,0,0,0,0
2027-04-03 13:30:00,Bayer Leverkusen,Borussia Dortmund,Designado por Liga,0,0,0,0
2027-04-03 13:30:00,Bayern Munich,Hamburger SV,Designado por Liga,0,0,0,0
2027-04-03 13:30:00,Borussia M.Gladbach,Werder Bremen,Designado por Liga,0,0,0,0
2027-04-03 13:30:00,Eintracht Frankfurt,VfB Stuttgart,Designado por Liga,0,0,0,0
2027-04-03 13:30:00,Elversberg,FC Cologne,Designado por Liga,0,0,0,0
2027-04-03 13:30:00,RasenBallsport Leipzig,Freiburg,Designado por Liga,0,0,0,0
2027-04-03 13:30:00,Schalke 04,Paderborn,Designado por Liga,0,0,0,0
2027-04-03 13:30:00,Union Berlin,Mainz 05,Designado por Liga,0,0,0,0
2027-04-10 13:30:00,Borussia Dortmund,Schalke 04,Designado por Liga,0,0,0,0
2027-04-10 13:30:00,Borussia M.Gladbach,Bayer Leverkusen,Designado por Liga,0,0,0,0
2027-04-10 13:30:00,FC Cologne,Augsburg,Designado por Liga,0,0,0,0
2027-04-10 13:30:00,Hamburger SV,Union Berlin,Designado por Liga,0,0,0,0
2027-04-10 13:30:00,Hoffenheim,Freiburg,Designado por Liga,0,0,0,0
2027-04-10 13:30:00,Mainz 05,RasenBallsport Leipzig,Designado por Liga,0,0,0,0
2027-04-10 13:30:00,Paderborn,Bayern Munich,Designado por Liga,0,0,0,0
2027-04-10 13:30:00,VfB Stuttgart,Elversberg,Designado por Liga,0,0,0,0
2027-04-10 13:30:00,Werder Bremen,Eintracht Frankfurt,Designado por Liga,0,0,0,0
2027-04-17 13:30:00,Augsburg,Borussia Dortmund,Designado por Liga,0,0,0,0
2027-04-17 13:30:00,Bayer Leverkusen,Werder Bremen,Designado por Liga,0,0,0,0
2027-04-17 13:30:00,Bayern Munich,Hoffenheim,Designado por Liga,0,0,0,0
2027-04-17 13:30:00,Eintracht Frankfurt,Borussia M.Gladbach,Designado por Liga,0,0,0,0
2027-04-17 13:30:00,Elversberg,Paderborn,Designado por Liga,0,0,0,0
2027-04-17 13:30:00,Freiburg,Mainz 05,Designado por Liga,0,0,0,0
2027-04-17 13:30:00,RasenBallsport Leipzig,FC Cologne,Designado por Liga,0,0,0,0
2027-04-17 13:30:00,Schalke 04,Hamburger SV,Designado por Liga,0,0,0,0
2027-04-17 13:30:00,Union Berlin,VfB Stuttgart,Designado por Liga,0,0,0,0
2027-04-24 13:30:00,Borussia Dortmund,RasenBallsport Leipzig,Designado por Liga,0,0,0,0
2027-04-24 13:30:00,Borussia M.Gladbach,Schalke 04,Designado por Liga,0,0,0,0
2027-04-24 13:30:00,Eintracht Frankfurt,Bayer Leverkusen,Designado por Liga,0,0,0,0
2027-04-24 13:30:00,FC Cologne,Mainz 05,Designado por Liga,0,0,0,0
2027-04-24 13:30:00,Hamburger SV,Elversberg,Designado por Liga,0,0,0,0
2027-04-24 13:30:00,Hoffenheim,Union Berlin,Designado por Liga,0,0,0,0
2027-04-24 13:30:00,Paderborn,Augsburg,Designado por Liga,0,0,0,0
2027-04-24 13:30:00,VfB Stuttgart,Freiburg,Designado por Liga,0,0,0,0
2027-04-24 13:30:00,Werder Bremen,Bayern Munich,Designado por Liga,0,0,0,0
2027-05-08 13:30:00,Augsburg,VfB Stuttgart,Designado por Liga,0,0,0,0
2027-05-08 13:30:00,Bayer Leverkusen,Hamburger SV,Designado por Liga,0,0,0,0
2027-05-08 13:30:00,Bayern Munich,Borussia M.Gladbach,Designado por Liga,0,0,0,0
2027-05-08 13:30:00,Elversberg,Hoffenheim,Designado por Liga,0,0,0,0
2027-05-08 13:30:00,Freiburg,FC Cologne,Designado por Liga,0,0,0,0
2027-05-08 13:30:00,Mainz 05,Borussia Dortmund,Designado por Liga,0,0,0,0
2027-05-08 13:30:00,RasenBallsport Leipzig,Paderborn,Designado por Liga,0,0,0,0
2027-05-08 13:30:00,Schalke 04,Eintracht Frankfurt,Designado por Liga,0,0,0,0
2027-05-08 13:30:00,Union Berlin,Werder Bremen,Designado por Liga,0,0,0,0
2027-05-15 13:30:00,Bayer Leverkusen,Bayern Munich,Designado por Liga,0,0,0,0
2027-05-15 13:30:00,Borussia Dortmund,FC Cologne,Designado por Liga,0,0,0,0
2027-05-15 13:30:00,Borussia M.Gladbach,Augsburg,Designado por Liga,0,0,0,0
2027-05-15 13:30:00,Eintracht Frankfurt,Elversberg,Designado por Liga,0,0,0,0
2027-05-15 13:30:00,Hamburger SV,Freiburg,Designado por Liga,0,0,0,0
2027-05-15 13:30:00,Hoffenheim,Mainz 05,Designado por Liga,0,0,0,0
2027-05-15 13:30:00,Paderborn,Union Berlin,Designado por Liga,0,0,0,0
2027-05-15 13:30:00,VfB Stuttgart,RasenBallsport Leipzig,Designado por Liga,0,0,0,0
2027-05-15 13:30:00,Werder Bremen,Schalke 04,Designado por Liga,0,0,0,0
2027-05-22 13:30:00,Augsburg,Hamburger SV,Designado por Liga,0,0,0,0
2027-05-22 13:30:00,Bayern Munich,Eintracht Frankfurt,Designado por Liga,0,0,0,0
2027-05-22 13:30:00,Elversberg,Werder Bremen,Designado por Liga,0,0,0,0
2027-05-22 13:30:00,FC Cologne,Paderborn,Designado por Liga,0,0,0,0
2027-05-22 13:30:00,Freiburg,Borussia Dortmund,Designado por Liga,0,0,0,0
2027-05-22 13:30:00,Mainz 05,VfB Stuttgart,Designado por Liga,0,0,0,0
2027-05-22 13:30:00,RasenBallsport Leipzig,Hoffenheim,Designado por Liga,0,0,0,0
2027-05-22 13:30:00,Schalke 04,Bayer Leverkusen,Designado por Liga,0,0,0,0
2027-05-22 13:30:00,Union Berlin,Borussia M.Gladbach,Designado por Liga,0,0,0,0
2026-08-22 18:45:00,Genoa,Napoli,Designado por Liga,0,0,0,0
2026-08-22 16:30:00,Inter,Monza,Designado por Liga,0,0,0,0
2026-08-22 18:45:00,Parma Calcio 1913,Cagliari,Designado por Liga,0,0,0,0
2026-08-22 16:30:00,Udinese,Como,Designado por Liga,0,0,0,0
2026-08-23 18:45:00,Atalanta,Sassuolo,Designado por Liga,0,0,0,0
2026-08-23 16:30:00,Frosinone,Juventus,Designado por Liga,0,0,0,0
2026-08-23 18:45:00,Torino,AC Milan,Designado por Liga,0,0,0,0
2026-08-23 16:30:00,Venezia,Lecce,Designado por Liga,0,0,0,0
2026-08-24 16:30:00,Bologna,Lazio,Designado por Liga,0,0,0,0
2026-08-24 18:45:00,Roma,Fiorentina,Designado por Liga,0,0,0,0
2026-08-28 18:45:00,AC Milan,Venezia,Designado por Liga,0,0,0,0
2026-08-29 16:30:00,Fiorentina,Frosinone,Designado por Liga,0,0,0,0
2026-08-29 18:45:00,Juventus,Parma Calcio 1913,Designado por Liga,0,0,0,0
2026-08-29 16:30:00,Monza,Udinese,Designado por Liga,0,0,0,0
2026-08-29 16:30:00,Sassuolo,Torino,Designado por Liga,0,0,0,0
2026-08-30 18:45:00,Cagliari,Inter,Designado por Liga,0,0,0,0
2026-08-30 18:45:00,Lazio,Genoa,Designado por Liga,0,0,0,0
2026-08-30 16:30:00,Napoli,Como,Designado por Liga,0,0,0,0
2026-08-31 18:45:00,Atalanta,Bologna,Designado por Liga,0,0,0,0
2026-08-31 16:30:00,Lecce,Roma,Designado por Liga,0,0,0,0
2026-09-04 18:45:00,Genoa,Como,Designado por Liga,0,0,0,0
2026-09-05 13:00:00,Fiorentina,Torino,Designado por Liga,0,0,0,0
2026-09-05 16:00:00,Inter,Napoli,Designado por Liga,0,0,0,0
2026-09-05 18:45:00,Roma,Atalanta,Designado por Liga,0,0,0,0
2026-09-06 16:00:00,Bologna,Sassuolo,Designado por Liga,0,0,0,0
2026-09-06 13:00:00,Frosinone,Venezia,Designado por Liga,0,0,0,0
2026-09-06 18:45:00,Juventus,AC Milan,Designado por Liga,0,0,0,0
2026-09-06 13:00:00,Parma Calcio 1913,Monza,Designado por Liga,0,0,0,0
2026-09-07 16:00:00,Cagliari,Lecce,Designado por Liga,0,0,0,0
2026-09-07 18:45:00,Udinese,Lazio,Designado por Liga,0,0,0,0
2026-09-11 18:45:00,Venezia,Fiorentina,Designado por Liga,0,0,0,0
2026-09-12 18:45:00,Atalanta,Cagliari,Designado por Liga,0,0,0,0
2026-09-12 13:00:00,Genoa,Frosinone,Designado por Liga,0,0,0,0
2026-09-12 16:00:00,Sassuolo,Juventus,Designado por Liga,0,0,0,0
2026-09-13 13:00:00,Como,Parma Calcio 1913,Designado por Liga,0,0,0,0
2026-09-13 18:45:00,Lazio,AC Milan,Designado por Liga,0,0,0,0
2026-09-13 13:00:00,Lecce,Monza,Designado por Liga,0,0,0,0
2026-09-13 16:00:00,Napoli,Bologna,Designado por Liga,0,0,0,0
2026-09-13 10:30:00,Torino,Roma,Designado por Liga,0,0,0,0
2026-09-14 18:45:00,Inter,Udinese,Designado por Liga,0,0,0,0
2026-09-18 18:45:00,Monza,Sassuolo,Designado por Liga,0,0,0,0
2026-09-19 13:00:00,Bologna,Torino,Designado por Liga,0,0,0,0
2026-09-19 16:00:00,Roma,Inter,Designado por Liga,0,0,0,0
2026-09-19 13:00:00,Udinese,Cagliari,Designado por Liga,0,0,0,0
2026-09-19 18:45:00,Venezia,Lazio,Designado por Liga,0,0,0,0
2026-09-20 18:45:00,AC Milan,Lecce,Designado por Liga,0,0,0,0
2026-09-20 10:30:00,Fiorentina,Napoli,Designado por Liga,0,0,0,0
2026-09-20 13:00:00,Frosinone,Como,Designado por Liga,0,0,0,0
2026-09-20 16:00:00,Juventus,Atalanta,Designado por Liga,0,0,0,0
2026-09-20 13:00:00,Parma Calcio 1913,Genoa,Designado por Liga,0,0,0,0
2026-10-11 13:00:00,Atalanta,Venezia,Designado por Liga,0,0,0,0
2026-10-11 13:00:00,Cagliari,Juventus,Designado por Liga,0,0,0,0
2026-10-11 13:00:00,Como,Roma,Designado por Liga,0,0,0,0
2026-10-11 13:00:00,Genoa,Fiorentina,Designado por Liga,0,0,0,0
2026-10-11 13:00:00,Inter,Parma Calcio 1913,Designado por Liga,0,0,0,0
2026-10-11 13:00:00,Lazio,Monza,Designado por Liga,0,0,0,0
2026-10-11 13:00:00,Lecce,Bologna,Designado por Liga,0,0,0,0
2026-10-11 13:00:00,Napoli,Frosinone,Designado por Liga,0,0,0,0
2026-10-11 13:00:00,Sassuolo,AC Milan,Designado por Liga,0,0,0,0
2026-10-11 13:00:00,Torino,Udinese,Designado por Liga,0,0,0,0
2026-10-17 13:00:00,AC Milan,Atalanta,Designado por Liga,0,0,0,0
2026-10-17 13:00:00,Bologna,Inter,Designado por Liga,0,0,0,0
2026-10-17 13:00:00,Fiorentina,Como,Designado por Liga,0,0,0,0
2026-10-17 13:00:00,Frosinone,Sassuolo,Designado por Liga,0,0,0,0
2026-10-17 13:00:00,Juventus,Lazio,Designado por Liga,0,0,0,0
2026-10-17 13:00:00,Monza,Cagliari,Designado por Liga,0,0,0,0
2026-10-17 13:00:00,Parma Calcio 1913,Torino,Designado por Liga,0,0,0,0
2026-10-17 13:00:00,Roma,Genoa,Designado por Liga,0,0,0,0
2026-10-17 13:00:00,Udinese,Lecce,Designado por Liga,0,0,0,0
2026-10-17 13:00:00,Venezia,Napoli,Designado por Liga,0,0,0,0
2026-10-25 14:00:00,Atalanta,Frosinone,Designado por Liga,0,0,0,0
2026-10-25 14:00:00,Cagliari,Bologna,Designado por Liga,0,0,0,0
2026-10-25 14:00:00,Como,Sassuolo,Designado por Liga,0,0,0,0
2026-10-25 14:00:00,Genoa,Venezia,Designado por Liga,0,0,0,0
2026-10-25 14:00:00,Inter,Fiorentina,Designado por Liga,0,0,0,0
2026-10-25 14:00:00,Lazio,Parma Calcio 1913,Designado por Liga,0,0,0,0
2026-10-25 14:00:00,Lecce,Juventus,Designado por Liga,0,0,0,0
2026-10-25 14:00:00,Napoli,Roma,Designado por Liga,0,0,0,0
2026-10-25 14:00:00,Torino,Monza,Designado por Liga,0,0,0,0
2026-10-25 14:00:00,Udinese,AC Milan,Designado por Liga,0,0,0,0
2026-10-28 14:00:00,AC Milan,Bologna,Designado por Liga,0,0,0,0
2026-10-28 14:00:00,Fiorentina,Atalanta,Designado por Liga,0,0,0,0
2026-10-28 14:00:00,Frosinone,Lecce,Designado por Liga,0,0,0,0
2026-10-28 14:00:00,Genoa,Juventus,Designado por Liga,0,0,0,0
2026-10-28 14:00:00,Monza,Napoli,Designado por Liga,0,0,0,0
2026-10-28 14:00:00,Parma Calcio 1913,Udinese,Designado por Liga,0,0,0,0
2026-10-28 14:00:00,Roma,Cagliari,Designado por Liga,0,0,0,0
2026-10-28 14:00:00,Sassuolo,Lazio,Designado por Liga,0,0,0,0
2026-10-28 14:00:00,Torino,Como,Designado por Liga,0,0,0,0
2026-10-28 14:00:00,Venezia,Inter,Designado por Liga,0,0,0,0
2026-11-01 14:00:00,AC Milan,Inter,Designado por Liga,0,0,0,0
2026-11-01 14:00:00,Atalanta,Parma Calcio 1913,Designado por Liga,0,0,0,0
2026-11-01 14:00:00,Bologna,Monza,Designado por Liga,0,0,0,0
2026-11-01 14:00:00,Como,Venezia,Designado por Liga,0,0,0,0
2026-11-01 14:00:00,Frosinone,Torino,Designado por Liga,0,0,0,0
2026-11-01 14:00:00,Juventus,Napoli,Designado por Liga,0,0,0,0
2026-11-01 14:00:00,Lazio,Cagliari,Designado por Liga,0,0,0,0
2026-11-01 14:00:00,Lecce,Genoa,Designado por Liga,0,0,0,0
2026-11-01 14:00:00,Sassuolo,Fiorentina,Designado por Liga,0,0,0,0
2026-11-01 14:00:00,Udinese,Roma,Designado por Liga,0,0,0,0
2026-11-08 14:00:00,Cagliari,Frosinone,Designado por Liga,0,0,0,0
2026-11-08 14:00:00,Fiorentina,Juventus,Designado por Liga,0,0,0,0
2026-11-08 14:00:00,Genoa,AC Milan,Designado por Liga,0,0,0,0
2026-11-08 14:00:00,Inter,Como,Designado por Liga,0,0,0,0
2026-11-08 14:00:00,Monza,Atalanta,Designado por Liga,0,0,0,0
2026-11-08 14:00:00,Napoli,Lazio,Designado por Liga,0,0,0,0
2026-11-08 14:00:00,Parma Calcio 1913,Bologna,Designado por Liga,0,0,0,0
2026-11-08 14:00:00,Roma,Sassuolo,Designado por Liga,0,0,0,0
2026-11-08 14:00:00,Torino,Lecce,Designado por Liga,0,0,0,0
2026-11-08 14:00:00,Venezia,Udinese,Designado por Liga,0,0,0,0
2026-11-22 14:00:00,AC Milan,Frosinone,Designado por Liga,0,0,0,0
2026-11-22 14:00:00,Atalanta,Inter,Designado por Liga,0,0,0,0
2026-11-22 14:00:00,Bologna,Udinese,Designado por Liga,0,0,0,0
2026-11-22 14:00:00,Como,Cagliari,Designado por Liga,0,0,0,0
2026-11-22 14:00:00,Juventus,Venezia,Designado por Liga,0,0,0,0
2026-11-22 14:00:00,Lazio,Lecce,Designado por Liga,0,0,0,0
2026-11-22 14:00:00,Monza,Fiorentina,Designado por Liga,0,0,0,0
2026-11-22 14:00:00,Napoli,Torino,Designado por Liga,0,0,0,0
2026-11-22 14:00:00,Parma Calcio 1913,Roma,Designado por Liga,0,0,0,0
2026-11-22 14:00:00,Sassuolo,Genoa,Designado por Liga,0,0,0,0
2026-11-29 14:00:00,Cagliari,AC Milan,Designado por Liga,0,0,0,0
2026-11-29 14:00:00,Como,Juventus,Designado por Liga,0,0,0,0
2026-11-29 14:00:00,Frosinone,Parma Calcio 1913,Designado por Liga,0,0,0,0
2026-11-29 14:00:00,Inter,Genoa,Designado por Liga,0,0,0,0
2026-11-29 14:00:00,Lecce,Atalanta,Designado por Liga,0,0,0,0
2026-11-29 14:00:00,Roma,Monza,Designado por Liga,0,0,0,0
2026-11-29 14:00:00,Sassuolo,Napoli,Designado por Liga,0,0,0,0
2026-11-29 14:00:00,Torino,Lazio,Designado por Liga,0,0,0,0
2026-11-29 14:00:00,Udinese,Fiorentina,Designado por Liga,0,0,0,0
2026-11-29 14:00:00,Venezia,Bologna,Designado por Liga,0,0,0,0
2026-12-06 14:00:00,AC Milan,Parma Calcio 1913,Designado por Liga,0,0,0,0
2026-12-06 14:00:00,Bologna,Roma,Designado por Liga,0,0,0,0
2026-12-06 14:00:00,Fiorentina,Cagliari,Designado por Liga,0,0,0,0
2026-12-06 14:00:00,Frosinone,Inter,Designado por Liga,0,0,0,0
2026-12-06 14:00:00,Genoa,Torino,Designado por Liga,0,0,0,0
2026-12-06 14:00:00,Juventus,Udinese,Designado por Liga,0,0,0,0
2026-12-06 14:00:00,Lazio,Atalanta,Designado por Liga,0,0,0,0
2026-12-06 14:00:00,Monza,Como,Designado por Liga,0,0,0,0
2026-12-06 14:00:00,Napoli,Lecce,Designado por Liga,0,0,0,0
2026-12-06 14:00:00,Venezia,Sassuolo,Designado por Liga,0,0,0,0
2026-12-13 14:00:00,Atalanta,Genoa,Designado por Liga,0,0,0,0
2026-12-13 14:00:00,Cagliari,Venezia,Designado por Liga,0,0,0,0
2026-12-13 14:00:00,Como,Bologna,Designado por Liga,0,0,0,0
2026-12-13 14:00:00,Inter,Torino,Designado por Liga,0,0,0,0
2026-12-13 14:00:00,Juventus,Monza,Designado por Liga,0,0,0,0
2026-12-13 14:00:00,Lazio,Roma,Designado por Liga,0,0,0,0
2026-12-13 14:00:00,Lecce,Sassuolo,Designado por Liga,0,0,0,0
2026-12-13 14:00:00,Napoli,AC Milan,Designado por Liga,0,0,0,0
2026-12-13 14:00:00,Parma Calcio 1913,Fiorentina,Designado por Liga,0,0,0,0
2026-12-13 14:00:00,Udinese,Frosinone,Designado por Liga,0,0,0,0
2026-12-20 14:00:00,AC Milan,Como,Designado por Liga,0,0,0,0
2026-12-20 14:00:00,Atalanta,Napoli,Designado por Liga,0,0,0,0
2026-12-20 14:00:00,Fiorentina,Bologna,Designado por Liga,0,0,0,0
2026-12-20 14:00:00,Frosinone,Lazio,Designado por Liga,0,0,0,0
2026-12-20 14:00:00,Genoa,Udinese,Designado por Liga,0,0,0,0
2026-12-20 14:00:00,Lecce,Inter,Designado por Liga,0,0,0,0
2026-12-20 14:00:00,Roma,Juventus,Designado por Liga,0,0,0,0
2026-12-20 14:00:00,Sassuolo,Parma Calcio 1913,Designado por Liga,0,0,0,0
2026-12-20 14:00:00,Torino,Cagliari,Designado por Liga,0,0,0,0
2026-12-20 14:00:00,Venezia,Monza,Designado por Liga,0,0,0,0
2027-01-03 14:00:00,Bologna,Juventus,Designado por Liga,0,0,0,0
2027-01-03 14:00:00,Cagliari,Genoa,Designado por Liga,0,0,0,0
2027-01-03 14:00:00,Como,Lecce,Designado por Liga,0,0,0,0
2027-01-03 14:00:00,Fiorentina,Lazio,Designado por Liga,0,0,0,0
2027-01-03 14:00:00,Inter,Sassuolo,Designado por Liga,0,0,0,0
2027-01-03 14:00:00,Monza,AC Milan,Designado por Liga,0,0,0,0
2027-01-03 14:00:00,Parma Calcio 1913,Napoli,Designado por Liga,0,0,0,0
2027-01-03 14:00:00,Roma,Frosinone,Designado por Liga,0,0,0,0
2027-01-03 14:00:00,Torino,Venezia,Designado por Liga,0,0,0,0
2027-01-03 14:00:00,Udinese,Atalanta,Designado por Liga,0,0,0,0
2027-01-06 14:00:00,AC Milan,Fiorentina,Designado por Liga,0,0,0,0
2027-01-06 14:00:00,Atalanta,Como,Designado por Liga,0,0,0,0
2027-01-06 14:00:00,Frosinone,Bologna,Designado por Liga,0,0,0,0
2027-01-06 14:00:00,Genoa,Monza,Designado por Liga,0,0,0,0
2027-01-06 14:00:00,Juventus,Torino,Designado por Liga,0,0,0,0
2027-01-06 14:00:00,Lazio,Inter,Designado por Liga,0,0,0,0
2027-01-06 14:00:00,Lecce,Parma Calcio 1913,Designado por Liga,0,0,0,0
2027-01-06 14:00:00,Napoli,Cagliari,Designado por Liga,0,0,0,0
2027-01-06 14:00:00,Sassuolo,Udinese,Designado por Liga,0,0,0,0
2027-01-06 14:00:00,Venezia,Roma,Designado por Liga,0,0,0,0
2027-01-10 14:00:00,Bologna,Genoa,Designado por Liga,0,0,0,0
2027-01-10 14:00:00,Cagliari,Sassuolo,Designado por Liga,0,0,0,0
2027-01-10 14:00:00,Como,Lazio,Designado por Liga,0,0,0,0
2027-01-10 14:00:00,Fiorentina,Lecce,Designado por Liga,0,0,0,0
2027-01-10 14:00:00,Inter,Juventus,Designado por Liga,0,0,0,0
2027-01-10 14:00:00,Monza,Frosinone,Designado por Liga,0,0,0,0
2027-01-10 14:00:00,Parma Calcio 1913,Venezia,Designado por Liga,0,0,0,0
2027-01-10 14:00:00,Roma,AC Milan,Designado por Liga,0,0,0,0
2027-01-10 14:00:00,Torino,Atalanta,Designado por Liga,0,0,0,0
2027-01-10 14:00:00,Udinese,Napoli,Designado por Liga,0,0,0,0
2027-01-17 14:00:00,AC Milan,Torino,Designado por Liga,0,0,0,0
2027-01-17 14:00:00,Atalanta,Roma,Designado por Liga,0,0,0,0
2027-01-17 14:00:00,Cagliari,Como,Designado por Liga,0,0,0,0
2027-01-17 14:00:00,Juventus,Genoa,Designado por Liga,0,0,0,0
2027-01-17 14:00:00,Lazio,Bologna,Designado por Liga,0,0,0,0
2027-01-17 14:00:00,Lecce,Udinese,Designado por Liga,0,0,0,0
2027-01-17 14:00:00,Napoli,Fiorentina,Designado por Liga,0,0,0,0
2027-01-17 14:00:00,Parma Calcio 1913,Inter,Designado por Liga,0,0,0,0
2027-01-17 14:00:00,Sassuolo,Monza,Designado por Liga,0,0,0,0
2027-01-17 14:00:00,Venezia,Frosinone,Designado por Liga,0,0,0,0
2027-01-24 14:00:00,Bologna,Atalanta,Designado por Liga,0,0,0,0
2027-01-24 14:00:00,Como,Napoli,Designado por Liga,0,0,0,0
2027-01-24 14:00:00,Fiorentina,Sassuolo,Designado por Liga,0,0,0,0
2027-01-24 14:00:00,Frosinone,AC Milan,Designado por Liga,0,0,0,0
2027-01-24 14:00:00,Genoa,Parma Calcio 1913,Designado por Liga,0,0,0,0
2027-01-24 14:00:00,Inter,Venezia,Designado por Liga,0,0,0,0
2027-01-24 14:00:00,Juventus,Cagliari,Designado por Liga,0,0,0,0
2027-01-24 14:00:00,Lecce,Torino,Designado por Liga,0,0,0,0
2027-01-24 14:00:00,Monza,Lazio,Designado por Liga,0,0,0,0
2027-01-24 14:00:00,Roma,Udinese,Designado por Liga,0,0,0,0
2027-01-31 14:00:00,AC Milan,Juventus,Designado por Liga,0,0,0,0
2027-01-31 14:00:00,Atalanta,Fiorentina,Designado por Liga,0,0,0,0
2027-01-31 14:00:00,Cagliari,Parma Calcio 1913,Designado por Liga,0,0,0,0
2027-01-31 14:00:00,Genoa,Lecce,Designado por Liga,0,0,0,0
2027-01-31 14:00:00,Lazio,Venezia,Designado por Liga,0,0,0,0
2027-01-31 14:00:00,Monza,Roma,Designado por Liga,0,0,0,0
2027-01-31 14:00:00,Napoli,Inter,Designado por Liga,0,0,0,0
2027-01-31 14:00:00,Sassuolo,Como,Designado por Liga,0,0,0,0
2027-01-31 14:00:00,Torino,Frosinone,Designado por Liga,0,0,0,0
2027-01-31 14:00:00,Udinese,Bologna,Designado por Liga,0,0,0,0
2027-02-07 14:00:00,Atalanta,Lazio,Designado por Liga,0,0,0,0
2027-02-07 14:00:00,Bologna,AC Milan,Designado por Liga,0,0,0,0
2027-02-07 14:00:00,Como,Monza,Designado por Liga,0,0,0,0
2027-02-07 14:00:00,Fiorentina,Udinese,Designado por Liga,0,0,0,0
2027-02-07 14:00:00,Inter,Cagliari,Designado por Liga,0,0,0,0
2027-02-07 14:00:00,Juventus,Sassuolo,Designado por Liga,0,0,0,0
2027-02-07 14:00:00,Lecce,Napoli,Designado por Liga,0,0,0,0
2027-02-07 14:00:00,Parma Calcio 1913,Frosinone,Designado por Liga,0,0,0,0
2027-02-07 14:00:00,Roma,Torino,Designado por Liga,0,0,0,0
2027-02-07 14:00:00,Venezia,Genoa,Designado por Liga,0,0,0,0
2027-02-14 14:00:00,Bologna,Como,Designado por Liga,0,0,0,0
2027-02-14 14:00:00,Cagliari,Lazio,Designado por Liga,0,0,0,0
2027-02-14 14:00:00,Frosinone,Fiorentina,Designado por Liga,0,0,0,0
2027-02-14 14:00:00,Genoa,Atalanta,Designado por Liga,0,0,0,0
2027-02-14 14:00:00,Inter,AC Milan,Designado por Liga,0,0,0,0
2027-02-14 14:00:00,Monza,Lecce,Designado por Liga,0,0,0,0
2027-02-14 14:00:00,Napoli,Juventus,Designado por Liga,0,0,0,0
2027-02-14 14:00:00,Roma,Parma Calcio 1913,Designado por Liga,0,0,0,0
2027-02-14 14:00:00,Torino,Sassuolo,Designado por Liga,0,0,0,0
2027-02-14 14:00:00,Udinese,Venezia,Designado por Liga,0,0,0,0
2027-02-21 14:00:00,AC Milan,Genoa,Designado por Liga,0,0,0,0
2027-02-21 14:00:00,Atalanta,Monza,Designado por Liga,0,0,0,0
2027-02-21 14:00:00,Como,Torino,Designado por Liga,0,0,0,0
2027-02-21 14:00:00,Fiorentina,Inter,Designado por Liga,0,0,0,0
2027-02-21 14:00:00,Juventus,Bologna,Designado por Liga,0,0,0,0
2027-02-21 14:00:00,Lazio,Napoli,Designado por Liga,0,0,0,0
2027-02-21 14:00:00,Lecce,Frosinone,Designado por Liga,0,0,0,0
2027-02-21 14:00:00,Sassuolo,Roma,Designado por Liga,0,0,0,0
2027-02-21 14:00:00,Udinese,Parma Calcio 1913,Designado por Liga,0,0,0,0
2027-02-21 14:00:00,Venezia,Cagliari,Designado por Liga,0,0,0,0
2027-02-28 14:00:00,Bologna,Lecce,Designado por Liga,0,0,0,0
2027-02-28 14:00:00,Cagliari,Udinese,Designado por Liga,0,0,0,0
2027-02-28 14:00:00,Como,AC Milan,Designado por Liga,0,0,0,0
2027-02-28 14:00:00,Frosinone,Napoli,Designado por Liga,0,0,0,0
2027-02-28 14:00:00,Genoa,Lazio,Designado por Liga,0,0,0,0
2027-02-28 14:00:00,Inter,Atalanta,Designado por Liga,0,0,0,0
2027-02-28 14:00:00,Monza,Juventus,Designado por Liga,0,0,0,0
2027-02-28 14:00:00,Parma Calcio 1913,Sassuolo,Designado por Liga,0,0,0,0
2027-02-28 14:00:00,Roma,Venezia,Designado por Liga,0,0,0,0
2027-02-28 14:00:00,Torino,Fiorentina,Designado por Liga,0,0,0,0
2027-03-07 14:00:00,AC Milan,Cagliari,Designado por Liga,0,0,0,0
2027-03-07 14:00:00,Atalanta,Torino,Designado por Liga,0,0,0,0
2027-03-07 14:00:00,Fiorentina,Venezia,Designado por Liga,0,0,0,0
2027-03-07 14:00:00,Juventus,Roma,Designado por Liga,0,0,0,0
2027-03-07 14:00:00,Lazio,Frosinone,Designado por Liga,0,0,0,0
2027-03-07 14:00:00,Lecce,Como,Designado por Liga,0,0,0,0
2027-03-07 14:00:00,Monza,Genoa,Designado por Liga,0,0,0,0
2027-03-07 14:00:00,Napoli,Parma Calcio 1913,Designado por Liga,0,0,0,0
2027-03-07 14:00:00,Sassuolo,Bologna,Designado por Liga,0,0,0,0
2027-03-07 14:00:00,Udinese,Inter,Designado por Liga,0,0,0,0
2027-03-14 14:00:00,AC Milan,Sassuolo,Designado por Liga,0,0,0,0
2027-03-14 14:00:00,Bologna,Napoli,Designado por Liga,0,0,0,0
2027-03-14 14:00:00,Cagliari,Fiorentina,Designado por Liga,0,0,0,0
2027-03-14 14:00:00,Como,Udinese,Designado por Liga,0,0,0,0
2027-03-14 14:00:00,Frosinone,Monza,Designado por Liga,0,0,0,0
2027-03-14 14:00:00,Genoa,Roma,Designado por Liga,0,0,0,0
2027-03-14 14:00:00,Lazio,Juventus,Designado por Liga,0,0,0,0
2027-03-14 14:00:00,Parma Calcio 1913,Lecce,Designado por Liga,0,0,0,0
2027-03-14 14:00:00,Torino,Inter,Designado por Liga,0,0,0,0
2027-03-14 14:00:00,Venezia,Atalanta,Designado por Liga,0,0,0,0
2027-03-21 14:00:00,Atalanta,AC Milan,Designado por Liga,0,0,0,0
2027-03-21 14:00:00,Fiorentina,Genoa,Designado por Liga,0,0,0,0
2027-03-21 14:00:00,Inter,Frosinone,Designado por Liga,0,0,0,0
2027-03-21 14:00:00,Juventus,Como,Designado por Liga,0,0,0,0
2027-03-21 14:00:00,Monza,Bologna,Designado por Liga,0,0,0,0
2027-03-21 14:00:00,Napoli,Venezia,Designado por Liga,0,0,0,0
2027-03-21 14:00:00,Parma Calcio 1913,Lazio,Designado por Liga,0,0,0,0
2027-03-21 14:00:00,Roma,Lecce,Designado por Liga,0,0,0,0
2027-03-21 14:00:00,Sassuolo,Cagliari,Designado por Liga,0,0,0,0
2027-03-21 14:00:00,Udinese,Torino,Designado por Liga,0,0,0,0
2027-04-04 13:00:00,AC Milan,Monza,Designado por Liga,0,0,0,0
2027-04-04 13:00:00,Cagliari,Napoli,Designado por Liga,0,0,0,0
2027-04-04 13:00:00,Como,Fiorentina,Designado por Liga,0,0,0,0
2027-04-04 13:00:00,Frosinone,Udinese,Designado por Liga,0,0,0,0
2027-04-04 13:00:00,Genoa,Inter,Designado por Liga,0,0,0,0
2027-04-04 13:00:00,Lecce,Lazio,Designado por Liga,0,0,0,0
2027-04-04 13:00:00,Roma,Bologna,Designado por Liga,0,0,0,0
2027-04-04 13:00:00,Sassuolo,Atalanta,Designado por Liga,0,0,0,0
2027-04-04 13:00:00,Torino,Juventus,Designado por Liga,0,0,0,0
2027-04-04 13:00:00,Venezia,Parma Calcio 1913,Designado por Liga,0,0,0,0
2027-04-11 13:00:00,Bologna,Venezia,Designado por Liga,0,0,0,0
2027-04-11 13:00:00,Cagliari,Atalanta,Designado por Liga,0,0,0,0
2027-04-11 13:00:00,Fiorentina,AC Milan,Designado por Liga,0,0,0,0
2027-04-11 13:00:00,Frosinone,Genoa,Designado por Liga,0,0,0,0
2027-04-11 13:00:00,Inter,Roma,Designado por Liga,0,0,0,0
2027-04-11 13:00:00,Juventus,Lecce,Designado por Liga,0,0,0,0
2027-04-11 13:00:00,Lazio,Torino,Designado por Liga,0,0,0,0
2027-04-11 13:00:00,Napoli,Sassuolo,Designado por Liga,0,0,0,0
2027-04-11 13:00:00,Parma Calcio 1913,Como,Designado por Liga,0,0,0,0
2027-04-11 13:00:00,Udinese,Monza,Designado por Liga,0,0,0,0
2027-04-18 13:00:00,AC Milan,Napoli,Designado por Liga,0,0,0,0
2027-04-18 13:00:00,Atalanta,Udinese,Designado por Liga,0,0,0,0
2027-04-18 13:00:00,Bologna,Cagliari,Designado por Liga,0,0,0,0
2027-04-18 13:00:00,Como,Frosinone,Designado por Liga,0,0,0,0
2027-04-18 13:00:00,Fiorentina,Parma Calcio 1913,Designado por Liga,0,0,0,0
2027-04-18 13:00:00,Monza,Inter,Designado por Liga,0,0,0,0
2027-04-18 13:00:00,Roma,Lazio,Designado por Liga,0,0,0,0
2027-04-18 13:00:00,Sassuolo,Lecce,Designado por Liga,0,0,0,0
2027-04-18 13:00:00,Torino,Genoa,Designado por Liga,0,0,0,0
2027-04-18 13:00:00,Venezia,Juventus,Designado por Liga,0,0,0,0
2027-04-25 13:00:00,Cagliari,Monza,Designado por Liga,0,0,0,0
2027-04-25 13:00:00,Frosinone,Roma,Designado por Liga,0,0,0,0
2027-04-25 13:00:00,Genoa,Sassuolo,Designado por Liga,0,0,0,0
2027-04-25 13:00:00,Inter,Bologna,Designado por Liga,0,0,0,0
2027-04-25 13:00:00,Juventus,Fiorentina,Designado por Liga,0,0,0,0
2027-04-25 13:00:00,Lazio,Como,Designado por Liga,0,0,0,0
2027-04-25 13:00:00,Lecce,AC Milan,Designado por Liga,0,0,0,0
2027-04-25 13:00:00,Napoli,Udinese,Designado por Liga,0,0,0,0
2027-04-25 13:00:00,Parma Calcio 1913,Atalanta,Designado por Liga,0,0,0,0
2027-04-25 13:00:00,Venezia,Torino,Designado por Liga,0,0,0,0
2027-05-02 13:00:00,AC Milan,Lazio,Designado por Liga,0,0,0,0
2027-05-02 13:00:00,Atalanta,Juventus,Designado por Liga,0,0,0,0
2027-05-02 13:00:00,Bologna,Fiorentina,Designado por Liga,0,0,0,0
2027-05-02 13:00:00,Como,Inter,Designado por Liga,0,0,0,0
2027-05-02 13:00:00,Lecce,Cagliari,Designado por Liga,0,0,0,0
2027-05-02 13:00:00,Monza,Venezia,Designado por Liga,0,0,0,0
2027-05-02 13:00:00,Roma,Napoli,Designado por Liga,0,0,0,0
2027-05-02 13:00:00,Sassuolo,Frosinone,Designado por Liga,0,0,0,0
2027-05-02 13:00:00,Torino,Parma Calcio 1913,Designado por Liga,0,0,0,0
2027-05-02 13:00:00,Udinese,Genoa,Designado por Liga,0,0,0,0
2027-05-09 13:00:00,Fiorentina,Roma,Designado por Liga,0,0,0,0
2027-05-09 13:00:00,Frosinone,Atalanta,Designado por Liga,0,0,0,0
2027-05-09 13:00:00,Genoa,Cagliari,Designado por Liga,0,0,0,0
2027-05-09 13:00:00,Inter,Lecce,Designado por Liga,0,0,0,0
2027-05-09 13:00:00,Lazio,Sassuolo,Designado por Liga,0,0,0,0
2027-05-09 13:00:00,Napoli,Monza,Designado por Liga,0,0,0,0
2027-05-09 13:00:00,Parma Calcio 1913,AC Milan,Designado por Liga,0,0,0,0
2027-05-09 13:00:00,Torino,Bologna,Designado por Liga,0,0,0,0
2027-05-09 13:00:00,Udinese,Juventus,Designado por Liga,0,0,0,0
2027-05-09 13:00:00,Venezia,Como,Designado por Liga,0,0,0,0
2027-05-16 13:00:00,AC Milan,Roma,Designado por Liga,0,0,0,0
2027-05-16 13:00:00,Bologna,Frosinone,Designado por Liga,0,0,0,0
2027-05-16 13:00:00,Cagliari,Torino,Designado por Liga,0,0,0,0
2027-05-16 13:00:00,Como,Atalanta,Designado por Liga,0,0,0,0
2027-05-16 13:00:00,Juventus,Inter,Designado por Liga,0,0,0,0
2027-05-16 13:00:00,Lazio,Udinese,Designado por Liga,0,0,0,0
2027-05-16 13:00:00,Lecce,Fiorentina,Designado por Liga,0,0,0,0
2027-05-16 13:00:00,Monza,Parma Calcio 1913,Designado por Liga,0,0,0,0
2027-05-16 13:00:00,Napoli,Genoa,Designado por Liga,0,0,0,0
2027-05-16 13:00:00,Sassuolo,Venezia,Designado por Liga,0,0,0,0
2027-05-23 13:00:00,Atalanta,Lecce,Designado por Liga,0,0,0,0
2027-05-23 13:00:00,Fiorentina,Monza,Designado por Liga,0,0,0,0
2027-05-23 13:00:00,Frosinone,Cagliari,Designado por Liga,0,0,0,0
2027-05-23 13:00:00,Genoa,Bologna,Designado por Liga,0,0,0,0
2027-05-23 13:00:00,Inter,Lazio,Designado por Liga,0,0,0,0
2027-05-23 13:00:00,Parma Calcio 1913,Juventus,Designado por Liga,0,0,0,0
2027-05-23 13:00:00,Roma,Como,Designado por Liga,0,0,0,0
2027-05-23 13:00:00,Torino,Napoli,Designado por Liga,0,0,0,0
2027-05-23 13:00:00,Udinese,Sassuolo,Designado por Liga,0,0,0,0
2027-05-23 13:00:00,Venezia,AC Milan,Designado por Liga,0,0,0,0
2027-05-30 13:00:00,AC Milan,Udinese,Designado por Liga,0,0,0,0
2027-05-30 13:00:00,Bologna,Parma Calcio 1913,Designado por Liga,0,0,0,0
2027-05-30 13:00:00,Cagliari,Roma,Designado por Liga,0,0,0,0
2027-05-30 13:00:00,Como,Genoa,Designado por Liga,0,0,0,0
2027-05-30 13:00:00,Juventus,Frosinone,Designado por Liga,0,0,0,0
2027-05-30 13:00:00,Lazio,Fiorentina,Designado por Liga,0,0,0,0
2027-05-30 13:00:00,Lecce,Venezia,Designado por Liga,0,0,0,0
2027-05-30 13:00:00,Monza,Torino,Designado por Liga,0,0,0,0
2027-05-30 13:00:00,Napoli,Atalanta,Designado por Liga,0,0,0,0
2027-05-30 13:00:00,Sassuolo,Inter,Designado por Liga,0,0,0,0
