league,season,date,home_team,away_team,home_goals,away_goals,home_xg,away_xg,home_np_xg,away_np_xg,home_ppda,away_ppda,home_points,away_points
ENG-Premier League,2526,2025-08-15 19:00:00,Liverpool,Bournemouth,4,2,2.33007,1.57303,2.33007,1.57303,8.764705882352942,11.583333333333334,3,0
ENG-Premier League,2526,2025-08-16 11:30:00,Aston Villa,Newcastle United,0,0,0.318601,1.40098,0.318601,1.40098,18.916666666666668,6.083333333333333,1,1
ENG-Premier League,2526,2025-08-16 14:00:00,Brighton,Fulham,1,1,1.44008,0.902883,0.678909,0.902883,8.928571428571429,16.22222222222222,1,1
ENG-Premier League,2526,2025-08-16 14:00:00,Sunderland,West Ham,3,0,0.724368,0.558948,0.724368,0.558948,20.785714285714285,11.0,3,0
ENG-Premier League,2526,2025-08-16 14:00:00,Tottenham,Burnley,3,0,1.97858,0.734138,1.97858,0.734138,6.352941176470588,17.352941176470587,3,0
ENG-Premier League,2526,2025-08-16 16:30:00,Wolverhampton Wanderers,Manchester City,0,4,0.519436,2.29903,0.519436,2.29903,12.10344827586207,11.8,0,3
ENG-Premier League,2526,2025-08-17 13:00:00,Chelsea,Crystal Palace,0,0,1.36793,1.03414,1.36793,1.03414,5.869565217391305,17.63157894736842,1,1
ENG-Premier League,2526,2025-08-17 15:30:00,Manchester United,Arsenal,0,1,1.37653,1.3304,1.37653,1.3304,7.904761904761905,11.26086956521739,0,3
ENG-Premier League,2526,2025-08-17 13:00:00,Nottingham Forest,Brentford,3,1,1.7555,1.32516,1.7555,0.563994,11.142857142857142,9.823529411764707,3,0
ENG-Premier League,2526,2025-08-18 19:00:00,Leeds,Everton,1,0,2.3812,0.674338,1.62003,0.674338,15.6875,27.5,3,0
ENG-Premier League,2526,2025-08-22 19:00:00,West Ham,Chelsea,1,5,0.978572,3.94997,0.978572,3.94997,26.307692307692307,11.947368421052632,0,3
ENG-Premier League,2526,2025-08-23 16:30:00,Arsenal,Leeds,5,0,2.73761,0.156761,1.97644,0.156761,7.954545454545454,27.866666666666667,3,0
ENG-Premier League,2526,2025-08-23 14:00:00,Bournemouth,Wolverhampton Wanderers,1,0,1.78462,0.373367,1.78462,0.373367,5.88,10.428571428571429,3,0
ENG-Premier League,2526,2025-08-23 14:00:00,Brentford,Aston Villa,1,0,1.12964,0.976852,1.12964,0.976852,10.785714285714286,5.411764705882353,3,0
ENG-Premier League,2526,2025-08-23 14:00:00,Burnley,Sunderland,2,0,1.00381,1.12127,1.00381,1.12127,15.428571428571429,20.583333333333332,3,0
ENG-Premier League,2526,2025-08-23 11:30:00,Manchester City,Tottenham,0,2,1.2475,1.28015,1.2475,1.28015,10.444444444444445,13.272727272727273,0,3
ENG-Premier League,2526,2025-08-24 13:00:00,Crystal Palace,Nottingham Forest,1,1,1.10188,1.32987,1.10188,1.32987,12.782608695652174,10.368421052631579,1,1
ENG-Premier League,2526,2025-08-24 13:00:00,Everton,Brighton,2,0,1.80116,2.08487,1.80116,1.3237,17.705882352941178,8.68421052631579,3,0
ENG-Premier League,2526,2025-08-24 15:30:00,Fulham,Manchester United,1,1,1.65333,1.54603,1.65333,0.784858,9.909090909090908,10.88888888888889,1,1
ENG-Premier League,2526,2025-08-25 19:00:00,Newcastle United,Liverpool,2,3,1.96342,0.646559,1.96342,0.646559,12.045454545454545,7.571428571428571,0,3
ENG-Premier League,2526,2025-08-30 11:30:00,Chelsea,Fulham,2,0,2.4324,0.736228,1.67123,0.736228,9.32,10.851851851851851,3,0
ENG-Premier League,2526,2025-08-30 16:30:00,Leeds,Newcastle United,0,0,0.6773,0.303635,0.6773,0.303635,14.863636363636363,11.238095238095237,1,1
ENG-Premier League,2526,2025-08-30 14:00:00,Manchester United,Burnley,3,2,4.02237,1.32618,3.2612,1.32618,15.181818181818182,16.0,3,0
ENG-Premier League,2526,2025-08-30 14:00:00,Sunderland,Brentford,2,1,1.57127,1.44604,0.810099,0.684874,5.184210526315789,21.545454545454547,3,0
ENG-Premier League,2526,2025-08-30 14:00:00,Tottenham,Bournemouth,0,1,0.17067,2.1201,0.17067,2.1201,5.2,7.146341463414634,0,3
ENG-Premier League,2526,2025-08-30 14:00:00,Wolverhampton Wanderers,Everton,2,3,0.943257,2.03791,0.943257,2.03791,5.851851851851852,11.961538461538462,0,3
ENG-Premier League,2526,2025-08-31 18:00:00,Aston Villa,Crystal Palace,0,3,1.20586,2.59713,1.20586,1.83596,10.571428571428571,19.2,0,3
ENG-Premier League,2526,2025-08-31 13:00:00,Brighton,Manchester City,2,1,2.20864,2.13418,1.44747,2.13418,11.814814814814815,11.933333333333334,3,0
ENG-Premier League,2526,2025-08-31 15:30:00,Liverpool,Arsenal,1,0,0.481404,0.485679,0.481404,0.485679,15.066666666666666,12.869565217391305,3,0
ENG-Premier League,2526,2025-08-31 13:00:00,Nottingham Forest,West Ham,0,3,0.716018,2.236,0.716018,1.47483,9.846153846153847,21.46153846153846,0,3
ENG-Premier League,2526,2025-09-13 11:30:00,Arsenal,Nottingham Forest,3,0,2.8817,0.293681,2.8817,0.293681,10.95,14.55,3,0
ENG-Premier League,2526,2025-09-13 14:00:00,Bournemouth,Brighton,2,1,1.44187,0.624923,0.680706,0.624923,10.833333333333334,8.695652173913043,3,0
ENG-Premier League,2526,2025-09-13 19:00:00,Brentford,Chelsea,2,2,1.17533,0.755999,1.17533,0.755999,20.1875,5.206896551724138,1,1
ENG-Premier League,2526,2025-09-13 14:00:00,Crystal Palace,Sunderland,0,0,1.75805,0.354129,1.75805,0.354129,13.555555555555555,17.77777777777778,1,1
ENG-Premier League,2526,2025-09-13 14:00:00,Everton,Aston Villa,0,0,1.8927,0.354327,1.8927,0.354327,7.074074074074074,8.368421052631579,1,1
ENG-Premier League,2526,2025-09-13 14:00:00,Fulham,Leeds,1,0,1.13979,0.830398,1.13979,0.830398,9.478260869565217,13.444444444444445,3,0
ENG-Premier League,2526,2025-09-13 14:00:00,Newcastle United,Wolverhampton Wanderers,1,0,1.19186,0.375942,1.19186,0.375942,10.5625,9.041666666666666,3,0
ENG-Premier League,2526,2025-09-13 16:30:00,West Ham,Tottenham,0,3,0.793248,1.51402,0.793248,1.51402,17.555555555555557,10.857142857142858,0,3
ENG-Premier League,2526,2025-09-14 13:00:00,Burnley,Liverpool,0,1,0.168041,2.79492,0.168041,2.03375,11.090909090909092,4.142857142857143,0,3
ENG-Premier League,2526,2025-09-14 15:30:00,Manchester City,Manchester United,3,0,1.99725,1.51915,1.99725,1.51915,19.214285714285715,9.23076923076923,3,0
ENG-Premier League,2526,2025-09-20 14:00:00,Brighton,Tottenham,2,2,1.40466,1.19181,1.40466,1.19181,11.48,4.84375,1,1
ENG-Premier League,2526,2025-09-20 14:00:00,Burnley,Nottingham Forest,1,1,1.14159,0.830779,1.14159,0.830779,18.88888888888889,9.095238095238095,1,1
ENG-Premier League,2526,2025-09-20 19:00:00,Fulham,Brentford,3,1,1.52431,0.826556,1.52431,0.826556,19.846153846153847,13.476190476190476,3,0
ENG-Premier League,2526,2025-09-20 11:30:00,Liverpool,Everton,2,1,1.06166,0.721371,1.06166,0.721371,5.884615384615385,11.304347826086957,3,0
ENG-Premier League,2526,2025-09-20 16:30:00,Manchester United,Chelsea,2,1,1.34458,0.469843,1.34458,0.469843,12.961538461538462,13.142857142857142,3,0
ENG-Premier League,2526,2025-09-20 14:00:00,West Ham,Crystal Palace,1,2,0.466365,2.33565,0.466365,2.33565,8.565217391304348,23.818181818181817,0,3
ENG-Premier League,2526,2025-09-20 14:00:00,Wolverhampton Wanderers,Leeds,1,3,1.5661,0.456988,1.5661,0.456988,10.96,13.19047619047619,0,3
ENG-Premier League,2526,2025-09-21 15:30:00,Arsenal,Manchester City,1,1,0.718575,1.1227,0.718575,1.1227,6.818181818181818,17.0,1,1
ENG-Premier League,2526,2025-09-21 13:00:00,Bournemouth,Newcastle United,0,0,0.55066,0.153629,0.55066,0.153629,8.363636363636363,16.41176470588235,1,1
ENG-Premier League,2526,2025-09-21 13:00:00,Sunderland,Aston Villa,1,1,0.938312,0.939354,0.938312,0.939354,9.869565217391305,7.0,1,1
ENG-Premier League,2526,2025-09-27 11:30:00,Brentford,Manchester United,3,1,2.78726,2.23609,2.78726,1.47492,11.72,12.125,3,0
ENG-Premier League,2526,2025-09-27 14:00:00,Chelsea,Brighton,1,3,2.02653,2.4751,2.02653,2.4751,8.526315789473685,9.172413793103448,0,3
ENG-Premier League,2526,2025-09-27 14:00:00,Crystal Palace,Liverpool,2,1,3.53323,3.10176,3.53323,3.10176,24.375,8.571428571428571,3,0
ENG-Premier League,2526,2025-09-27 14:00:00,Leeds,Bournemouth,2,2,2.04728,1.06033,2.04728,1.06033,10.076923076923077,8.4,1,1
ENG-Premier League,2526,2025-09-27 14:00:00,Manchester City,Burnley,5,1,3.22133,0.509491,3.22133,0.509491,16.0,17.1875,3,0
ENG-Premier League,2526,2025-09-27 16:30:00,Nottingham Forest,Sunderland,0,1,1.4203,1.94154,1.4203,1.94154,9.3,29.5,0,3
ENG-Premier League,2526,2025-09-27 19:00:00,Tottenham,Wolverhampton Wanderers,1,1,0.818711,1.15951,0.818711,1.15951,16.928571428571427,9.5,1,1
ENG-Premier League,2526,2025-09-28 13:00:00,Aston Villa,Fulham,3,1,1.36575,0.952612,1.36575,0.952612,17.357142857142858,13.833333333333334,3,0
ENG-Premier League,2526,2025-09-28 15:30:00,Newcastle United,Arsenal,1,2,0.739851,2.07048,0.739851,2.07048,16.466666666666665,7.25,0,3
ENG-Premier League,2526,2025-09-29 19:00:00,Everton,West Ham,1,1,0.909703,0.775766,0.909703,0.775766,12.764705882352942,13.5,1,1
ENG-Premier League,2526,2025-10-03 19:00:00,Bournemouth,Fulham,3,1,1.33458,0.84335,1.33458,0.84335,13.823529411764707,19.142857142857142,3,0
ENG-Premier League,2526,2025-10-04 14:00:00,Arsenal,West Ham,2,0,3.0585,0.864549,2.29733,0.864549,4.212121212121212,25.076923076923077,3,0
ENG-Premier League,2526,2025-10-04 16:30:00,Chelsea,Liverpool,2,1,1.23721,2.05981,1.23721,2.05981,13.3,17.125,3,0
ENG-Premier League,2526,2025-10-04 11:30:00,Leeds,Tottenham,1,2,1.48051,0.688198,1.48051,0.688198,10.833333333333334,15.0,0,3
ENG-Premier League,2526,2025-10-04 14:00:00,Manchester United,Sunderland,2,0,1.9298,0.807119,1.9298,0.807119,10.173913043478262,9.76,3,0
ENG-Premier League,2526,2025-10-05 13:00:00,Aston Villa,Burnley,2,1,1.73572,0.502292,1.73572,0.502292,12.722222222222221,7.809523809523809,3,0
ENG-Premier League,2526,2025-10-05 15:30:00,Brentford,Manchester City,0,1,0.693758,1.09647,0.693758,1.09647,13.3,13.5,0,3
ENG-Premier League,2526,2025-10-05 13:00:00,Everton,Crystal Palace,2,1,2.13876,2.17789,1.37759,2.17789,9.275862068965518,6.805555555555555,3,0
ENG-Premier League,2526,2025-10-05 13:00:00,Newcastle United,Nottingham Forest,2,0,3.81662,0.337689,3.05545,0.337689,8.0,11.047619047619047,3,0
ENG-Premier League,2526,2025-10-05 13:00:00,Wolverhampton Wanderers,Brighton,1,1,0.369404,1.39158,0.369404,1.39158,13.571428571428571,9.818181818181818,1,1
ENG-Premier League,2526,2025-10-18 14:00:00,Brighton,Newcastle United,2,1,0.857104,1.28313,0.857104,1.28313,13.409090909090908,9.64,3,0
ENG-Premier League,2526,2025-10-18 14:00:00,Burnley,Leeds,2,0,0.509647,2.33152,0.509647,2.33152,15.80952380952381,7.809523809523809,3,0
ENG-Premier League,2526,2025-10-18 14:00:00,Crystal Palace,Bournemouth,3,3,4.56284,2.0471,3.80167,2.0471,7.84,8.11111111111111,1,1
ENG-Premier League,2526,2025-10-18 16:30:00,Fulham,Arsenal,0,1,0.502332,2.07823,0.502332,2.07823,18.1875,30.0,0,3
ENG-Premier League,2526,2025-10-18 14:00:00,Manchester City,Everton,2,0,2.4799,0.794622,2.4799,0.794622,8.722222222222221,16.692307692307693,3,0
ENG-Premier League,2526,2025-10-18 11:30:00,Nottingham Forest,Chelsea,0,3,2.0555,2.5583,2.0555,2.5583,14.842105263157896,8.482758620689655,0,3
ENG-Premier League,2526,2025-10-18 14:00:00,Sunderland,Wolverhampton Wanderers,2,0,1.02481,0.676323,1.02481,0.676323,36.42857142857143,5.233333333333333,3,0
ENG-Premier League,2526,2025-10-19 15:30:00,Liverpool,Manchester United,1,2,2.60972,2.53117,2.60972,2.53117,7.625,17.428571428571427,0,3
ENG-Premier League,2526,2025-10-19 13:00:00,Tottenham,Aston Villa,1,2,1.51461,0.352231,1.51461,0.352231,7.592592592592593,12.88888888888889,0,3
ENG-Premier League,2526,2025-10-20 19:00:00,West Ham,Brentford,0,2,0.260251,3.46635,0.260251,3.46635,14.777777777777779,12.466666666666667,0,3
ENG-Premier League,2526,2025-10-24 19:00:00,Leeds,West Ham,2,1,2.2214,0.498653,2.2214,0.498653,10.814814814814815,9.576923076923077,3,0
ENG-Premier League,2526,2025-10-25 19:00:00,Brentford,Liverpool,3,2,3.27126,2.11838,2.5101,2.11838,14.0,6.2,3,0
ENG-Premier League,2526,2025-10-25 14:00:00,Chelsea,Sunderland,1,2,1.21332,1.5506,1.21332,1.5506,9.333333333333334,21.647058823529413,0,3
ENG-Premier League,2526,2025-10-25 16:30:00,Manchester United,Brighton,4,2,1.96231,0.947154,1.96231,0.947154,13.964285714285714,6.333333333333333,3,0
ENG-Premier League,2526,2025-10-25 14:00:00,Newcastle United,Fulham,2,1,2.76806,1.52001,2.76806,1.52001,9.035714285714286,9.551724137931034,3,0
ENG-Premier League,2526,2025-10-26 13:00:00,Arsenal,Crystal Palace,1,0,0.856175,0.350534,0.856175,0.350534,12.411764705882353,28.272727272727273,3,0
ENG-Premier League,2526,2025-10-26 13:00:00,Aston Villa,Manchester City,1,0,0.843906,1.36914,0.843906,1.36914,22.363636363636363,10.25,3,0
ENG-Premier League,2526,2025-10-26 13:00:00,Bournemouth,Nottingham Forest,2,0,0.656601,0.305493,0.656601,0.305493,8.04,11.75,3,0
ENG-Premier League,2526,2025-10-26 15:30:00,Everton,Tottenham,0,3,1.4032,2.09327,1.4032,2.09327,13.421052631578947,17.0,0,3
ENG-Premier League,2526,2025-10-26 13:00:00,Wolverhampton Wanderers,Burnley,2,3,2.58132,1.54544,1.82015,1.54544,8.875,14.555555555555555,0,3
ENG-Premier League,2526,2025-11-01 15:00:00,Brighton,Leeds,3,0,2.64127,0.35919,2.64127,0.35919,14.80952380952381,22.6,3,0
ENG-Premier League,2526,2025-11-01 15:00:00,Burnley,Arsenal,0,2,0.679177,2.51649,0.679177,2.51649,15.55,12.157894736842104,0,3
ENG-Premier League,2526,2025-11-01 15:00:00,Crystal Palace,Brentford,2,0,0.734558,0.820498,0.734558,0.820498,19.375,5.818181818181818,3,0
ENG-Premier League,2526,2025-11-01 15:00:00,Fulham,Wolverhampton Wanderers,3,0,1.91207,0.209934,1.91207,0.209934,12.833333333333334,21.3125,3,0
ENG-Premier League,2526,2025-11-01 20:00:00,Liverpool,Aston Villa,2,0,1.47021,0.43502,1.47021,0.43502,10.95,16.0625,3,0
ENG-Premier League,2526,2025-11-01 15:00:00,Nottingham Forest,Manchester United,2,2,1.55066,0.91622,1.55066,0.91622,13.695652173913043,9.470588235294118,1,1
ENG-Premier League,2526,2025-11-01 17:30:00,Tottenham,Chelsea,0,1,0.146954,3.34251,0.146954,3.34251,8.56,7.0,0,3
ENG-Premier League,2526,2025-11-02 16:30:00,Manchester City,Bournemouth,3,1,2.48999,0.899846,2.48999,0.899846,20.1875,11.217391304347826,3,0
ENG-Premier League,2526,2025-11-02 14:00:00,West Ham,Newcastle United,3,1,1.41383,0.523615,1.41383,0.523615,23.583333333333332,8.882352941176471,3,0
ENG-Premier League,2526,2025-11-03 20:00:00,Sunderland,Everton,1,1,1.18068,1.00741,1.18068,1.00741,8.238095238095237,23.153846153846153,1,1
ENG-Premier League,2526,2025-11-08 20:00:00,Chelsea,Wolverhampton Wanderers,3,0,3.98342,0.111462,3.98342,0.111462,10.421052631578947,20.4,3,0
ENG-Premier League,2526,2025-11-08 15:00:00,Everton,Fulham,2,0,2.30607,0.424478,2.30607,0.424478,15.176470588235293,9.9,3,0
ENG-Premier League,2526,2025-11-08 17:30:00,Sunderland,Arsenal,2,2,1.20495,2.32943,1.20495,2.32943,13.466666666666667,9.4375,1,1
ENG-Premier League,2526,2025-11-08 12:30:00,Tottenham,Manchester United,2,2,1.35532,0.820256,1.35532,0.820256,7.724137931034483,13.31578947368421,1,1
ENG-Premier League,2526,2025-11-08 15:00:00,West Ham,Burnley,3,2,2.96728,1.87478,2.96728,1.87478,15.45,10.526315789473685,3,0
ENG-Premier League,2526,2025-11-09 14:00:00,Aston Villa,Bournemouth,4,0,1.88282,2.00992,1.88282,1.24875,5.793103448275862,6.814814814814815,3,0
ENG-Premier League,2526,2025-11-09 14:00:00,Brentford,Newcastle United,3,1,2.73729,0.432277,1.97612,0.432277,12.0,11.105263157894736,3,0
ENG-Premier League,2526,2025-11-09 14:00:00,Crystal Palace,Brighton,0,0,0.839547,0.637037,0.839547,0.637037,11.76923076923077,10.0,1,1
ENG-Premier League,2526,2025-11-09 16:30:00,Manchester City,Liverpool,3,0,1.59542,1.0281,0.834247,1.0281,11.818181818181818,11.0,3,0
ENG-Premier League,2526,2025-11-09 14:00:00,Nottingham Forest,Leeds,3,1,2.49097,0.419461,1.72981,0.419461,15.166666666666666,9.35,3,0
ENG-Premier League,2526,2025-11-22 15:00:00,Bournemouth,West Ham,2,2,3.48299,0.390782,2.72182,0.390782,2.303030303030303,21.727272727272727,1,1
ENG-Premier League,2526,2025-11-22 15:00:00,Brighton,Brentford,2,1,0.977488,2.19979,0.977488,0.677448,7.48,17.4,3,0
ENG-Premier League,2526,2025-11-22 12:30:00,Burnley,Chelsea,0,2,0.660943,1.72093,0.660943,1.72093,14.115384615384615,13.157894736842104,0,3
ENG-Premier League,2526,2025-11-22 15:00:00,Fulham,Sunderland,1,0,2.83729,0.222768,2.83729,0.222768,14.133333333333333,13.095238095238095,3,0
ENG-Premier League,2526,2025-11-22 15:00:00,Liverpool,Nottingham Forest,0,3,1.79273,1.19459,1.79273,1.19459,4.681818181818182,23.153846153846153,0,3
ENG-Premier League,2526,2025-11-22 17:30:00,Newcastle United,Manchester City,2,1,2.40555,2.45648,2.40555,2.45648,11.681818181818182,7.722222222222222,3,0
ENG-Premier League,2526,2025-11-22 15:00:00,Wolverhampton Wanderers,Crystal Palace,0,2,1.66409,1.44933,1.66409,1.44933,10.695652173913043,10.04,0,3
ENG-Premier League,2526,2025-11-23 16:30:00,Arsenal,Tottenham,4,1,2.27827,0.0300672,2.27827,0.0300672,6.294117647058823,13.444444444444445,3,0
ENG-Premier League,2526,2025-11-23 14:00:00,Leeds,Aston Villa,1,2,1.84668,1.35978,1.84668,1.35978,7.333333333333333,11.944444444444445,0,3
ENG-Premier League,2526,2025-11-24 20:00:00,Manchester United,Everton,0,1,2.2737,0.155063,2.2737,0.155063,4.7727272727272725,28.666666666666668,0,3
ENG-Premier League,2526,2025-11-29 15:00:00,Brentford,Burnley,3,1,3.72106,0.874025,2.9599,0.112856,14.642857142857142,11.894736842105264,3,0
ENG-Premier League,2526,2025-11-29 17:30:00,Everton,Newcastle United,1,4,1.01125,2.45882,1.01125,2.45882,14.91304347826087,21.666666666666668,0,3
ENG-Premier League,2526,2025-11-29 15:00:00,Manchester City,Leeds,3,2,2.85292,1.75142,2.85292,0.840267,12.294117647058824,8.366666666666667,3,0
ENG-Premier League,2526,2025-11-29 15:00:00,Sunderland,Bournemouth,3,2,1.16955,1.79274,0.40842,1.79274,9.9,7.722222222222222,3,0
ENG-Premier League,2526,2025-11-29 20:00:00,Tottenham,Fulham,1,2,1.04396,0.494736,1.04396,0.494736,6.689655172413793,12.565217391304348,0,3
ENG-Premier League,2526,2025-11-30 14:05:00,Aston Villa,Wolverhampton Wanderers,1,0,1.15486,0.692588,1.15486,0.692588,9.75,10.238095238095237,3,0
ENG-Premier League,2526,2025-11-30 16:30:00,Chelsea,Arsenal,1,1,0.791914,1.22828,0.791914,1.22828,11.55,7.75,1,1
ENG-Premier League,2526,2025-11-30 12:00:00,Crystal Palace,Manchester United,1,2,2.13561,1.47768,1.37444,1.47768,12.68421052631579,8.947368421052632,0,3
ENG-Premier League,2526,2025-11-30 14:05:00,Nottingham Forest,Brighton,0,2,0.960325,2.0572,0.960325,2.0572,13.173913043478262,9.88,0,3
ENG-Premier League,2526,2025-11-30 14:05:00,West Ham,Liverpool,0,2,0.364152,1.56793,0.364152,1.56793,13.826086956521738,8.478260869565217,0,3
ENG-Premier League,2526,2025-12-02 19:30:00,Bournemouth,Everton,0,1,0.635415,1.19573,0.635415,1.19573,11.285714285714286,11.708333333333334,0,3
ENG-Premier League,2526,2025-12-02 19:30:00,Fulham,Manchester City,4,5,0.972635,1.96225,0.972635,1.96225,10.038461538461538,17.636363636363637,0,3
ENG-Premier League,2526,2025-12-02 20:15:00,Newcastle United,Tottenham,2,2,1.88558,1.05205,1.12441,1.05205,7.76,12.95,1,1
ENG-Premier League,2526,2025-12-03 19:30:00,Arsenal,Brentford,2,0,2.63126,0.588716,2.63126,0.588716,6.925925925925926,15.61111111111111,3,0
ENG-Premier League,2526,2025-12-03 19:30:00,Brighton,Aston Villa,3,4,1.96298,3.15745,1.96298,3.15745,6.0,14.421052631578947,0,3
ENG-Premier League,2526,2025-12-03 19:30:00,Burnley,Crystal Palace,0,1,1.16852,0.987797,1.16852,0.987797,9.76,24.785714285714285,0,3
ENG-Premier League,2526,2025-12-03 20:15:00,Leeds,Chelsea,3,1,2.2047,0.964018,2.2047,0.964018,23.88888888888889,5.714285714285714,3,0
ENG-Premier League,2526,2025-12-03 20:15:00,Liverpool,Sunderland,1,1,1.37633,0.712662,1.37633,0.712662,9.470588235294118,19.333333333333332,1,1
ENG-Premier League,2526,2025-12-03 19:30:00,Wolverhampton Wanderers,Nottingham Forest,0,1,1.02461,1.12389,1.02461,1.12389,9.173913043478262,13.421052631578947,0,3
ENG-Premier League,2526,2025-12-04 20:00:00,Manchester United,West Ham,1,1,2.27674,1.36584,2.27674,1.36584,5.4,10.333333333333334,1,1
ENG-Premier League,2526,2025-12-06 12:30:00,Aston Villa,Arsenal,2,1,2.71986,1.85965,2.71986,1.85965,13.470588235294118,9.636363636363637,3,0
ENG-Premier League,2526,2025-12-06 15:00:00,Bournemouth,Chelsea,0,0,1.41931,0.672602,1.41931,0.672602,11.076923076923077,8.15,1,1
ENG-Premier League,2526,2025-12-06 15:00:00,Everton,Nottingham Forest,3,0,1.25348,0.31234,1.25348,0.31234,8.448275862068966,5.8076923076923075,3,0
ENG-Premier League,2526,2025-12-06 17:30:00,Leeds,Liverpool,3,3,1.79333,2.04805,1.03216,2.04805,15.0625,10.136363636363637,1,1
ENG-Premier League,2526,2025-12-06 15:00:00,Manchester City,Sunderland,3,0,2.41605,0.626486,2.41605,0.626486,16.785714285714285,13.19047619047619,3,0
ENG-Premier League,2526,2025-12-06 15:00:00,Newcastle United,Burnley,2,1,1.80708,1.58375,1.04591,0.822586,7.166666666666667,22.846153846153847,3,0
ENG-Premier League,2526,2025-12-06 15:00:00,Tottenham,Brentford,2,0,2.42388,0.470563,2.42388,0.470563,8.458333333333334,11.166666666666666,3,0
ENG-Premier League,2526,2025-12-07 14:00:00,Brighton,West Ham,1,1,2.10077,1.7064,2.10077,1.7064,6.045454545454546,17.733333333333334,1,1
ENG-Premier League,2526,2025-12-07 16:30:00,Fulham,Crystal Palace,1,2,0.766771,1.71109,0.766771,1.71109,12.157894736842104,21.157894736842106,0,3
ENG-Premier League,2526,2025-12-08 20:00:00,Wolverhampton Wanderers,Manchester United,1,4,0.262147,4.04708,0.262147,3.28591,8.054054054054054,4.583333333333333,0,3
ENG-Premier League,2526,2025-12-13 20:00:00,Arsenal,Wolverhampton Wanderers,2,1,1.61796,0.61997,1.61796,0.61997,9.416666666666666,15.2,3,0
ENG-Premier League,2526,2025-12-13 17:30:00,Burnley,Fulham,2,3,2.05486,1.65053,2.05486,1.65053,13.565217391304348,23.833333333333332,0,3
ENG-Premier League,2526,2025-12-13 15:00:00,Chelsea,Everton,2,0,2.64457,1.34,2.64457,1.34,8.173913043478262,15.2,3,0
ENG-Premier League,2526,2025-12-13 15:00:00,Liverpool,Brighton,2,0,2.4127,1.69004,2.4127,1.69004,18.3125,9.866666666666667,3,0
ENG-Premier League,2526,2025-12-14 16:30:00,Brentford,Leeds,1,1,0.697006,1.63409,0.697006,1.63409,8.65,18.3125,1,1
ENG-Premier League,2526,2025-12-14 14:00:00,Crystal Palace,Manchester City,0,3,1.30092,1.35317,1.30092,0.591996,13.37037037037037,13.0,0,3
ENG-Premier League,2526,2025-12-14 14:00:00,Nottingham Forest,Tottenham,3,0,2.32658,0.380246,2.32658,0.380246,8.36,7.884615384615385,3,0
ENG-Premier League,2526,2025-12-14 14:00:00,Sunderland,Newcastle United,1,0,0.630045,0.169329,0.630045,0.169329,11.652173913043478,10.4375,3,0
ENG-Premier League,2526,2025-12-14 14:00:00,West Ham,Aston Villa,2,3,1.27701,0.595093,1.27701,0.595093,12.428571428571429,10.857142857142858,0,3
ENG-Premier League,2526,2025-12-15 20:00:00,Manchester United,Bournemouth,4,4,3.21204,2.35196,3.21204,2.35196,6.055555555555555,13.538461538461538,1,1
ENG-Premier League,2526,2025-12-20 15:00:00,Bournemouth,Burnley,1,1,1.81847,0.480528,1.81847,0.480528,5.5,10.590909090909092,1,1
ENG-Premier League,2526,2025-12-20 15:00:00,Brighton,Sunderland,0,0,0.919272,1.31044,0.919272,1.31044,9.882352941176471,8.52,1,1
ENG-Premier League,2526,2025-12-20 20:00:00,Everton,Arsenal,0,1,0.213273,1.84723,0.213273,1.08606,24.11764705882353,13.857142857142858,0,3
ENG-Premier League,2526,2025-12-20 20:00:00,Leeds,Crystal Palace,4,1,2.90786,1.53058,2.90786,0.769407,10.473684210526315,8.758620689655173,3,0
ENG-Premier League,2526,2025-12-20 15:00:00,Manchester City,West Ham,3,0,3.58188,1.02143,3.58188,1.02143,7.757575757575758,19.09090909090909,3,0
ENG-Premier League,2526,2025-12-20 12:30:00,Newcastle United,Chelsea,2,2,2.87863,1.0261,2.87863,1.0261,8.296296296296296,9.15,1,1
ENG-Premier League,2526,2025-12-20 17:30:00,Tottenham,Liverpool,1,2,1.34905,1.23164,1.34905,1.23164,17.8125,12.23076923076923,0,3
ENG-Premier League,2526,2025-12-20 15:00:00,Wolverhampton Wanderers,Brentford,0,2,1.26823,1.56309,0.507064,1.56309,13.318181818181818,6.233333333333333,0,3
ENG-Premier League,2526,2025-12-21 16:30:00,Aston Villa,Manchester United,2,1,1.86917,1.30455,1.86917,1.30455,11.521739130434783,5.7894736842105265,3,0
ENG-Premier League,2526,2025-12-22 20:00:00,Fulham,Nottingham Forest,1,0,1.70568,0.486296,0.944508,0.486296,23.583333333333332,16.0,3,0
ENG-Premier League,2526,2025-12-26 20:00:00,Manchester United,Newcastle United,1,0,0.940811,1.12998,0.940811,1.12998,16.5,7.708333333333333,3,0
ENG-Premier League,2526,2025-12-27 15:00:00,Arsenal,Brighton,2,1,2.54318,0.710064,2.54318,0.710064,13.882352941176471,10.826086956521738,3,0
ENG-Premier League,2526,2025-12-27 15:00:00,Brentford,Bournemouth,4,1,2.8513,2.56183,2.8513,2.56183,8.3,6.866666666666666,3,0
ENG-Premier League,2526,2025-12-27 15:00:00,Burnley,Everton,0,0,1.24948,1.25204,1.24948,1.25204,8.428571428571429,11.619047619047619,1,1
ENG-Premier League,2526,2025-12-27 17:30:00,Chelsea,Aston Villa,1,2,1.97155,2.05918,1.97155,2.05918,4.794871794871795,40.57142857142857,0,3
ENG-Premier League,2526,2025-12-27 15:00:00,Liverpool,Wolverhampton Wanderers,2,1,1.56502,0.780664,1.56502,0.780664,7.434782608695652,13.409090909090908,3,0
ENG-Premier League,2526,2025-12-27 12:30:00,Nottingham Forest,Manchester City,1,2,0.600141,1.46468,0.600141,1.46468,18.6875,6.476190476190476,0,3
ENG-Premier League,2526,2025-12-27 15:00:00,West Ham,Fulham,0,1,1.13719,1.11436,1.13719,1.11436,12.35,10.0,0,3
ENG-Premier League,2526,2025-12-28 16:30:00,Crystal Palace,Tottenham,0,1,0.929681,0.870768,0.929681,0.870768,7.260869565217392,33.111111111111114,0,3
ENG-Premier League,2526,2025-12-28 14:00:00,Sunderland,Leeds,1,1,0.805957,2.60653,0.805957,2.60653,20.333333333333332,9.863636363636363,1,1
ENG-Premier League,2526,2025-12-30 20:15:00,Arsenal,Aston Villa,4,1,4.41335,2.94195,4.41335,2.94195,8.451612903225806,21.375,3,0
ENG-Premier League,2526,2025-12-30 19:30:00,Burnley,Newcastle United,1,3,1.32551,2.49248,1.32551,2.49248,12.26086956521739,11.5,0,3
ENG-Premier League,2526,2025-12-30 19:30:00,Chelsea,Bournemouth,2,2,2.33294,3.49142,1.57177,3.49142,4.958333333333333,15.8125,1,1
ENG-Premier League,2526,2025-12-30 20:15:00,Manchester United,Wolverhampton Wanderers,1,1,1.13306,1.21784,1.13306,1.21784,7.666666666666667,17.41176470588235,1,1
ENG-Premier League,2526,2025-12-30 19:30:00,Nottingham Forest,Everton,0,2,1.75445,1.69525,1.75445,1.69525,5.555555555555555,13.434782608695652,0,3
ENG-Premier League,2526,2025-12-30 19:30:00,West Ham,Brighton,2,2,2.27644,3.08914,1.51527,1.56681,14.523809523809524,6.846153846153846,1,1
ENG-Premier League,2526,2026-01-01 20:00:00,Brentford,Tottenham,0,0,0.556304,0.608309,0.556304,0.608309,7.607142857142857,18.9375,1,1
ENG-Premier League,2526,2026-01-01 17:30:00,Crystal Palace,Fulham,1,1,2.35346,1.75434,2.35346,1.75434,25.76923076923077,8.12,1,1
ENG-Premier League,2526,2026-01-01 17:30:00,Liverpool,Leeds,0,0,1.67833,0.15936,1.67833,0.15936,6.521739130434782,17.5,1,1
ENG-Premier League,2526,2026-01-01 20:00:00,Sunderland,Manchester City,0,0,0.962141,2.44247,0.962141,2.44247,8.54054054054054,5.6923076923076925,1,1
ENG-Premier League,2526,2026-01-03 12:30:00,Aston Villa,Nottingham Forest,3,1,1.42988,0.8982,1.42988,0.8982,4.03030303030303,14.608695652173912,3,0
ENG-Premier League,2526,2026-01-03 17:30:00,Bournemouth,Arsenal,2,3,0.947846,1.28,0.947846,1.28,15.625,7.954545454545454,0,3
ENG-Premier League,2526,2026-01-03 15:00:00,Brighton,Burnley,2,0,1.4717,0.254551,1.4717,0.254551,12.263157894736842,14.206896551724139,3,0
ENG-Premier League,2526,2026-01-03 15:00:00,Wolverhampton Wanderers,West Ham,3,0,2.23925,0.235678,1.47808,0.235678,28.0,5.21875,3,0
ENG-Premier League,2526,2026-01-04 15:00:00,Everton,Brentford,2,4,1.00566,3.05179,1.00566,3.05179,11.0,9.2,0,3
ENG-Premier League,2526,2026-01-04 15:00:00,Fulham,Liverpool,2,2,0.609182,1.7188,0.609182,1.7188,18.666666666666668,20.285714285714285,1,1
ENG-Premier League,2526,2026-01-04 12:30:00,Leeds,Manchester United,1,1,0.970138,1.94781,0.970138,1.94781,8.82857142857143,10.5,1,1
ENG-Premier League,2526,2026-01-04 17:30:00,Manchester City,Chelsea,1,1,1.03049,2.03726,1.03049,2.03726,8.212121212121213,13.16,1,1
ENG-Premier League,2526,2026-01-04 15:00:00,Newcastle United,Crystal Palace,2,0,2.72764,1.27825,2.72764,1.27825,9.1875,9.266666666666667,3,0
ENG-Premier League,2526,2026-01-04 15:00:00,Tottenham,Sunderland,1,1,1.4175,0.467481,1.4175,0.467481,7.407407407407407,8.25,1,1
ENG-Premier League,2526,2026-01-06 20:00:00,West Ham,Nottingham Forest,1,2,1.73697,1.26683,1.73697,0.505666,9.947368421052632,12.0,0,3
ENG-Premier League,2526,2026-01-07 19:30:00,Bournemouth,Tottenham,3,2,1.19014,1.6261,1.19014,1.6261,9.071428571428571,9.222222222222221,3,0
ENG-Premier League,2526,2026-01-07 19:30:00,Brentford,Sunderland,3,0,3.86096,1.50644,3.86096,0.745273,14.1875,10.631578947368421,3,0
ENG-Premier League,2526,2026-01-07 20:15:00,Burnley,Manchester United,2,2,0.31971,2.52488,0.31971,2.52488,11.807692307692308,8.333333333333334,1,1
ENG-Premier League,2526,2026-01-07 19:30:00,Crystal Palace,Aston Villa,0,0,1.32505,2.07015,1.32505,2.07015,19.333333333333332,13.466666666666667,1,1
ENG-Premier League,2526,2026-01-07 19:30:00,Everton,Wolverhampton Wanderers,1,1,1.63321,0.71329,1.63321,0.71329,10.208333333333334,10.526315789473685,1,1
ENG-Premier League,2526,2026-01-07 19:30:00,Fulham,Chelsea,2,1,1.06013,2.45107,1.06013,2.45107,10.592592592592593,12.608695652173912,3,0
ENG-Premier League,2526,2026-01-07 19:30:00,Manchester City,Brighton,1,1,2.95904,1.33162,2.19787,1.33162,9.592592592592593,12.4,1,1
ENG-Premier League,2526,2026-01-07 20:15:00,Newcastle United,Leeds,4,3,2.43495,2.35318,1.67378,1.59201,8.15,10.933333333333334,3,0
ENG-Premier League,2526,2026-01-08 20:00:00,Arsenal,Liverpool,0,0,0.701832,0.318642,0.701832,0.318642,13.380952380952381,19.181818181818183,1,1
ENG-Premier League,2526,2026-01-17 15:00:00,Chelsea,Brentford,2,0,1.62263,1.47521,0.861461,1.47521,17.941176470588236,10.538461538461538,3,0
ENG-Premier League,2526,2026-01-17 15:00:00,Leeds,Fulham,1,0,2.16898,0.258796,2.16898,0.258796,17.157894736842106,11.8,3,0
ENG-Premier League,2526,2026-01-17 15:00:00,Liverpool,Burnley,1,1,3.49045,0.546971,2.72928,0.546971,6.9411764705882355,16.58823529411765,1,1
ENG-Premier League,2526,2026-01-17 12:30:00,Manchester United,Manchester City,2,0,3.07278,0.387015,3.07278,0.387015,15.85,6.571428571428571,3,0
ENG-Premier League,2526,2026-01-17 17:30:00,Nottingham Forest,Arsenal,0,0,0.318481,2.86323,0.318481,2.86323,31.555555555555557,6.3,1,1
ENG-Premier League,2526,2026-01-17 15:00:00,Sunderland,Crystal Palace,2,1,1.84601,1.15169,1.84601,1.15169,8.157894736842104,12.15,3,0
ENG-Premier League,2526,2026-01-17 15:00:00,Tottenham,West Ham,1,2,1.65292,2.76761,1.65292,2.76761,5.793103448275862,12.05,0,3
ENG-Premier League,2526,2026-01-18 16:30:00,Aston Villa,Everton,0,1,0.905393,0.745859,0.905393,0.745859,7.894736842105263,11.25,0,3
ENG-Premier League,2526,2026-01-18 14:00:00,Wolverhampton Wanderers,Newcastle United,0,0,0.390216,0.813313,0.390216,0.813313,25.0,7.6,1,1
ENG-Premier League,2526,2026-01-19 20:00:00,Brighton,Bournemouth,1,1,0.995777,1.69737,0.995777,0.936204,6.65,22.384615384615383,1,1
ENG-Premier League,2526,2026-01-24 17:30:00,Bournemouth,Liverpool,3,2,3.31474,0.937335,3.31474,0.937335,34.0,9.875,3,0
ENG-Premier League,2526,2026-01-24 15:00:00,Burnley,Tottenham,2,2,1.54884,2.59093,1.54884,2.59093,11.724137931034482,7.518518518518518,1,1
ENG-Premier League,2526,2026-01-24 15:00:00,Fulham,Brighton,2,1,1.13243,1.94652,1.13243,1.94652,17.529411764705884,13.652173913043478,3,0
ENG-Premier League,2526,2026-01-24 15:00:00,Manchester City,Wolverhampton Wanderers,2,0,1.0654,0.542683,1.0654,0.542683,5.923076923076923,20.61111111111111,3,0
ENG-Premier League,2526,2026-01-24 12:30:00,West Ham,Sunderland,3,1,2.18675,0.713838,1.42558,0.713838,13.944444444444445,8.590909090909092,3,0
ENG-Premier League,2526,2026-01-25 16:30:00,Arsenal,Manchester United,2,3,1.42411,0.640902,1.42411,0.640902,8.608695652173912,12.058823529411764,0,3
ENG-Premier League,2526,2026-01-25 14:00:00,Brentford,Nottingham Forest,0,2,2.00413,1.38958,2.00413,1.38958,5.3076923076923075,17.0,0,3
ENG-Premier League,2526,2026-01-25 14:00:00,Crystal Palace,Chelsea,1,3,2.41793,3.08817,2.41793,2.327,17.416666666666668,9.307692307692308,0,3
ENG-Premier League,2526,2026-01-25 14:00:00,Newcastle United,Aston Villa,0,2,1.95484,1.32143,1.95484,1.32143,6.545454545454546,11.291666666666666,0,3
ENG-Premier League,2526,2026-01-26 20:00:00,Everton,Leeds,1,1,0.889916,1.6766,0.889916,1.6766,12.777777777777779,10.272727272727273,1,1
ENG-Premier League,2526,2026-01-31 15:00:00,Brighton,Everton,1,1,1.42825,1.28126,1.42825,1.28126,7.333333333333333,16.555555555555557,1,1
ENG-Premier League,2526,2026-01-31 17:30:00,Chelsea,West Ham,3,2,2.66133,1.72585,2.66133,1.72585,5.038461538461538,32.333333333333336,3,0
ENG-Premier League,2526,2026-01-31 15:00:00,Leeds,Arsenal,0,4,0.17871,3.54427,0.17871,3.54427,9.590909090909092,12.210526315789474,0,3
ENG-Premier League,2526,2026-01-31 20:00:00,Liverpool,Newcastle United,4,1,3.09973,0.284319,3.09973,0.284319,10.052631578947368,17.083333333333332,3,0
ENG-Premier League,2526,2026-01-31 15:00:00,Wolverhampton Wanderers,Bournemouth,0,2,2.10353,1.59116,2.10353,1.59116,13.571428571428571,12.208333333333334,0,3
ENG-Premier League,2526,2026-02-01 14:00:00,Aston Villa,Brentford,0,1,2.15316,0.314916,2.15316,0.314916,8.625,18.23076923076923,0,3
ENG-Premier League,2526,2026-02-01 14:00:00,Manchester United,Fulham,3,2,1.84362,1.71998,1.84362,0.95881,19.352941176470587,11.842105263157896,3,0
ENG-Premier League,2526,2026-02-01 14:00:00,Nottingham Forest,Crystal Palace,1,1,0.987254,1.648,0.987254,0.886826,34.75,4.645161290322581,1,1
ENG-Premier League,2526,2026-02-01 16:30:00,Tottenham,Manchester City,2,2,1.49738,2.03614,1.49738,2.03614,11.633333333333333,9.6,1,1
ENG-Premier League,2526,2026-02-02 20:00:00,Sunderland,Burnley,3,0,1.8865,0.126371,1.8865,0.126371,19.666666666666668,10.695652173913043,3,0
ENG-Premier League,2526,2026-02-06 20:00:00,Leeds,Nottingham Forest,3,1,3.38179,1.6608,3.38179,1.6608,9.15,21.5,3,0
ENG-Premier League,2526,2026-02-07 15:00:00,Arsenal,Sunderland,3,0,1.19401,0.427225,1.19401,0.427225,9.076923076923077,13.714285714285714,3,0
ENG-Premier League,2526,2026-02-07 15:00:00,Bournemouth,Aston Villa,1,1,1.82646,0.646496,1.82646,0.646496,11.941176470588236,13.588235294117647,1,1
ENG-Premier League,2526,2026-02-07 15:00:00,Burnley,West Ham,0,2,1.84644,1.1223,1.84644,1.1223,11.434782608695652,14.466666666666667,0,3
ENG-Premier League,2526,2026-02-07 15:00:00,Fulham,Everton,1,2,2.20126,1.88778,2.20126,1.88778,12.823529411764707,12.727272727272727,0,3
ENG-Premier League,2526,2026-02-07 12:30:00,Manchester United,Tottenham,2,0,2.16576,0.593404,2.16576,0.593404,8.954545454545455,20.2,3,0
ENG-Premier League,2526,2026-02-07 17:30:00,Newcastle United,Brentford,2,3,3.3215,1.65022,2.56033,0.889048,17.333333333333332,11.05,0,3
ENG-Premier League,2526,2026-02-07 15:00:00,Wolverhampton Wanderers,Chelsea,1,3,1.11372,3.76278,1.11372,2.24044,34.6,9.48,0,3
ENG-Premier League,2526,2026-02-08 14:00:00,Brighton,Crystal Palace,0,1,0.737798,0.928404,0.737798,0.928404,7.571428571428571,20.444444444444443,0,3
ENG-Premier League,2526,2026-02-08 16:30:00,Liverpool,Manchester City,1,2,1.26652,2.41476,1.26652,1.65359,19.666666666666668,7.44,0,3
ENG-Premier League,2526,2026-02-10 19:30:00,Chelsea,Leeds,2,2,3.21176,1.28948,2.45059,0.528313,10.4,24.764705882352942,1,1
ENG-Premier League,2526,2026-02-10 19:30:00,Everton,Bournemouth,1,2,2.33114,1.4121,1.56997,1.4121,8.4,13.0,0,3
ENG-Premier League,2526,2026-02-10 19:30:00,Tottenham,Newcastle United,1,2,1.68925,2.46991,1.68925,2.46991,7.363636363636363,8.407407407407407,0,3
ENG-Premier League,2526,2026-02-10 20:15:00,West Ham,Manchester United,1,1,1.30746,0.735767,1.30746,0.735767,15.714285714285714,10.666666666666666,1,1
ENG-Premier League,2526,2026-02-11 19:30:00,Aston Villa,Brighton,1,0,0.576138,0.481306,0.576138,0.481306,16.142857142857142,8.379310344827585,3,0
ENG-Premier League,2526,2026-02-11 19:30:00,Crystal Palace,Burnley,2,3,2.1276,0.691273,2.1276,0.691273,7.684210526315789,18.705882352941178,0,3
ENG-Premier League,2526,2026-02-11 19:30:00,Manchester City,Fulham,3,0,1.67722,1.05283,1.67722,1.05283,14.571428571428571,17.476190476190474,3,0
ENG-Premier League,2526,2026-02-11 19:30:00,Nottingham Forest,Wolverhampton Wanderers,0,0,3.69094,0.406959,3.69094,0.406959,7.181818181818182,9.916666666666666,1,1
ENG-Premier League,2526,2026-02-11 20:15:00,Sunderland,Liverpool,0,1,0.693794,3.08172,0.693794,3.08172,11.421052631578947,9.857142857142858,0,3
ENG-Premier League,2526,2026-02-12 20:00:00,Brentford,Arsenal,1,1,1.81154,0.78418,1.81154,0.78418,9.523809523809524,8.090909090909092,1,1
ENG-Premier League,2526,2026-02-18 20:00:00,Wolverhampton Wanderers,Arsenal,2,2,0.173119,2.01018,0.173119,2.01018,11.444444444444445,8.208333333333334,1,1
ENG-Premier League,2526,2026-02-21 15:00:00,Aston Villa,Leeds,1,1,1.25439,1.27855,1.25439,1.27855,5.333333333333333,9.88,1,1
ENG-Premier League,2526,2026-02-21 15:00:00,Brentford,Brighton,0,2,1.69023,1.37203,1.69023,1.37203,15.307692307692308,9.037037037037036,0,3
ENG-Premier League,2526,2026-02-21 15:00:00,Chelsea,Burnley,1,1,2.51534,1.01255,2.51534,1.01255,7.681818181818182,15.631578947368421,1,1
ENG-Premier League,2526,2026-02-21 20:00:00,Manchester City,Newcastle United,2,1,2.22648,0.507954,2.22648,0.507954,9.565217391304348,8.192307692307692,3,0
ENG-Premier League,2526,2026-02-21 17:30:00,West Ham,Bournemouth,0,0,2.34412,0.522731,2.34412,0.522731,12.454545454545455,7.6521739130434785,1,1
ENG-Premier League,2526,2026-02-22 14:00:00,Crystal Palace,Wolverhampton Wanderers,1,0,2.03559,1.67749,2.03559,0.916319,6.05,10.0,3,0
ENG-Premier League,2526,2026-02-22 14:00:00,Nottingham Forest,Liverpool,0,1,0.934768,2.39634,0.934768,2.39634,10.6,9.090909090909092,0,3
ENG-Premier League,2526,2026-02-22 14:00:00,Sunderland,Fulham,1,3,1.7609,2.16696,0.99973,1.40579,16.416666666666668,12.047619047619047,0,3
ENG-Premier League,2526,2026-02-22 16:30:00,Tottenham,Arsenal,1,4,0.383264,3.31701,0.383264,3.31701,7.464285714285714,5.733333333333333,0,3
ENG-Premier League,2526,2026-02-23 20:00:00,Everton,Manchester United,0,1,0.560924,1.4547,0.560924,1.4547,10.958333333333334,13.833333333333334,0,3
ENG-Premier League,2526,2026-02-27 20:00:00,Wolverhampton Wanderers,Aston Villa,2,0,1.50771,1.31328,1.50771,1.31328,17.105263157894736,5.333333333333333,3,0
ENG-Premier League,2526,2026-02-28 12:30:00,Bournemouth,Sunderland,1,1,1.82434,1.07887,1.82434,1.07887,4.777777777777778,5.911764705882353,1,1
ENG-Premier League,2526,2026-02-28 15:00:00,Burnley,Brentford,3,4,0.823824,2.44595,0.823824,2.44595,16.176470588235293,6.555555555555555,0,3
ENG-Premier League,2526,2026-02-28 17:30:00,Leeds,Manchester City,0,1,1.37824,2.46834,1.37824,2.46834,15.35,17.0,0,3
ENG-Premier League,2526,2026-02-28 15:00:00,Liverpool,West Ham,5,2,2.09939,1.3517,2.09939,1.3517,9.416666666666666,7.423076923076923,3,0
ENG-Premier League,2526,2026-02-28 15:00:00,Newcastle United,Everton,2,3,1.11889,2.40731,1.11889,2.40731,4.866666666666666,16.0,0,3
ENG-Premier League,2526,2026-03-01 16:30:00,Arsenal,Chelsea,2,1,1.71598,1.35268,1.71598,1.35268,15.181818181818182,8.952380952380953,3,0
ENG-Premier League,2526,2026-03-01 14:00:00,Brighton,Nottingham Forest,2,1,1.20107,0.83055,1.20107,0.83055,9.413793103448276,14.904761904761905,3,0
ENG-Premier League,2526,2026-03-01 14:00:00,Fulham,Tottenham,2,1,2.3207,0.952091,2.3207,0.952091,10.476190476190476,12.434782608695652,3,0
ENG-Premier League,2526,2026-03-01 14:00:00,Manchester United,Crystal Palace,2,1,2.34609,0.384699,1.58492,0.384699,11.19047619047619,14.857142857142858,3,0
ENG-Premier League,2526,2026-03-03 19:30:00,Bournemouth,Brentford,0,0,2.3177,0.673328,2.3177,0.673328,10.416666666666666,8.363636363636363,1,1
ENG-Premier League,2526,2026-03-03 19:30:00,Everton,Burnley,2,0,1.15845,0.762229,1.15845,0.762229,12.041666666666666,14.238095238095237,3,0
ENG-Premier League,2526,2026-03-03 19:30:00,Leeds,Sunderland,0,1,0.888232,0.843856,0.888232,0.0826876,3.962962962962963,15.476190476190476,0,3
ENG-Premier League,2526,2026-03-03 20:15:00,Wolverhampton Wanderers,Liverpool,2,1,0.636033,2.17217,0.636033,2.17217,22.357142857142858,7.142857142857143,3,0
ENG-Premier League,2526,2026-03-04 19:30:00,Aston Villa,Chelsea,1,4,1.06854,3.38883,1.06854,3.38883,22.88888888888889,12.666666666666666,0,3
ENG-Premier League,2526,2026-03-04 19:30:00,Brighton,Arsenal,0,1,0.919228,0.514803,0.919228,0.514803,7.125,12.142857142857142,0,3
ENG-Premier League,2526,2026-03-04 19:30:00,Fulham,West Ham,0,1,0.628123,1.49528,0.628123,1.49528,10.590909090909092,18.941176470588236,0,3
ENG-Premier League,2526,2026-03-04 19:30:00,Manchester City,Nottingham Forest,2,2,2.72655,1.23642,2.72655,1.23642,10.631578947368421,27.583333333333332,1,1
ENG-Premier League,2526,2026-03-04 20:15:00,Newcastle United,Manchester United,2,1,1.96637,1.80571,1.2052,1.80571,8.62962962962963,6.821428571428571,3,0
ENG-Premier League,2526,2026-03-05 20:00:00,Tottenham,Crystal Palace,1,3,1.29615,1.91515,1.29615,1.15398,13.857142857142858,10.529411764705882,0,3
ENG-Premier League,2526,2026-03-14 17:30:00,Arsenal,Everton,2,0,1.90855,1.17847,1.90855,1.17847,7.782608695652174,15.666666666666666,3,0
ENG-Premier League,2526,2026-03-14 15:00:00,Burnley,Bournemouth,0,0,1.67695,2.36979,1.67695,2.36979,12.65,9.538461538461538,1,1
ENG-Premier League,2526,2026-03-14 17:30:00,Chelsea,Newcastle United,0,1,1.72508,1.03251,1.72508,1.03251,10.647058823529411,17.31578947368421,0,3
ENG-Premier League,2526,2026-03-14 15:00:00,Sunderland,Brighton,0,1,0.659083,1.12832,0.659083,1.12832,20.076923076923077,8.68,0,3
ENG-Premier League,2526,2026-03-14 20:00:00,West Ham,Manchester City,1,1,0.488982,1.9546,0.488982,1.9546,17.227272727272727,9.25,1,1
ENG-Premier League,2526,2026-03-15 14:00:00,Crystal Palace,Leeds,0,0,0.525205,1.13558,0.525205,0.374413,8.166666666666666,17.615384615384617,1,1
ENG-Premier League,2526,2026-03-15 16:30:00,Liverpool,Tottenham,1,1,1.30076,1.15636,1.30076,1.15636,5.538461538461538,13.15,1,1
ENG-Premier League,2526,2026-03-15 14:00:00,Manchester United,Aston Villa,3,1,1.67823,1.21071,1.67823,1.21071,9.727272727272727,17.333333333333332,3,0
ENG-Premier League,2526,2026-03-15 14:00:00,Nottingham Forest,Fulham,0,0,0.821011,0.933988,0.821011,0.933988,21.53846153846154,12.25,1,1
ENG-Premier League,2526,2026-03-16 20:00:00,Brentford,Wolverhampton Wanderers,2,2,2.7966,1.80044,2.7966,1.80044,8.928571428571429,13.647058823529411,1,1
ENG-Premier League,2526,2026-03-20 20:00:00,Bournemouth,Manchester United,2,2,1.76664,1.74574,1.00547,0.984568,10.9,12.095238095238095,1,1
ENG-Premier League,2526,2026-03-21 12:30:00,Brighton,Liverpool,2,1,3.42956,0.956801,3.42956,0.956801,11.5,11.125,3,0
ENG-Premier League,2526,2026-03-21 17:30:00,Everton,Chelsea,3,0,1.44532,1.35143,1.44532,1.35143,29.307692307692307,11.833333333333334,3,0
ENG-Premier League,2526,2026-03-21 15:00:00,Fulham,Burnley,3,1,3.48438,1.92556,2.72321,1.92556,16.133333333333333,20.923076923076923,3,0
ENG-Premier League,2526,2026-03-21 20:00:00,Leeds,Brentford,0,0,0.417296,0.302221,0.417296,0.302221,8.818181818181818,12.166666666666666,1,1
ENG-Premier League,2526,2026-03-22 14:15:00,Aston Villa,West Ham,2,0,2.48528,0.760054,2.48528,0.760054,14.666666666666666,15.529411764705882,3,0
ENG-Premier League,2526,2026-03-22 12:00:00,Newcastle United,Sunderland,1,2,1.26705,2.66657,1.26705,2.66657,6.235294117647059,11.045454545454545,0,3
ENG-Premier League,2526,2026-03-22 14:15:00,Tottenham,Nottingham Forest,0,3,1.6189,1.54408,1.6189,1.54408,6.071428571428571,9.84,0,3
ENG-Premier League,2526,2026-04-10 19:00:00,West Ham,Wolverhampton Wanderers,4,0,2.54379,0.571967,2.54379,0.571967,13.55,9.333333333333334,3,0
ENG-Premier League,2526,2026-04-11 11:30:00,Arsenal,Bournemouth,1,2,3.16346,1.39461,2.40229,1.39461,9.304347826086957,8.0,0,3
ENG-Premier League,2526,2026-04-11 14:00:00,Brentford,Everton,2,2,2.26302,1.57033,1.50185,1.57033,10.944444444444445,10.782608695652174,1,1
ENG-Premier League,2526,2026-04-11 14:00:00,Burnley,Brighton,0,2,0.812029,1.07182,0.812029,1.07182,18.3125,7.8,0,3
ENG-Premier League,2526,2026-04-11 16:30:00,Liverpool,Fulham,2,0,2.01499,1.42024,2.01499,1.42024,10.043478260869565,13.65,3,0
ENG-Premier League,2526,2026-04-12 15:30:00,Chelsea,Manchester City,0,3,1.22108,2.40839,1.22108,2.40839,25.846153846153847,8.592592592592593,0,3
ENG-Premier League,2526,2026-04-12 13:00:00,Crystal Palace,Newcastle United,2,1,3.13933,1.27299,2.37816,1.27299,10.172413793103448,10.833333333333334,3,0
ENG-Premier League,2526,2026-04-12 13:00:00,Nottingham Forest,Aston Villa,1,1,0.85045,1.36297,0.85045,1.36297,10.814814814814815,10.375,1,1
ENG-Premier League,2526,2026-04-12 13:00:00,Sunderland,Tottenham,1,0,1.77584,1.01598,1.77584,1.01598,7.133333333333334,10.947368421052632,3,0
ENG-Premier League,2526,2026-04-13 19:00:00,Manchester United,Leeds,1,2,1.36555,2.95118,1.36555,2.95118,10.391304347826088,12.714285714285714,0,3
ENG-Premier League,2526,2026-04-18 11:30:00,Brentford,Fulham,0,0,2.33552,0.790707,2.33552,0.790707,13.35,13.277777777777779,1,1
ENG-Premier League,2526,2026-04-18 19:00:00,Chelsea,Manchester United,0,1,1.28109,0.436043,1.28109,0.436043,11.347826086956522,28.384615384615383,0,3
ENG-Premier League,2526,2026-04-18 14:00:00,Leeds,Wolverhampton Wanderers,3,0,3.55804,0.568627,2.79691,0.568627,10.368421052631579,11.64,3,0
ENG-Premier League,2526,2026-04-18 14:00:00,Newcastle United,Bournemouth,1,2,1.61167,3.36662,1.61167,3.36662,8.0,10.523809523809524,0,3
ENG-Premier League,2526,2026-04-18 16:30:00,Tottenham,Brighton,2,2,1.56052,1.1373,1.56052,1.1373,12.444444444444445,5.636363636363637,1,1
ENG-Premier League,2526,2026-04-19 13:00:00,Aston Villa,Sunderland,4,3,3.90223,1.56008,3.90223,1.56008,13.470588235294118,12.052631578947368,3,0
ENG-Premier League,2526,2026-04-19 13:00:00,Everton,Liverpool,1,2,1.4784,1.38333,1.4784,1.38333,14.9,8.909090909090908,0,3
ENG-Premier League,2526,2026-04-19 15:30:00,Manchester City,Arsenal,2,1,2.61528,2.28964,2.61528,2.28964,13.461538461538462,9.153846153846153,3,0
ENG-Premier League,2526,2026-04-19 13:00:00,Nottingham Forest,Burnley,4,1,1.4425,0.601418,1.4425,0.601418,14.45,10.214285714285714,3,0
ENG-Premier League,2526,2026-04-20 19:00:00,Crystal Palace,West Ham,0,0,0.733442,0.622445,0.733442,0.622445,10.277777777777779,10.32,1,1
ENG-Premier League,2526,2026-04-21 19:00:00,Brighton,Chelsea,3,0,2.51784,0.297865,2.51784,0.297865,10.23076923076923,22.214285714285715,3,0
ENG-Premier League,2526,2026-04-22 19:00:00,Bournemouth,Leeds,2,2,1.91355,1.21601,1.91355,1.21601,8.842105263157896,10.4,1,1
ENG-Premier League,2526,2026-04-22 19:00:00,Burnley,Manchester City,0,1,0.973776,3.40888,0.973776,3.40888,16.05,10.454545454545455,0,3
ENG-Premier League,2526,2026-04-24 19:00:00,Sunderland,Nottingham Forest,0,5,0.614323,1.54208,0.614323,1.54208,5.409090909090909,10.65,0,3
ENG-Premier League,2526,2026-04-25 16:30:00,Arsenal,Newcastle United,1,0,0.639189,0.868897,0.639189,0.868897,14.88888888888889,8.818181818181818,3,0
ENG-Premier League,2526,2026-04-25 11:30:00,Fulham,Aston Villa,1,0,1.24069,0.906156,1.24069,0.906156,9.277777777777779,8.894736842105264,3,0
ENG-Premier League,2526,2026-04-25 14:00:00,Liverpool,Crystal Palace,3,1,1.45071,2.19912,1.45071,2.19912,15.235294117647058,15.444444444444445,3,0
ENG-Premier League,2526,2026-04-25 14:00:00,West Ham,Everton,2,1,1.8356,1.1144,1.8356,1.1144,9.653846153846153,11.941176470588236,3,0
ENG-Premier League,2526,2026-04-25 14:00:00,Wolverhampton Wanderers,Tottenham,0,1,0.762656,1.06403,0.762656,1.06403,13.5,4.857142857142857,0,3
ENG-Premier League,2526,2026-04-27 19:00:00,Manchester United,Brentford,2,1,1.84852,1.30383,1.84852,1.30383,13.0,9.958333333333334,3,0
ENG-Premier League,2526,2026-05-01 20:00:00,Leeds,Burnley,3,1,2.09546,0.434597,2.09546,0.434597,11.172413793103448,12.95,3,0
ENG-Premier League,2526,2026-05-02 17:30:00,Arsenal,Fulham,3,0,4.09079,0.696714,4.09079,0.696714,14.5,13.681818181818182,3,0
ENG-Premier League,2526,2026-05-02 15:00:00,Brentford,West Ham,3,0,2.27374,0.753895,1.51257,0.753895,9.333333333333334,7.818181818181818,3,0
ENG-Premier League,2526,2026-05-02 15:00:00,Newcastle United,Brighton,3,1,3.12933,1.87112,3.12933,1.87112,21.363636363636363,7.411764705882353,3,0
ENG-Premier League,2526,2026-05-02 15:00:00,Wolverhampton Wanderers,Sunderland,1,1,1.96131,0.923954,1.96131,0.923954,8.117647058823529,13.105263157894736,1,1
ENG-Premier League,2526,2026-05-03 19:00:00,Aston Villa,Tottenham,1,2,0.609494,1.12225,0.609494,1.12225,9.5,11.6,0,3
ENG-Premier League,2526,2026-05-03 14:00:00,Bournemouth,Crystal Palace,3,0,2.29626,0.678329,1.53509,0.678329,10.318181818181818,9.904761904761905,3,0
ENG-Premier League,2526,2026-05-03 15:30:00,Manchester United,Liverpool,3,2,2.55612,1.02814,2.55612,1.02814,12.391304347826088,9.7,3,0
ENG-Premier League,2526,2026-05-04 15:00:00,Chelsea,Nottingham Forest,1,3,2.17132,2.31019,1.41015,1.54902,8.041666666666666,23.125,0,3
ENG-Premier League,2526,2026-05-04 20:00:00,Everton,Manchester City,3,3,1.68558,1.41706,1.68558,1.41706,16.470588235294116,6.466666666666667,1,1
ENG-Premier League,2526,2026-05-09 15:00:00,Brighton,Wolverhampton Wanderers,3,0,2.22427,0.515647,2.22427,0.515647,4.275862068965517,25.571428571428573,3,0
ENG-Premier League,2526,2026-05-09 15:00:00,Fulham,Bournemouth,0,1,1.24334,0.998003,1.24334,0.998003,11.833333333333334,13.521739130434783,0,3
ENG-Premier League,2526,2026-05-09 12:30:00,Liverpool,Chelsea,1,1,0.623191,0.597184,0.623191,0.597184,12.28,9.121212121212121,1,1
ENG-Premier League,2526,2026-05-09 17:30:00,Manchester City,Brentford,3,0,4.37429,0.670038,4.37429,0.670038,7.28,7.666666666666667,3,0
ENG-Premier League,2526,2026-05-09 15:00:00,Sunderland,Manchester United,0,0,1.2376,0.535981,1.2376,0.535981,13.555555555555555,12.761904761904763,1,1
ENG-Premier League,2526,2026-05-10 14:00:00,Burnley,Aston Villa,2,2,1.71234,1.75493,1.71234,1.75493,11.25,7.875,1,1
ENG-Premier League,2526,2026-05-10 14:00:00,Crystal Palace,Everton,2,2,3.28826,2.10265,3.28826,2.10265,6.380952380952381,16.214285714285715,1,1
ENG-Premier League,2526,2026-05-10 14:00:00,Nottingham Forest,Newcastle United,1,1,1.46434,1.65067,1.46434,1.65067,17.0,8.142857142857142,1,1
ENG-Premier League,2526,2026-05-10 16:30:00,West Ham,Arsenal,0,1,1.32011,1.42953,1.32011,1.42953,15.4375,6.0,0,3
ENG-Premier League,2526,2026-05-11 20:00:00,Tottenham,Leeds,1,1,1.49036,1.86976,1.49036,1.10859,6.1923076923076925,9.826086956521738,1,1
ENG-Premier League,2526,2026-05-13 20:00:00,Manchester City,Crystal Palace,3,0,1.95679,0.428862,1.95679,0.428862,7.833333333333333,28.083333333333332,3,0
ENG-Premier League,2526,2026-05-15 20:00:00,Aston Villa,Liverpool,4,2,2.5252,1.55027,2.5252,1.55027,13.105263157894736,14.285714285714286,3,0
ENG-Premier League,2526,2026-05-17 15:00:00,Brentford,Crystal Palace,2,2,1.54564,1.82274,1.54564,1.06157,14.777777777777779,31.555555555555557,1,1
ENG-Premier League,2526,2026-05-17 15:00:00,Everton,Sunderland,1,3,1.32181,1.28383,1.32181,1.28383,14.5,12.75,0,3
ENG-Premier League,2526,2026-05-17 15:00:00,Leeds,Brighton,1,0,0.747756,2.23238,0.747756,2.23238,21.0,7.866666666666666,3,0
ENG-Premier League,2526,2026-05-17 12:30:00,Manchester United,Nottingham Forest,3,2,4.28532,1.84418,4.28532,1.84418,10.04,13.833333333333334,3,0
ENG-Premier League,2526,2026-05-17 17:30:00,Newcastle United,West Ham,3,1,2.1336,0.957771,2.1336,0.957771,11.411764705882353,10.23076923076923,3,0
ENG-Premier League,2526,2026-05-17 15:00:00,Wolverhampton Wanderers,Fulham,1,1,1.49725,1.48412,1.49725,0.722955,12.444444444444445,6.7368421052631575,1,1
ENG-Premier League,2526,2026-05-18 20:00:00,Arsenal,Burnley,1,0,1.22695,0.194884,1.22695,0.194884,12.4375,13.764705882352942,3,0
ENG-Premier League,2526,2026-05-19 19:30:00,Bournemouth,Manchester City,1,1,1.71486,1.26917,1.71486,1.26917,10.655172413793103,21.90909090909091,1,1
ENG-Premier League,2526,2026-05-19 20:15:00,Chelsea,Tottenham,2,1,1.09262,2.15227,1.09262,2.15227,11.724137931034482,9.125,3,0
ENG-Premier League,2526,2026-05-24 15:00:00,Brighton,Manchester United,0,3,0.702398,2.32868,0.702398,2.32868,7.612903225806452,15.705882352941176,0,3
ENG-Premier League,2526,2026-05-24 15:00:00,Burnley,Wolverhampton Wanderers,1,1,1.28476,2.8433,1.28476,2.08213,9.357142857142858,13.666666666666666,1,1
ENG-Premier League,2526,2026-05-24 15:00:00,Crystal Palace,Arsenal,1,2,1.00492,3.90645,1.00492,3.90645,17.75,9.88888888888889,0,3
ENG-Premier League,2526,2026-05-24 15:00:00,Fulham,Newcastle United,2,0,1.72878,0.24232,1.72878,0.24232,11.444444444444445,12.764705882352942,3,0
ENG-Premier League,2526,2026-05-24 15:00:00,Liverpool,Brentford,1,1,2.99412,1.46082,2.99412,1.46082,11.705882352941176,12.222222222222221,1,1
ENG-Premier League,2526,2026-05-24 15:00:00,Manchester City,Aston Villa,1,2,1.38085,2.4397,1.38085,2.4397,16.2,20.7,0,3
ENG-Premier League,2526,2026-05-24 15:00:00,Nottingham Forest,Bournemouth,1,1,2.05852,1.33684,2.05852,1.33684,17.916666666666668,8.0,1,1
ENG-Premier League,2526,2026-05-24 15:00:00,Sunderland,Chelsea,2,1,2.33109,0.920885,2.33109,0.920885,7.9375,17.272727272727273,3,0
ENG-Premier League,2526,2026-05-24 15:00:00,Tottenham,Everton,1,0,1.40597,0.268476,1.40597,0.268476,7.5,7.793103448275862,3,0
ENG-Premier League,2526,2026-05-24 15:00:00,West Ham,Leeds,3,0,2.73135,1.94969,2.73135,1.94969,16.470588235294116,5.133333333333334,3,0
ESP-La Liga,2526,2025-08-15 17:00:00,Girona,Rayo Vallecano,1,3,0.795304,3.25355,0.795304,2.51027,24.0,7.266666666666667,0,3
ESP-La Liga,2526,2025-08-15 19:30:00,Villarreal,Real Oviedo,2,0,2.60739,0.85578,2.60739,0.112502,8.142857142857142,40.42857142857143,3,0
ESP-La Liga,2526,2025-08-16 19:30:00,Alaves,Levante,2,1,1.72315,0.74203,1.72315,0.74203,6.380952380952381,20.083333333333332,3,0
ESP-La Liga,2526,2025-08-16 17:30:00,Mallorca,Barcelona,0,3,0.529217,2.0243,0.529217,2.0243,19.25,4.033333333333333,0,3
ESP-La Liga,2526,2025-08-16 19:30:00,Valencia,Real Sociedad,1,1,1.58599,1.04897,1.58599,1.04897,18.166666666666668,12.1,1,1
ESP-La Liga,2526,2025-08-17 17:30:00,Athletic Club,Sevilla,3,2,2.67586,0.901645,1.93258,0.901645,20.266666666666666,10.047619047619047,3,0
ESP-La Liga,2526,2025-08-17 15:00:00,Celta Vigo,Getafe,0,2,0.744247,1.50131,0.744247,1.50131,3.793103448275862,16.210526315789473,0,3
ESP-La Liga,2526,2025-08-17 19:30:00,Espanyol,Atletico Madrid,2,1,1.41508,1.29319,1.41508,1.29319,19.68421052631579,13.222222222222221,3,0
ESP-La Liga,2526,2025-08-18 19:00:00,Elche,Real Betis,1,1,0.981494,1.59562,0.981494,1.59562,8.25,21.31578947368421,1,1
ESP-La Liga,2526,2025-08-19 19:00:00,Real Madrid,Osasuna,1,0,1.4294,0.201044,0.686125,0.201044,7.25,20.846153846153847,3,0
ESP-La Liga,2526,2025-08-22 19:30:00,Real Betis,Alaves,1,0,2.13985,1.43838,2.13985,1.43838,13.68421052631579,9.758620689655173,3,0
ESP-La Liga,2526,2025-08-23 17:30:00,Atletico Madrid,Elche,1,1,1.68159,0.313268,1.68159,0.313268,7.96875,15.055555555555555,1,1
ESP-La Liga,2526,2025-08-23 19:30:00,Levante,Barcelona,2,3,2.68812,2.48128,1.94484,2.48128,18.5625,4.388888888888889,0,3
ESP-La Liga,2526,2025-08-23 15:00:00,Mallorca,Celta Vigo,1,1,0.664974,0.917413,0.664974,0.917413,17.647058823529413,16.333333333333332,1,1
ESP-La Liga,2526,2025-08-24 15:00:00,Osasuna,Valencia,1,0,0.946758,0.589594,0.946758,0.589594,11.68421052631579,16.428571428571427,3,0
ESP-La Liga,2526,2025-08-24 19:30:00,Real Oviedo,Real Madrid,0,3,0.33749,1.82072,0.33749,1.82072,24.75,7.827586206896552,0,3
ESP-La Liga,2526,2025-08-24 17:30:00,Real Sociedad,Espanyol,2,2,1.43366,1.87234,1.43366,1.12906,6.1923076923076925,11.615384615384615,1,1
ESP-La Liga,2526,2025-08-24 17:30:00,Villarreal,Girona,5,0,2.97707,0.140267,2.97707,0.140267,18.4375,13.347826086956522,3,0
ESP-La Liga,2526,2025-08-25 17:30:00,Athletic Club,Rayo Vallecano,1,0,1.68759,0.493587,0.944308,0.493587,12.88,10.277777777777779,3,0
ESP-La Liga,2526,2025-08-25 19:30:00,Sevilla,Getafe,1,2,0.833075,1.32944,0.833075,1.32944,3.625,13.173913043478262,0,3
ESP-La Liga,2526,2025-08-27 19:00:00,Celta Vigo,Real Betis,1,1,0.905201,0.714458,0.905201,0.714458,19.866666666666667,13.608695652173912,1,1
ESP-La Liga,2526,2025-08-29 17:30:00,Elche,Levante,2,0,1.44309,0.969663,1.44309,0.969663,7.368421052631579,18.166666666666668,3,0
ESP-La Liga,2526,2025-08-29 19:30:00,Valencia,Getafe,3,0,1.54336,0.757418,1.54336,0.757418,9.733333333333333,12.05,3,0
ESP-La Liga,2526,2025-08-30 15:00:00,Alaves,Atletico Madrid,1,1,0.855094,0.960547,0.111816,0.960547,20.928571428571427,5.5,1,1
ESP-La Liga,2526,2025-08-30 17:30:00,Girona,Sevilla,0,2,2.00908,1.62032,2.00908,1.62032,9.45,14.263157894736842,0,3
ESP-La Liga,2526,2025-08-30 19:30:00,Real Madrid,Mallorca,2,1,1.84116,0.549872,1.84116,0.549872,9.565217391304348,19.363636363636363,3,0
ESP-La Liga,2526,2025-08-30 17:00:00,Real Oviedo,Real Sociedad,1,0,0.45706,0.92221,0.45706,0.92221,19.375,9.64,3,0
ESP-La Liga,2526,2025-08-31 15:00:00,Celta Vigo,Villarreal,1,1,0.876041,0.96978,0.876041,0.96978,9.772727272727273,21.63157894736842,1,1
ESP-La Liga,2526,2025-08-31 17:30:00,Espanyol,Osasuna,1,0,1.36886,1.38167,1.36886,1.38167,14.45,11.894736842105264,3,0
ESP-La Liga,2526,2025-08-31 19:30:00,Rayo Vallecano,Barcelona,1,1,1.87124,2.35774,1.87124,1.61447,8.03125,8.4,1,1
ESP-La Liga,2526,2025-08-31 17:00:00,Real Betis,Athletic Club,1,2,0.716186,1.11141,0.716186,1.11141,10.115384615384615,8.548387096774194,0,3
ESP-La Liga,2526,2025-09-12 19:00:00,Sevilla,Elche,2,2,0.346397,0.781151,0.346397,0.781151,5.45,6.357142857142857,1,1
ESP-La Liga,2526,2025-09-13 16:30:00,Athletic Club,Alaves,0,1,0.866662,0.090756,0.866662,0.090756,5.078947368421052,9.73076923076923,0,3
ESP-La Liga,2526,2025-09-13 19:00:00,Atletico Madrid,Villarreal,2,0,1.5106,0.668177,1.5106,0.668177,14.285714285714286,21.764705882352942,3,0
ESP-La Liga,2526,2025-09-13 12:00:00,Getafe,Real Oviedo,2,0,0.954087,0.369812,0.954087,0.369812,8.62962962962963,7.9,3,0
ESP-La Liga,2526,2025-09-13 14:15:00,Real Sociedad,Real Madrid,1,2,3.14772,2.54171,2.40444,2.54171,8.105263157894736,14.5625,0,3
ESP-La Liga,2526,2025-09-14 19:00:00,Barcelona,Valencia,6,0,3.46022,0.12495,3.46022,0.12495,6.7,23.0625,3,0
ESP-La Liga,2526,2025-09-14 12:00:00,Celta Vigo,Girona,1,1,1.80278,1.41213,1.0595,1.41213,12.045454545454545,22.466666666666665,1,1
ESP-La Liga,2526,2025-09-14 14:15:00,Levante,Real Betis,2,2,1.02425,2.19546,1.02425,2.19546,14.80952380952381,6.85,1,1
ESP-La Liga,2526,2025-09-14 16:30:00,Osasuna,Rayo Vallecano,2,0,1.4012,0.979149,1.4012,0.979149,22.53846153846154,10.928571428571429,3,0
ESP-La Liga,2526,2025-09-15 19:00:00,Espanyol,Mallorca,3,2,2.67405,2.03185,1.93077,1.28857,20.615384615384617,8.727272727272727,3,0
ESP-La Liga,2526,2025-09-19 19:00:00,Real Betis,Real Sociedad,3,1,2.53579,0.606673,2.53579,0.606673,9.290322580645162,9.862068965517242,3,0
ESP-La Liga,2526,2025-09-20 16:30:00,Alaves,Sevilla,1,2,0.910257,0.891992,0.166979,0.891992,7.96875,7.84,0,3
ESP-La Liga,2526,2025-09-20 12:00:00,Girona,Levante,0,4,0.423855,4.50183,0.423855,4.50183,35.0,8.863636363636363,0,3
ESP-La Liga,2526,2025-09-20 14:15:00,Real Madrid,Espanyol,2,0,2.06136,0.969443,2.06136,0.969443,7.521739130434782,15.241379310344827,3,0
ESP-La Liga,2526,2025-09-20 19:00:00,Valencia,Athletic Club,2,0,2.01007,0.499198,2.01007,0.499198,13.0,11.68421052631579,3,0
ESP-La Liga,2526,2025-09-20 16:30:00,Villarreal,Osasuna,2,1,3.56395,1.95599,3.56395,1.21271,6.583333333333333,23.454545454545453,3,0
ESP-La Liga,2526,2025-09-21 19:00:00,Barcelona,Getafe,3,0,2.96429,0.215949,2.96429,0.215949,8.823529411764707,14.518518518518519,3,0
ESP-La Liga,2526,2025-09-21 16:30:00,Elche,Real Oviedo,1,0,1.57497,1.10565,1.57497,1.10565,10.736842105263158,16.666666666666668,3,0
ESP-La Liga,2526,2025-09-21 14:15:00,Mallorca,Atletico Madrid,1,1,0.530939,2.08772,0.530939,1.34445,14.38888888888889,22.444444444444443,1,1
ESP-La Liga,2526,2025-09-21 12:00:00,Rayo Vallecano,Celta Vigo,1,1,1.3145,1.28175,1.3145,1.28175,12.411764705882353,20.428571428571427,1,1
ESP-La Liga,2526,2025-09-23 17:00:00,Athletic Club,Girona,1,1,2.02629,0.856618,2.02629,0.856618,4.8108108108108105,26.25,1,1
ESP-La Liga,2526,2025-09-23 17:00:00,Espanyol,Valencia,2,2,3.31313,1.00785,3.31313,1.00785,11.0,10.826086956521738,1,1
ESP-La Liga,2526,2025-09-23 19:30:00,Levante,Real Madrid,1,4,1.70121,4.06315,1.70121,3.31987,14.214285714285714,15.31578947368421,0,3
ESP-La Liga,2526,2025-09-23 19:30:00,Sevilla,Villarreal,1,2,0.83617,2.40523,0.83617,2.40523,5.612903225806452,10.647058823529411,0,3
ESP-La Liga,2526,2025-09-24 19:30:00,Atletico Madrid,Rayo Vallecano,3,2,4.95017,1.61988,4.95017,1.61988,9.583333333333334,14.476190476190476,3,0
ESP-La Liga,2526,2025-09-24 17:00:00,Getafe,Alaves,1,1,0.576203,1.21176,0.576203,1.21176,7.6,4.6,1,1
ESP-La Liga,2526,2025-09-24 19:30:00,Real Sociedad,Mallorca,1,0,2.82857,0.641137,2.82857,0.641137,6.52,14.25,3,0
ESP-La Liga,2526,2025-09-25 17:30:00,Osasuna,Elche,1,1,1.17524,1.05089,1.17524,1.05089,10.333333333333334,10.263157894736842,1,1
ESP-La Liga,2526,2025-09-25 19:30:00,Real Oviedo,Barcelona,1,3,1.45014,2.07001,1.45014,2.07001,34.8,4.5,0,3
ESP-La Liga,2526,2025-09-26 19:00:00,Girona,Espanyol,0,0,1.07661,0.949116,1.07661,0.949116,12.0625,9.84375,1,1
ESP-La Liga,2526,2025-09-27 14:15:00,Atletico Madrid,Real Madrid,5,2,2.79075,1.02797,2.04748,1.02797,14.35,9.470588235294118,3,0
ESP-La Liga,2526,2025-09-27 12:00:00,Getafe,Levante,1,1,0.830967,1.27833,0.830967,1.27833,5.260869565217392,5.730769230769231,1,1
ESP-La Liga,2526,2025-09-27 16:30:00,Mallorca,Alaves,1,0,1.04267,0.566415,1.04267,0.566415,11.454545454545455,5.896551724137931,3,0
ESP-La Liga,2526,2025-09-27 19:00:00,Villarreal,Athletic Club,1,0,1.86396,1.56287,1.86396,1.56287,16.6875,9.272727272727273,3,0
ESP-La Liga,2526,2025-09-28 16:30:00,Barcelona,Real Sociedad,2,1,3.00954,0.957079,3.00954,0.957079,8.588235294117647,26.384615384615383,3,0
ESP-La Liga,2526,2025-09-28 14:15:00,Elche,Celta Vigo,2,1,4.03596,0.821768,3.29281,0.821768,10.65,11.56,3,0
ESP-La Liga,2526,2025-09-28 12:00:00,Rayo Vallecano,Sevilla,0,1,1.89093,0.579597,1.89093,0.579597,10.2,14.380952380952381,0,3
ESP-La Liga,2526,2025-09-28 19:00:00,Real Betis,Osasuna,2,0,1.18955,0.578485,1.18955,0.578485,16.5,26.416666666666668,3,0
ESP-La Liga,2526,2025-09-29 19:00:00,Valencia,Real Oviedo,1,2,1.72261,0.997143,0.979337,0.997143,10.363636363636363,11.033333333333333,0,3
ESP-La Liga,2526,2025-10-03 19:00:00,Osasuna,Getafe,2,1,0.692026,0.856515,0.692026,0.856515,12.9,11.333333333333334,3,0
ESP-La Liga,2526,2025-10-04 16:30:00,Athletic Club,Mallorca,2,1,1.73351,0.213773,0.990232,0.213773,9.785714285714286,16.0,3,0
ESP-La Liga,2526,2025-10-04 14:15:00,Girona,Valencia,2,1,1.16415,2.22808,1.16415,2.22808,12.842105263157896,13.055555555555555,3,0
ESP-La Liga,2526,2025-10-04 19:00:00,Real Madrid,Villarreal,3,1,4.32336,0.956644,3.58009,0.956644,5.827586206896552,23.333333333333332,3,0
ESP-La Liga,2526,2025-10-04 12:00:00,Real Oviedo,Levante,0,2,1.08551,1.62121,1.08551,1.62121,17.416666666666668,14.909090909090908,0,3
ESP-La Liga,2526,2025-10-05 12:00:00,Alaves,Elche,3,1,2.85063,0.661537,2.10735,0.661537,8.433333333333334,12.75,3,0
ESP-La Liga,2526,2025-10-05 19:00:00,Celta Vigo,Atletico Madrid,1,1,2.27285,0.710823,2.27285,0.710823,12.041666666666666,19.625,1,1
ESP-La Liga,2526,2025-10-05 16:30:00,Espanyol,Real Betis,1,2,2.0699,1.43721,1.32662,1.43721,14.222222222222221,23.90909090909091,0,3
ESP-La Liga,2526,2025-10-05 16:30:00,Real Sociedad,Rayo Vallecano,0,1,0.768998,0.684504,0.768998,0.684504,13.1,9.11111111111111,0,3
ESP-La Liga,2526,2025-10-05 14:15:00,Sevilla,Barcelona,4,1,2.89414,2.4823,2.15086,1.73902,9.48,7.476190476190476,3,0
ESP-La Liga,2526,2025-10-17 19:00:00,Real Oviedo,Espanyol,0,2,1.21155,4.46256,1.21155,4.46256,7.571428571428571,16.714285714285715,0,3
ESP-La Liga,2526,2025-10-18 19:00:00,Atletico Madrid,Osasuna,1,0,2.24415,0.981492,2.24415,0.981492,9.80952380952381,13.904761904761905,3,0
ESP-La Liga,2526,2025-10-18 14:15:00,Barcelona,Girona,2,1,2.41958,1.69375,2.41958,1.69375,8.0,40.5,3,0
ESP-La Liga,2526,2025-10-18 12:00:00,Sevilla,Mallorca,1,3,1.25884,1.95555,1.25884,1.95555,6.608695652173913,11.0,0,3
ESP-La Liga,2526,2025-10-18 16:30:00,Villarreal,Real Betis,2,2,0.980598,0.895532,0.980598,0.895532,19.823529411764707,11.31578947368421,1,1
ESP-La Liga,2526,2025-10-19 14:15:00,Celta Vigo,Real Sociedad,1,1,0.717367,2.13562,0.717367,2.13562,30.625,7.121212121212121,1,1
ESP-La Liga,2526,2025-10-19 12:00:00,Elche,Athletic Club,0,0,0.823916,0.240214,0.823916,0.240214,7.2631578947368425,12.642857142857142,1,1
ESP-La Liga,2526,2025-10-19 19:00:00,Getafe,Real Madrid,0,1,0.530119,2.14595,0.530119,2.14595,9.93939393939394,4.2105263157894735,0,3
ESP-La Liga,2526,2025-10-19 16:30:00,Levante,Rayo Vallecano,0,3,0.940509,2.53118,0.940509,2.53118,11.95,9.0,0,3
ESP-La Liga,2526,2025-10-20 19:00:00,Alaves,Valencia,0,0,1.05624,0.318076,1.05624,0.318076,6.681818181818182,15.882352941176471,1,1
ESP-La Liga,2526,2025-10-24 19:00:00,Real Sociedad,Sevilla,2,1,1.64382,0.247146,0.900547,0.247146,6.2894736842105265,8.0,3,0
ESP-La Liga,2526,2025-10-25 16:30:00,Athletic Club,Getafe,0,1,0.358524,1.00378,0.358524,1.00378,5.9,8.866666666666667,0,3
ESP-La Liga,2526,2025-10-25 14:15:00,Espanyol,Elche,1,0,1.70342,1.11414,1.70342,1.11414,13.37037037037037,7.15,3,0
ESP-La Liga,2526,2025-10-25 12:00:00,Girona,Real Oviedo,3,3,2.24132,2.22406,0.754763,1.48078,7.28,13.916666666666666,1,1
ESP-La Liga,2526,2025-10-25 19:00:00,Valencia,Villarreal,0,2,0.641435,2.62387,0.641435,1.88059,10.384615384615385,14.541666666666666,0,3
ESP-La Liga,2526,2025-10-26 13:00:00,Mallorca,Levante,1,1,1.86979,2.3579,1.86979,2.3579,7.043478260869565,11.37037037037037,1,1
ESP-La Liga,2526,2025-10-26 17:30:00,Osasuna,Celta Vigo,2,3,2.318,1.54054,0.831447,1.54054,9.391304347826088,18.066666666666666,0,3
ESP-La Liga,2526,2025-10-26 20:00:00,Rayo Vallecano,Alaves,1,0,1.54971,1.41466,1.54971,1.41466,5.741935483870968,10.181818181818182,3,0
ESP-La Liga,2526,2025-10-26 15:15:00,Real Madrid,Barcelona,2,1,3.41322,1.12434,2.66994,1.12434,15.772727272727273,8.38888888888889,3,0
ESP-La Liga,2526,2025-10-27 20:00:00,Real Betis,Atletico Madrid,0,2,1.33792,0.876554,1.33792,0.876554,11.5,12.578947368421053,0,3
ESP-La Liga,2526,2025-10-31 20:00:00,Getafe,Girona,2,1,1.40213,1.54366,1.40213,0.800378,6.416666666666667,4.043478260869565,3,0
ESP-La Liga,2526,2025-11-01 15:15:00,Atletico Madrid,Sevilla,3,0,2.98632,0.376887,2.24305,0.376887,14.333333333333334,12.454545454545455,3,0
ESP-La Liga,2526,2025-11-01 20:00:00,Real Madrid,Valencia,4,0,2.89965,0.292177,1.30038,0.292177,6.128205128205129,25.5,3,0
ESP-La Liga,2526,2025-11-01 17:30:00,Real Sociedad,Athletic Club,3,2,1.8412,1.13112,1.8412,1.13112,8.173913043478262,11.277777777777779,3,0
ESP-La Liga,2526,2025-11-01 13:00:00,Villarreal,Rayo Vallecano,4,0,2.7136,1.08632,2.7136,1.08632,18.4,11.583333333333334,3,0
ESP-La Liga,2526,2025-11-02 15:15:00,Alaves,Espanyol,2,1,2.18038,1.04283,2.18038,1.04283,8.08695652173913,9.88888888888889,3,0
ESP-La Liga,2526,2025-11-02 17:30:00,Barcelona,Elche,3,1,2.8073,0.549079,2.8073,0.549079,9.4,8.607142857142858,3,0
ESP-La Liga,2526,2025-11-02 13:00:00,Levante,Celta Vigo,1,2,1.23651,1.92474,0.384266,1.92474,19.8125,6.8,0,3
ESP-La Liga,2526,2025-11-02 20:00:00,Real Betis,Mallorca,3,0,2.82134,0.749852,2.82134,0.749852,12.217391304347826,15.857142857142858,3,0
ESP-La Liga,2526,2025-11-03 20:00:00,Real Oviedo,Osasuna,0,0,0.717473,0.626317,0.717473,0.626317,10.523809523809524,8.866666666666667,1,1
ESP-La Liga,2526,2025-11-07 20:00:00,Elche,Real Sociedad,1,1,0.808307,1.47221,0.808307,0.728937,10.625,11.0,1,1
ESP-La Liga,2526,2025-11-08 17:30:00,Atletico Madrid,Levante,3,1,3.03599,1.29112,3.03599,1.29112,5.473684210526316,31.9,3,0
ESP-La Liga,2526,2025-11-08 20:00:00,Espanyol,Villarreal,0,2,0.476157,1.47118,0.476157,1.47118,13.76923076923077,30.083333333333332,0,3
ESP-La Liga,2526,2025-11-08 13:00:00,Girona,Alaves,1,0,1.26365,2.00772,1.26365,2.00772,12.954545454545455,13.772727272727273,3,0
ESP-La Liga,2526,2025-11-08 15:15:00,Sevilla,Osasuna,1,0,1.22271,0.967352,0.479437,0.967352,7.44,7.32,3,0
ESP-La Liga,2526,2025-11-09 13:00:00,Athletic Club,Real Oviedo,1,0,2.65219,0.182696,2.65219,0.182696,10.193548387096774,13.555555555555555,3,0
ESP-La Liga,2526,2025-11-09 20:00:00,Celta Vigo,Barcelona,2,4,0.512253,3.42936,0.512253,2.68608,14.954545454545455,11.16,0,3
ESP-La Liga,2526,2025-11-09 17:30:00,Mallorca,Getafe,1,0,1.30353,0.539674,1.30353,0.539674,9.157894736842104,6.4,3,0
ESP-La Liga,2526,2025-11-09 15:15:00,Rayo Vallecano,Real Madrid,0,0,1.60641,0.841463,1.60641,0.841463,10.0,13.5625,1,1
ESP-La Liga,2526,2025-11-09 17:30:00,Valencia,Real Betis,1,1,1.95148,1.58932,1.95148,1.58932,16.105263157894736,9.538461538461538,1,1
ESP-La Liga,2526,2025-11-21 20:00:00,Valencia,Levante,1,0,1.65038,0.67426,1.65038,0.67426,9.304347826086957,10.964285714285714,3,0
ESP-La Liga,2526,2025-11-22 13:00:00,Alaves,Celta Vigo,0,1,0.3056,1.32351,0.3056,0.580235,9.433333333333334,9.40625,0,3
ESP-La Liga,2526,2025-11-22 15:15:00,Barcelona,Athletic Club,4,0,2.32922,1.04615,2.32922,1.04615,9.722222222222221,18.75,3,0
ESP-La Liga,2526,2025-11-22 17:30:00,Osasuna,Real Sociedad,1,3,1.27964,1.76546,1.27964,1.76546,17.375,11.368421052631579,0,3
ESP-La Liga,2526,2025-11-22 20:00:00,Villarreal,Mallorca,2,1,2.6371,1.38464,2.6371,1.38464,5.806451612903226,22.583333333333332,3,0
ESP-La Liga,2526,2025-11-23 20:00:00,Elche,Real Madrid,2,2,1.59518,3.88258,1.59518,3.88258,11.368421052631579,9.956521739130435,1,1
ESP-La Liga,2526,2025-11-23 17:30:00,Getafe,Atletico Madrid,0,1,0.578828,1.47677,0.578828,1.47677,13.05,5.0476190476190474,0,3
ESP-La Liga,2526,2025-11-23 15:15:00,Real Betis,Girona,1,1,1.5784,1.48903,1.5784,1.48903,12.5,13.619047619047619,1,1
ESP-La Liga,2526,2025-11-23 13:00:00,Real Oviedo,Rayo Vallecano,0,0,0.499406,0.922998,0.499406,0.922998,15.368421052631579,7.833333333333333,1,1
ESP-La Liga,2526,2025-11-24 20:00:00,Espanyol,Sevilla,2,1,1.16625,1.80002,1.16625,1.80002,8.84375,6.666666666666667,3,0
ESP-La Liga,2526,2025-11-28 20:00:00,Getafe,Elche,1,0,1.34046,0.448894,1.34046,0.448894,9.34375,7.428571428571429,3,0
ESP-La Liga,2526,2025-11-29 20:00:00,Atletico Madrid,Real Oviedo,2,0,2.40693,0.921985,2.40693,0.921985,14.523809523809524,11.961538461538462,3,0
ESP-La Liga,2526,2025-11-29 15:15:00,Barcelona,Alaves,3,1,2.51096,2.09256,2.51096,2.09256,4.885714285714286,15.615384615384615,3,0
ESP-La Liga,2526,2025-11-29 17:30:00,Levante,Athletic Club,0,2,1.20253,2.80864,1.20253,2.80864,7.5,7.171428571428572,0,3
ESP-La Liga,2526,2025-11-29 13:00:00,Mallorca,Osasuna,2,2,1.10581,1.11108,0.362535,1.11108,11.411764705882353,10.130434782608695,1,1
ESP-La Liga,2526,2025-11-30 17:30:00,Celta Vigo,Espanyol,0,1,0.635572,0.599243,0.635572,0.599243,8.214285714285714,13.88888888888889,0,3
ESP-La Liga,2526,2025-11-30 20:00:00,Girona,Real Madrid,1,1,1.05171,2.21359,1.05171,1.47031,21.416666666666668,8.258064516129032,1,1
ESP-La Liga,2526,2025-11-30 13:00:00,Real Sociedad,Villarreal,2,3,1.3715,1.63038,1.3715,1.63038,5.368421052631579,15.318181818181818,0,3
ESP-La Liga,2526,2025-11-30 15:15:00,Sevilla,Real Betis,0,2,0.735196,1.17861,0.735196,1.17861,4.2272727272727275,8.26923076923077,0,3
ESP-La Liga,2526,2025-12-01 20:00:00,Rayo Vallecano,Valencia,1,1,2.13298,0.897663,2.13298,0.897663,9.222222222222221,19.0,1,1
ESP-La Liga,2526,2025-12-02 20:00:00,Barcelona,Atletico Madrid,3,1,3.46121,1.35018,2.71794,1.35018,8.84,12.8,3,0
ESP-La Liga,2526,2025-12-03 18:00:00,Athletic Club,Real Madrid,0,3,0.917315,2.36743,0.917315,2.36743,17.458333333333332,11.9375,0,3
ESP-La Liga,2526,2025-12-05 20:00:00,Real Oviedo,Mallorca,0,0,1.60009,0.617185,1.60009,0.617185,7.631578947368421,21.071428571428573,1,1
ESP-La Liga,2526,2025-12-06 15:15:00,Alaves,Real Sociedad,1,0,1.88765,1.09935,1.14437,1.09935,10.89655172413793,6.888888888888889,3,0
ESP-La Liga,2526,2025-12-06 20:00:00,Athletic Club,Atletico Madrid,1,0,1.18636,0.771885,1.18636,0.771885,11.846153846153847,12.9375,3,0
ESP-La Liga,2526,2025-12-06 17:30:00,Real Betis,Barcelona,3,5,2.74214,3.30288,1.99886,2.55961,12.75,12.285714285714286,0,3
ESP-La Liga,2526,2025-12-06 13:00:00,Villarreal,Getafe,2,0,0.816941,0.282254,0.816941,0.282254,6.761904761904762,10.423076923076923,3,0
ESP-La Liga,2526,2025-12-07 13:00:00,Elche,Girona,3,0,1.59513,0.781043,1.59513,0.781043,6.387096774193548,17.0,3,0
ESP-La Liga,2526,2025-12-07 17:30:00,Espanyol,Rayo Vallecano,1,0,1.57985,0.285545,0.83657,0.285545,7.571428571428571,4.958333333333333,3,0
ESP-La Liga,2526,2025-12-07 20:00:00,Real Madrid,Celta Vigo,0,2,2.41681,1.60908,2.41681,1.60908,13.714285714285714,24.083333333333332,0,3
ESP-La Liga,2526,2025-12-07 15:15:00,Valencia,Sevilla,1,1,1.23901,0.635478,1.23901,0.635478,11.041666666666666,8.1,1,1
ESP-La Liga,2526,2025-12-08 20:00:00,Osasuna,Levante,2,0,1.74988,0.544977,1.74988,0.544977,9.870967741935484,9.157894736842104,3,0
ESP-La Liga,2526,2025-12-12 20:00:00,Real Sociedad,Girona,1,2,1.02349,1.16894,1.02349,1.16894,9.297297297297296,22.75,0,3
ESP-La Liga,2526,2025-12-13 13:00:00,Atletico Madrid,Valencia,2,1,2.07076,1.26068,2.07076,1.26068,7.921052631578948,12.75,3,0
ESP-La Liga,2526,2025-12-13 17:30:00,Barcelona,Osasuna,2,0,2.14468,0.228217,2.14468,0.228217,3.8181818181818183,20.058823529411764,3,0
ESP-La Liga,2526,2025-12-13 20:00:00,Getafe,Espanyol,0,1,0.305925,0.75472,0.305925,0.75472,8.789473684210526,7.208333333333333,0,3
ESP-La Liga,2526,2025-12-13 15:15:00,Mallorca,Elche,3,1,2.581,0.311674,2.581,0.311674,13.347826086956522,9.52,3,0
ESP-La Liga,2526,2025-12-14 20:00:00,Alaves,Real Madrid,1,2,1.313,1.90656,1.313,1.90656,12.409090909090908,12.692307692307692,0,3
ESP-La Liga,2526,2025-12-14 15:15:00,Celta Vigo,Athletic Club,2,0,1.97074,1.66561,1.97074,0.92233,11.791666666666666,10.1875,3,0
ESP-La Liga,2526,2025-12-14 13:00:00,Sevilla,Real Oviedo,4,0,2.31899,0.416975,2.31899,0.416975,11.352941176470589,10.76,3,0
ESP-La Liga,2526,2025-12-15 20:00:00,Rayo Vallecano,Real Betis,0,0,2.1848,0.788766,2.1848,0.788766,8.25,18.46153846153846,1,1
ESP-La Liga,2526,2025-12-19 20:00:00,Valencia,Mallorca,1,1,2.16012,0.199412,2.16012,0.199412,7.9411764705882355,18.866666666666667,1,1
ESP-La Liga,2526,2025-12-20 15:15:00,Levante,Real Sociedad,1,1,1.22005,1.62986,0.476768,1.62986,10.26923076923077,8.19047619047619,1,1
ESP-La Liga,2526,2025-12-20 17:30:00,Osasuna,Alaves,3,0,2.39145,0.718671,1.64817,0.718671,7.53125,12.666666666666666,3,0
ESP-La Liga,2526,2025-12-20 20:00:00,Real Madrid,Sevilla,2,0,4.00139,1.51418,3.25811,1.51418,12.695652173913043,12.333333333333334,3,0
ESP-La Liga,2526,2025-12-20 13:00:00,Real Oviedo,Celta Vigo,0,0,0.517531,0.600009,0.517531,0.600009,9.037037037037036,20.46153846153846,1,1
ESP-La Liga,2526,2025-12-21 17:30:00,Elche,Rayo Vallecano,4,0,3.66996,1.14923,3.66996,1.14923,9.652173913043478,6.916666666666667,3,0
ESP-La Liga,2526,2025-12-21 13:00:00,Girona,Atletico Madrid,0,3,1.11565,1.26201,1.11565,1.26201,13.619047619047619,12.64,0,3
ESP-La Liga,2526,2025-12-21 20:00:00,Real Betis,Getafe,4,0,3.46022,1.24726,3.46022,0.503982,9.4,8.26923076923077,3,0
ESP-La Liga,2526,2025-12-21 15:15:00,Villarreal,Barcelona,0,2,2.16466,3.27381,2.16466,2.53053,26.266666666666666,5.052631578947368,0,3
ESP-La Liga,2526,2025-12-22 20:00:00,Athletic Club,Espanyol,1,2,1.72282,0.908988,1.72282,0.908988,7.136363636363637,15.411764705882353,0,3
ESP-La Liga,2526,2026-01-02 20:00:00,Rayo Vallecano,Getafe,1,1,0.662324,0.663898,0.662324,0.663898,5.0,15.88888888888889,1,1
ESP-La Liga,2526,2026-01-03 13:00:00,Celta Vigo,Valencia,4,1,2.59029,1.79296,1.84702,1.04968,15.521739130434783,14.411764705882353,3,0
ESP-La Liga,2526,2026-01-03 17:30:00,Elche,Villarreal,1,3,1.52119,2.635,1.52119,2.635,3.769230769230769,19.894736842105264,0,3
ESP-La Liga,2526,2026-01-03 20:00:00,Espanyol,Barcelona,0,2,1.79661,2.94252,1.79661,2.94252,18.5,4.96,0,3
ESP-La Liga,2526,2026-01-03 15:15:00,Osasuna,Athletic Club,1,1,0.868051,1.554,0.868051,1.554,13.5,6.875,1,1
ESP-La Liga,2526,2026-01-04 17:30:00,Alaves,Real Oviedo,1,1,1.56756,3.21906,1.56756,3.21906,6.875,7.666666666666667,1,1
ESP-La Liga,2526,2026-01-04 17:30:00,Mallorca,Girona,1,2,1.48338,1.45714,0.740106,0.713867,10.0,13.5,0,3
ESP-La Liga,2526,2026-01-04 15:15:00,Real Madrid,Real Betis,5,1,3.0073,0.974623,3.0073,0.974623,15.933333333333334,18.476190476190474,3,0
ESP-La Liga,2526,2026-01-04 20:00:00,Real Sociedad,Atletico Madrid,1,1,1.70649,1.37325,1.70649,1.37325,10.580645161290322,11.444444444444445,1,1
ESP-La Liga,2526,2026-01-04 13:00:00,Sevilla,Levante,0,3,1.66562,1.65102,0.8268,1.65102,7.904761904761905,14.789473684210526,0,3
ESP-La Liga,2526,2026-01-09 20:00:00,Getafe,Real Sociedad,1,2,0.240168,1.25801,0.240168,1.25801,13.421052631578947,3.4651162790697674,0,3
ESP-La Liga,2526,2026-01-10 17:30:00,Girona,Osasuna,1,0,0.984024,1.22674,0.984024,1.22674,10.25925925925926,11.95,3,0
ESP-La Liga,2526,2026-01-10 13:00:00,Real Oviedo,Real Betis,1,1,1.01026,2.70809,1.01026,2.70809,12.482758620689655,12.333333333333334,1,1
ESP-La Liga,2526,2026-01-10 20:00:00,Valencia,Elche,1,1,2.04147,0.244413,1.29819,0.244413,11.37037037037037,7.5,1,1
ESP-La Liga,2526,2026-01-10 15:15:00,Villarreal,Alaves,3,1,1.38322,0.844572,1.38322,0.844572,16.318181818181817,7.696969696969697,3,0
ESP-La Liga,2526,2026-01-11 15:15:00,Levante,Espanyol,1,1,1.18232,1.58922,1.18232,1.58922,10.91304347826087,9.193548387096774,1,1
ESP-La Liga,2526,2026-01-11 13:00:00,Rayo Vallecano,Mallorca,2,1,2.05105,1.05743,1.30777,1.05743,7.076923076923077,11.105263157894736,3,0
ESP-La Liga,2526,2026-01-12 20:00:00,Sevilla,Celta Vigo,0,1,0.262521,2.07629,0.262521,1.33301,7.296296296296297,17.8,0,3
ESP-La Liga,2526,2026-01-16 20:00:00,Espanyol,Girona,0,2,1.26738,1.82377,1.26738,0.33721,9.071428571428571,7.548387096774194,0,3
ESP-La Liga,2526,2026-01-17 15:15:00,Mallorca,Athletic Club,3,2,3.11432,2.28242,1.38703,2.28242,9.761904761904763,14.090909090909092,3,0
ESP-La Liga,2526,2026-01-17 17:30:00,Osasuna,Real Oviedo,3,2,2.03551,1.36173,2.03551,1.36173,7.75,10.333333333333334,3,0
ESP-La Liga,2526,2026-01-17 20:00:00,Real Betis,Villarreal,2,0,1.34951,1.17907,1.34951,1.17907,6.176470588235294,14.523809523809524,3,0
ESP-La Liga,2526,2026-01-17 13:00:00,Real Madrid,Levante,2,0,2.54865,0.787501,1.80537,0.787501,8.3,25.733333333333334,3,0
ESP-La Liga,2526,2026-01-18 15:15:00,Atletico Madrid,Alaves,1,0,1.7743,1.21004,1.7743,1.21004,7.705882352941177,25.25,3,0
ESP-La Liga,2526,2026-01-18 17:30:00,Celta Vigo,Rayo Vallecano,3,0,1.90274,1.31932,1.15946,1.31932,12.85,13.857142857142858,3,0
ESP-La Liga,2526,2026-01-18 13:00:00,Getafe,Valencia,0,1,0.584591,0.746856,0.584591,0.746856,8.125,8.473684210526315,0,3
ESP-La Liga,2526,2026-01-18 20:00:00,Real Sociedad,Barcelona,2,1,1.55875,3.92031,1.55875,3.92031,11.0,5.3,3,0
ESP-La Liga,2526,2026-01-19 20:00:00,Elche,Sevilla,2,2,1.48075,2.4961,1.48075,1.75282,7.0,4.7272727272727275,1,1
ESP-La Liga,2526,2026-01-23 20:00:00,Levante,Elche,3,2,3.24455,0.632971,3.24455,0.632971,12.4,7.130434782608695,3,0
ESP-La Liga,2526,2026-01-24 13:00:00,Rayo Vallecano,Osasuna,1,3,0.669564,1.36861,0.669564,1.36861,4.318181818181818,11.91304347826087,0,3
ESP-La Liga,2526,2026-01-24 17:30:00,Sevilla,Athletic Club,2,1,1.43055,1.91259,0.687269,1.91259,5.241379310344827,9.8,3,0
ESP-La Liga,2526,2026-01-24 15:15:00,Valencia,Espanyol,3,2,2.76956,1.75941,2.02628,1.75941,9.115384615384615,6.724137931034483,3,0
ESP-La Liga,2526,2026-01-24 20:00:00,Villarreal,Real Madrid,0,2,0.952831,1.62206,0.952831,0.878783,10.241379310344827,10.434782608695652,0,3
ESP-La Liga,2526,2026-01-25 20:00:00,Alaves,Real Betis,2,1,1.67102,1.78662,1.67102,1.78662,10.115384615384615,5.4411764705882355,3,0
ESP-La Liga,2526,2026-01-25 13:00:00,Atletico Madrid,Mallorca,3,0,1.42501,0.367893,1.42501,0.367893,8.0,21.0,3,0
ESP-La Liga,2526,2026-01-25 15:15:00,Barcelona,Real Oviedo,3,0,2.59917,0.486404,2.59917,0.486404,5.962962962962963,11.805555555555555,3,0
ESP-La Liga,2526,2026-01-25 17:30:00,Real Sociedad,Celta Vigo,3,1,2.15496,1.63115,1.41168,1.63115,20.166666666666668,8.625,3,0
ESP-La Liga,2526,2026-01-26 20:00:00,Girona,Getafe,1,1,1.01571,1.1089,1.01571,1.1089,6.2272727272727275,15.523809523809524,1,1
ESP-La Liga,2526,2026-01-30 20:00:00,Espanyol,Alaves,1,2,1.20096,1.32248,1.20096,1.32248,8.642857142857142,10.333333333333334,0,3
ESP-La Liga,2526,2026-01-31 20:00:00,Elche,Barcelona,1,3,0.839,7.11049,0.839,7.11049,15.545454545454545,8.037037037037036,0,3
ESP-La Liga,2526,2026-01-31 17:30:00,Levante,Atletico Madrid,0,0,0.41109,0.615283,0.41109,0.615283,10.833333333333334,10.333333333333334,1,1
ESP-La Liga,2526,2026-01-31 15:15:00,Osasuna,Villarreal,2,2,2.13467,0.911128,2.13467,0.16785,10.782608695652174,9.478260869565217,1,1
ESP-La Liga,2526,2026-01-31 13:00:00,Real Oviedo,Girona,1,0,1.26601,0.664225,1.26601,0.664225,19.9,5.230769230769231,3,0
ESP-La Liga,2526,2026-02-01 20:00:00,Athletic Club,Real Sociedad,1,1,0.893754,1.58578,0.893754,1.58578,6.7,11.470588235294118,1,1
ESP-La Liga,2526,2026-02-01 17:30:00,Getafe,Celta Vigo,0,0,0.499866,0.256881,0.499866,0.256881,13.958333333333334,12.071428571428571,1,1
ESP-La Liga,2526,2026-02-01 15:15:00,Real Betis,Valencia,2,1,2.16883,1.88674,1.42556,1.14346,8.655172413793103,13.222222222222221,3,0
ESP-La Liga,2526,2026-02-01 13:00:00,Real Madrid,Rayo Vallecano,2,1,2.30208,1.06935,1.5588,1.06935,12.0,17.27777777777778,3,0
ESP-La Liga,2526,2026-02-02 20:00:00,Mallorca,Sevilla,4,1,3.04346,1.24318,2.30018,1.24318,9.272727272727273,5.590909090909091,3,0
ESP-La Liga,2526,2026-02-06 20:00:00,Celta Vigo,Osasuna,1,2,2.0351,1.00253,1.29182,1.00253,21.0,16.45,0,3
ESP-La Liga,2526,2026-02-07 15:15:00,Barcelona,Mallorca,3,0,2.48168,1.01087,2.48168,1.01087,7.588235294117647,17.333333333333332,3,0
ESP-La Liga,2526,2026-02-07 20:00:00,Real Sociedad,Elche,3,1,1.7719,1.08664,1.7719,1.08664,12.407407407407407,7.9523809523809526,3,0
ESP-La Liga,2526,2026-02-08 13:00:00,Alaves,Getafe,0,2,3.01162,1.7859,3.01162,1.04262,4.068965517241379,5.534883720930233,0,3
ESP-La Liga,2526,2026-02-08 15:15:00,Athletic Club,Levante,4,2,2.77377,0.615311,2.77377,0.615311,8.548387096774194,15.944444444444445,3,0
ESP-La Liga,2526,2026-02-08 17:30:00,Atletico Madrid,Real Betis,0,1,0.625525,0.839838,0.625525,0.839838,12.11111111111111,85.0,0,3
ESP-La Liga,2526,2026-02-08 15:15:00,Sevilla,Girona,1,1,0.958247,2.60199,0.958247,1.85871,12.0,7.892857142857143,1,1
ESP-La Liga,2526,2026-02-08 20:00:00,Valencia,Real Madrid,0,2,0.571838,1.04576,0.571838,1.04576,16.125,9.65,0,3
ESP-La Liga,2526,2026-02-09 20:00:00,Villarreal,Espanyol,4,1,1.53925,0.744747,1.53925,0.744747,11.434782608695652,12.416666666666666,3,0
ESP-La Liga,2526,2026-02-13 20:00:00,Elche,Osasuna,0,0,2.33332,0.81264,2.33332,0.81264,5.954545454545454,8.607142857142858,1,1
ESP-La Liga,2526,2026-02-14 13:00:00,Espanyol,Celta Vigo,2,2,1.16112,2.81494,1.16112,2.81494,13.863636363636363,17.071428571428573,1,1
ESP-La Liga,2526,2026-02-14 15:15:00,Getafe,Villarreal,2,1,1.61761,0.969388,0.874337,0.969388,4.975609756097561,6.0,3,0
ESP-La Liga,2526,2026-02-14 20:00:00,Real Madrid,Real Sociedad,4,1,3.05918,1.66018,1.57262,0.91703,15.545454545454545,17.263157894736842,3,0
ESP-La Liga,2526,2026-02-14 17:30:00,Sevilla,Alaves,1,1,0.354256,1.38983,0.354256,1.38983,11.91304347826087,4.888888888888889,1,1
ESP-La Liga,2526,2026-02-15 17:30:00,Levante,Valencia,0,2,1.45737,0.743814,1.45737,0.743814,11.285714285714286,14.411764705882353,0,3
ESP-La Liga,2526,2026-02-15 20:00:00,Mallorca,Real Betis,1,2,0.731317,2.04841,0.731317,2.04841,9.142857142857142,50.857142857142854,0,3
ESP-La Liga,2526,2026-02-15 15:15:00,Rayo Vallecano,Atletico Madrid,3,0,2.75329,0.752854,2.75329,0.752854,12.958333333333334,11.473684210526315,3,0
ESP-La Liga,2526,2026-02-15 13:00:00,Real Oviedo,Athletic Club,1,2,0.861013,1.20566,0.861013,0.462511,8.333333333333334,7.771428571428571,0,3
ESP-La Liga,2526,2026-02-16 20:00:00,Girona,Barcelona,2,1,2.8897,2.69655,2.8897,1.95328,22.88235294117647,7.833333333333333,3,0
ESP-La Liga,2526,2026-02-18 19:00:00,Levante,Villarreal,0,1,0.774339,2.40024,0.774339,2.40024,8.80952380952381,9.875,0,3
ESP-La Liga,2526,2026-02-20 20:00:00,Athletic Club,Elche,2,1,3.38352,0.783583,2.64024,0.0403051,7.135135135135135,10.277777777777779,3,0
ESP-La Liga,2526,2026-02-21 20:00:00,Atletico Madrid,Espanyol,4,2,3.28587,1.04114,3.28587,1.04114,9.64,22.0,3,0
ESP-La Liga,2526,2026-02-21 17:30:00,Osasuna,Real Madrid,2,1,2.31248,2.02307,1.5692,2.02307,18.176470588235293,8.95,3,0
ESP-La Liga,2526,2026-02-21 15:15:00,Real Betis,Rayo Vallecano,1,1,2.13548,1.30345,2.13548,1.30345,14.55,9.434782608695652,1,1
ESP-La Liga,2526,2026-02-21 13:00:00,Real Sociedad,Real Oviedo,3,3,2.77486,1.75088,2.77486,1.75088,6.125,10.15625,1,1
ESP-La Liga,2526,2026-02-22 15:15:00,Barcelona,Levante,3,0,4.24402,0.602552,4.24402,0.602552,6.956521739130435,23.555555555555557,3,0
ESP-La Liga,2526,2026-02-22 17:30:00,Celta Vigo,Mallorca,2,0,2.93904,0.0207331,2.19577,0.0207331,9.52,24.0,3,0
ESP-La Liga,2526,2026-02-22 13:00:00,Getafe,Sevilla,0,1,0.250539,0.283172,0.250539,0.283172,38.22222222222222,2.96875,0,3
ESP-La Liga,2526,2026-02-22 20:00:00,Villarreal,Valencia,2,1,2.38144,1.91256,1.63817,1.16929,19.428571428571427,7.782608695652174,3,0
ESP-La Liga,2526,2026-02-23 20:00:00,Alaves,Girona,2,2,2.1366,2.05717,2.1366,2.05717,8.483870967741936,10.23076923076923,1,1
ESP-La Liga,2526,2026-02-27 20:00:00,Levante,Alaves,2,0,2.77253,1.29855,2.77253,1.29855,7.9,8.833333333333334,3,0
ESP-La Liga,2526,2026-02-28 15:15:00,Barcelona,Villarreal,4,1,3.54743,1.36182,3.54743,1.36182,4.358974358974359,26.125,3,0
ESP-La Liga,2526,2026-02-28 17:30:00,Mallorca,Real Sociedad,0,1,0.754182,0.929702,0.754182,0.929702,27.0,9.5,0,3
ESP-La Liga,2526,2026-02-28 13:00:00,Rayo Vallecano,Athletic Club,1,1,1.35951,0.428457,1.35951,0.428457,7.9411764705882355,6.291666666666667,1,1
ESP-La Liga,2526,2026-02-28 20:00:00,Real Oviedo,Atletico Madrid,0,1,1.50089,0.853142,1.50089,0.853142,15.952380952380953,12.058823529411764,0,3
ESP-La Liga,2526,2026-03-01 13:00:00,Elche,Espanyol,2,2,1.82376,0.834858,1.08048,0.834858,6.352941176470588,16.772727272727273,1,1
ESP-La Liga,2526,2026-03-01 20:00:00,Girona,Celta Vigo,1,2,1.57036,0.697106,1.57036,0.697106,17.0,17.58823529411765,0,3
ESP-La Liga,2526,2026-03-01 17:30:00,Real Betis,Sevilla,2,2,1.48441,0.656164,1.48441,0.656164,13.115384615384615,16.333333333333332,1,1
ESP-La Liga,2526,2026-03-01 15:15:00,Valencia,Osasuna,1,0,1.31076,0.259132,0.567484,0.259132,9.208333333333334,10.142857142857142,3,0
ESP-La Liga,2526,2026-03-02 20:00:00,Real Madrid,Getafe,0,1,2.02274,0.476324,2.02274,0.476324,4.368421052631579,16.166666666666668,0,3
ESP-La Liga,2526,2026-03-04 18:00:00,Rayo Vallecano,Real Oviedo,3,0,2.55086,1.01052,1.80758,1.01052,9.041666666666666,9.043478260869565,3,0
ESP-La Liga,2526,2026-03-06 20:00:00,Celta Vigo,Real Madrid,1,2,0.910298,0.637644,0.910298,0.637644,36.72727272727273,11.178571428571429,0,3
ESP-La Liga,2526,2026-03-07 20:00:00,Athletic Club,Barcelona,0,1,1.04698,0.560009,1.04698,0.560009,16.821428571428573,8.9375,0,3
ESP-La Liga,2526,2026-03-07 17:30:00,Atletico Madrid,Real Sociedad,3,2,3.57972,0.313932,3.57972,0.313932,11.434782608695652,12.8125,3,0
ESP-La Liga,2526,2026-03-07 15:15:00,Levante,Girona,1,1,0.819009,1.917,0.819009,1.917,11.869565217391305,9.052631578947368,1,1
ESP-La Liga,2526,2026-03-07 13:00:00,Osasuna,Mallorca,2,2,3.09031,1.03165,3.09031,1.03165,12.05,13.25,1,1
ESP-La Liga,2526,2026-03-08 15:15:00,Getafe,Real Betis,2,0,0.821088,1.24912,0.821088,1.24912,18.05263157894737,4.882352941176471,3,0
ESP-La Liga,2526,2026-03-08 17:30:00,Sevilla,Rayo Vallecano,1,1,1.14573,0.211673,1.14573,0.211673,10.5,5.142857142857143,1,1
ESP-La Liga,2526,2026-03-08 20:00:00,Valencia,Alaves,3,2,2.51657,1.60795,1.77329,0.864674,9.894736842105264,11.12,3,0
ESP-La Liga,2526,2026-03-08 13:00:00,Villarreal,Elche,2,1,2.30632,1.62051,2.30632,1.62051,17.526315789473685,6.071428571428571,3,0
ESP-La Liga,2526,2026-03-09 20:00:00,Espanyol,Real Oviedo,1,1,1.55092,0.886689,1.55092,0.886689,5.5,13.80952380952381,1,1
ESP-La Liga,2526,2026-03-13 20:00:00,Alaves,Villarreal,1,1,0.287232,0.873846,0.287232,0.873846,6.758620689655173,8.4,1,1
ESP-La Liga,2526,2026-03-14 15:15:00,Atletico Madrid,Getafe,1,0,2.14469,1.58248,2.14469,1.58248,4.357142857142857,13.16,3,0
ESP-La Liga,2526,2026-03-14 13:00:00,Girona,Athletic Club,3,0,2.19442,1.97271,2.19442,1.97271,19.066666666666666,9.181818181818182,3,0
ESP-La Liga,2526,2026-03-14 20:00:00,Real Madrid,Elche,4,1,1.72531,1.3711,1.72531,1.3711,13.863636363636363,8.7,3,0
ESP-La Liga,2526,2026-03-14 17:30:00,Real Oviedo,Valencia,1,0,1.8648,0.486871,1.8648,0.486871,12.409090909090908,11.8125,3,0
ESP-La Liga,2526,2026-03-15 15:15:00,Barcelona,Sevilla,5,2,3.8639,1.04304,2.37734,1.04304,9.958333333333334,17.48,3,0
ESP-La Liga,2526,2026-03-15 13:00:00,Mallorca,Espanyol,2,1,2.1497,1.35243,2.1497,1.35243,5.761904761904762,18.705882352941178,3,0
ESP-La Liga,2526,2026-03-15 17:30:00,Real Betis,Celta Vigo,1,1,1.87752,0.646702,1.87752,0.646702,15.0,12.55,1,1
ESP-La Liga,2526,2026-03-15 20:00:00,Real Sociedad,Osasuna,3,1,2.91429,0.615126,2.17101,0.615126,7.0,13.318181818181818,3,0
ESP-La Liga,2526,2026-03-16 20:00:00,Rayo Vallecano,Levante,1,1,1.68134,1.45599,1.68134,1.45599,9.88888888888889,12.823529411764707,1,1
ESP-La Liga,2526,2026-03-20 20:00:00,Villarreal,Real Sociedad,3,1,3.35586,0.894953,3.35586,0.894953,36.0,9.24,3,0
ESP-La Liga,2526,2026-03-21 13:00:00,Elche,Mallorca,2,1,1.51605,1.51939,1.51605,0.776109,6.464285714285714,9.045454545454545,3,0
ESP-La Liga,2526,2026-03-21 15:15:00,Espanyol,Getafe,1,2,1.51208,2.06384,1.51208,2.06384,4.25,8.7,0,3
ESP-La Liga,2526,2026-03-21 17:30:00,Levante,Real Oviedo,4,2,2.92669,1.33569,2.92669,0.59241,8.303030303030303,5.24,3,0
ESP-La Liga,2526,2026-03-21 17:30:00,Osasuna,Girona,1,0,2.26232,0.232115,2.26232,0.232115,10.777777777777779,11.64,3,0
ESP-La Liga,2526,2026-03-21 20:00:00,Sevilla,Valencia,0,2,0.505411,1.7133,0.505411,1.7133,8.4,20.923076923076923,0,3
ESP-La Liga,2526,2026-03-22 17:30:00,Athletic Club,Real Betis,2,1,1.92715,0.591202,1.92715,0.591202,15.538461538461538,10.666666666666666,3,0
ESP-La Liga,2526,2026-03-22 13:00:00,Barcelona,Rayo Vallecano,1,0,1.92205,2.19631,1.92205,2.19631,3.902439024390244,12.192307692307692,3,0
ESP-La Liga,2526,2026-03-22 15:15:00,Celta Vigo,Alaves,3,4,1.70969,1.67221,1.70969,1.67221,9.142857142857142,12.043478260869565,0,3
ESP-La Liga,2526,2026-03-22 20:00:00,Real Madrid,Atletico Madrid,3,2,2.96605,1.40234,2.22277,1.40234,20.76923076923077,18.0,3,0
ESP-La Liga,2526,2026-04-03 19:00:00,Rayo Vallecano,Elche,1,0,1.51493,0.601974,1.51493,0.601974,4.214285714285714,12.588235294117647,3,0
ESP-La Liga,2526,2026-04-04 19:00:00,Atletico Madrid,Barcelona,1,2,0.919286,2.68584,0.919286,2.68584,16.36842105263158,10.526315789473685,0,3
ESP-La Liga,2526,2026-04-04 14:15:00,Mallorca,Real Madrid,2,1,1.03875,1.51454,1.03875,1.51454,13.565217391304348,9.11111111111111,3,0
ESP-La Liga,2526,2026-04-04 16:30:00,Real Betis,Espanyol,0,0,2.00215,0.144091,2.00215,0.144091,5.375,27.714285714285715,1,1
ESP-La Liga,2526,2026-04-04 12:00:00,Real Sociedad,Levante,2,0,2.96404,0.320219,2.96404,0.320219,9.0,11.2,3,0
ESP-La Liga,2526,2026-04-05 19:00:00,Alaves,Osasuna,2,2,1.65967,1.61149,0.916391,0.868217,24.5,9.947368421052632,1,1
ESP-La Liga,2526,2026-04-05 12:00:00,Getafe,Athletic Club,2,0,1.96345,0.524379,1.96345,0.524379,13.272727272727273,4.65,3,0
ESP-La Liga,2526,2026-04-05 16:30:00,Real Oviedo,Sevilla,1,0,0.785105,0.840736,0.785105,0.840736,8.2,14.095238095238095,3,0
ESP-La Liga,2526,2026-04-05 14:15:00,Valencia,Celta Vigo,2,3,0.720964,1.457,0.720964,1.457,13.473684210526315,7.875,0,3
ESP-La Liga,2526,2026-04-06 19:00:00,Girona,Villarreal,1,0,0.653493,0.443518,0.653493,0.443518,13.210526315789474,12.666666666666666,3,0
ESP-La Liga,2526,2026-04-10 19:00:00,Real Madrid,Girona,1,1,1.98086,0.46667,1.98086,0.46667,10.6,20.5,1,1
ESP-La Liga,2526,2026-04-11 16:30:00,Barcelona,Espanyol,4,1,3.30789,1.13134,3.30789,1.13134,4.791666666666667,15.515151515151516,3,0
ESP-La Liga,2526,2026-04-11 14:15:00,Elche,Valencia,1,0,1.03489,2.76889,1.03489,2.76889,7.16,7.9655172413793105,3,0
ESP-La Liga,2526,2026-04-11 12:00:00,Real Sociedad,Alaves,3,3,1.295,1.206,1.295,1.206,9.818181818181818,11.5,1,1
ESP-La Liga,2526,2026-04-11 19:00:00,Sevilla,Atletico Madrid,2,1,1.6578,0.855474,0.91452,0.855474,20.41176470588235,7.333333333333333,3,0
ESP-La Liga,2526,2026-04-12 19:00:00,Athletic Club,Villarreal,1,2,1.31935,1.55144,1.31935,1.55144,6.966666666666667,18.9375,0,3
ESP-La Liga,2526,2026-04-12 16:30:00,Celta Vigo,Real Oviedo,0,3,1.15878,2.12846,1.15878,2.12846,6.285714285714286,18.0,0,3
ESP-La Liga,2526,2026-04-12 14:15:00,Mallorca,Rayo Vallecano,3,0,2.54659,1.97051,2.54659,1.97051,10.44,10.944444444444445,3,0
ESP-La Liga,2526,2026-04-12 12:00:00,Osasuna,Real Betis,1,1,1.52928,0.411183,0.786005,0.411183,10.807692307692308,17.5,1,1
ESP-La Liga,2526,2026-04-13 19:00:00,Levante,Getafe,1,0,3.32797,0.290983,1.84141,0.290983,4.9,7.275862068965517,3,0
ESP-La Liga,2526,2026-04-21 18:00:00,Athletic Club,Osasuna,1,0,0.49013,1.39553,0.49013,0.65225,12.96551724137931,8.65,3,0
ESP-La Liga,2526,2026-04-21 19:30:00,Girona,Real Betis,2,3,1.72891,1.24954,0.985634,1.24954,15.210526315789474,10.633333333333333,0,3
ESP-La Liga,2526,2026-04-21 18:00:00,Mallorca,Valencia,1,1,2.24468,1.39393,2.24468,1.39393,9.454545454545455,15.722222222222221,1,1
ESP-La Liga,2526,2026-04-21 19:30:00,Real Madrid,Alaves,2,1,1.504,1.62967,1.504,1.62967,10.578947368421053,14.391304347826088,3,0
ESP-La Liga,2526,2026-04-22 19:30:00,Barcelona,Celta Vigo,1,0,1.54451,1.07392,0.801228,1.07392,9.678571428571429,14.689655172413794,3,0
ESP-La Liga,2526,2026-04-22 17:00:00,Elche,Atletico Madrid,3,2,3.62854,0.846836,2.88526,0.846836,6.041666666666667,12.571428571428571,3,0
ESP-La Liga,2526,2026-04-22 18:00:00,Real Sociedad,Getafe,0,1,1.90157,0.215233,1.15829,0.215233,3.1923076923076925,14.631578947368421,0,3
ESP-La Liga,2526,2026-04-23 17:00:00,Levante,Sevilla,2,0,1.2081,0.444478,1.2081,0.444478,9.62962962962963,9.6,3,0
ESP-La Liga,2526,2026-04-23 18:00:00,Rayo Vallecano,Espanyol,1,0,2.06977,1.68535,2.06977,0.942201,12.5,6.225806451612903,3,0
ESP-La Liga,2526,2026-04-23 19:30:00,Real Oviedo,Villarreal,1,1,2.52849,3.25021,2.52849,1.76366,7.135135135135135,18.157894736842106,1,1
ESP-La Liga,2526,2026-04-24 19:00:00,Real Betis,Real Madrid,1,1,1.01953,1.09576,1.01953,1.09576,17.5,17.57894736842105,1,1
ESP-La Liga,2526,2026-04-25 12:00:00,Alaves,Mallorca,2,1,1.40767,0.221499,1.40767,0.221499,11.541666666666666,11.75,3,0
ESP-La Liga,2526,2026-04-25 19:00:00,Atletico Madrid,Athletic Club,3,2,2.47955,0.970599,2.47955,0.970599,15.11111111111111,16.565217391304348,3,0
ESP-La Liga,2526,2026-04-25 14:15:00,Getafe,Barcelona,0,2,0.607664,2.05171,0.607664,2.05171,16.12,4.533333333333333,0,3
ESP-La Liga,2526,2026-04-25 16:30:00,Valencia,Girona,2,1,2.31263,1.38799,2.31263,1.38799,9.93939393939394,8.5,3,0
ESP-La Liga,2526,2026-04-26 16:30:00,Osasuna,Sevilla,2,1,2.14254,0.553816,2.14254,0.553816,10.214285714285714,14.1,3,0
ESP-La Liga,2526,2026-04-26 12:00:00,Rayo Vallecano,Real Sociedad,3,3,3.18496,2.39684,3.18496,1.65356,5.0,9.666666666666666,1,1
ESP-La Liga,2526,2026-04-26 14:15:00,Real Oviedo,Elche,1,2,0.772271,0.621829,0.772271,0.621829,5.296296296296297,13.6,0,3
ESP-La Liga,2526,2026-04-26 19:00:00,Villarreal,Celta Vigo,2,1,2.409,2.05297,1.66572,1.30969,16.941176470588236,12.5,3,0
ESP-La Liga,2526,2026-04-27 19:00:00,Espanyol,Levante,0,0,0.853225,1.38559,0.853225,1.38559,8.875,9.583333333333334,1,1
ESP-La Liga,2526,2026-05-01 19:00:00,Girona,Mallorca,0,1,1.77655,1.30537,1.77655,1.30537,17.454545454545453,8.516129032258064,0,3
ESP-La Liga,2526,2026-05-02 16:30:00,Alaves,Athletic Club,2,4,0.613172,0.895921,0.613172,0.895921,11.526315789473685,6.5,0,3
ESP-La Liga,2526,2026-05-02 19:00:00,Osasuna,Barcelona,1,2,1.28813,1.56763,1.28813,1.56763,23.571428571428573,4.92,0,3
ESP-La Liga,2526,2026-05-02 14:15:00,Valencia,Atletico Madrid,0,2,0.778471,1.80568,0.778471,1.80568,9.076923076923077,11.0,0,3
ESP-La Liga,2526,2026-05-02 12:00:00,Villarreal,Levante,5,1,2.47953,0.801231,2.47953,0.801231,10.28125,20.4375,3,0
ESP-La Liga,2526,2026-05-03 12:00:00,Celta Vigo,Elche,3,1,1.4443,1.64767,1.4443,0.904389,11.206896551724139,6.0,3,0
ESP-La Liga,2526,2026-05-03 19:00:00,Espanyol,Real Madrid,0,2,1.09007,1.5023,1.09007,1.5023,22.36842105263158,6.111111111111111,0,3
ESP-La Liga,2526,2026-05-03 14:15:00,Getafe,Rayo Vallecano,0,2,1.35219,0.954171,0.597525,0.954171,5.125,3.588235294117647,0,3
ESP-La Liga,2526,2026-05-03 16:30:00,Real Betis,Real Oviedo,3,0,1.86882,1.14971,1.86882,1.14971,9.892857142857142,15.941176470588236,3,0
ESP-La Liga,2526,2026-05-04 19:00:00,Sevilla,Real Sociedad,1,0,1.32018,0.166837,1.32018,0.166837,9.580645161290322,11.647058823529411,3,0
ESP-La Liga,2526,2026-05-08 19:00:00,Levante,Osasuna,3,2,3.53052,0.500111,3.53052,0.500111,7.904761904761905,25.333333333333332,3,0
ESP-La Liga,2526,2026-05-09 16:30:00,Atletico Madrid,Celta Vigo,0,1,2.78506,0.292392,2.78506,0.292392,12.4,20.066666666666666,0,3
ESP-La Liga,2526,2026-05-09 12:00:00,Elche,Alaves,1,1,2.08849,2.45633,2.08849,1.71305,4.64,15.6,1,1
ESP-La Liga,2526,2026-05-09 19:00:00,Real Sociedad,Real Betis,2,2,2.66557,1.78903,1.92229,1.78903,8.73913043478261,25.4375,1,1
ESP-La Liga,2526,2026-05-09 14:15:00,Sevilla,Espanyol,2,1,1.41747,0.402373,1.41747,0.402373,3.310344827586207,9.625,3,0
ESP-La Liga,2526,2026-05-10 14:15:00,Athletic Club,Valencia,0,1,0.935199,1.49759,0.935199,0.754312,10.380952380952381,12.235294117647058,0,3
ESP-La Liga,2526,2026-05-10 19:00:00,Barcelona,Real Madrid,2,0,1.72002,0.562101,1.72002,0.562101,11.565217391304348,29.076923076923077,3,0
ESP-La Liga,2526,2026-05-10 12:00:00,Mallorca,Villarreal,1,1,1.54058,0.9943,1.54058,0.251022,8.166666666666666,21.083333333333332,1,1
ESP-La Liga,2526,2026-05-10 16:30:00,Real Oviedo,Getafe,0,0,0.570226,1.40609,0.570226,1.40609,8.826086956521738,6.357142857142857,1,1
ESP-La Liga,2526,2026-05-11 19:00:00,Rayo Vallecano,Girona,1,1,1.79488,1.12895,1.79488,1.12895,7.68,18.6875,1,1
ESP-La Liga,2526,2026-05-12 17:00:00,Celta Vigo,Levante,2,3,1.92053,1.52943,1.92053,1.52943,15.615384615384615,22.2,0,3
ESP-La Liga,2526,2026-05-12 19:30:00,Osasuna,Atletico Madrid,1,2,2.41049,1.8226,2.41049,1.07932,8.52,16.0,0,3
ESP-La Liga,2526,2026-05-12 18:00:00,Real Betis,Elche,2,1,1.97559,0.342743,1.97559,0.342743,11.392857142857142,10.958333333333334,3,0
ESP-La Liga,2526,2026-05-13 19:30:00,Alaves,Barcelona,1,0,0.95347,0.356356,0.95347,0.356356,17.347826086956523,3.625,3,0
ESP-La Liga,2526,2026-05-13 17:00:00,Espanyol,Athletic Club,2,0,0.8471,0.886467,0.8471,0.886467,6.35,12.12,3,0
ESP-La Liga,2526,2026-05-13 19:30:00,Getafe,Mallorca,3,1,1.82108,0.412059,1.82108,0.412059,11.961538461538462,8.941176470588236,3,0
ESP-La Liga,2526,2026-05-13 17:00:00,Villarreal,Sevilla,2,3,0.952333,0.917489,0.952333,0.917489,10.88888888888889,18.0,0,3
ESP-La Liga,2526,2026-05-14 18:00:00,Girona,Real Sociedad,1,1,2.68586,0.553216,2.68586,0.553216,9.884615384615385,9.9,1,1
ESP-La Liga,2526,2026-05-14 19:30:00,Real Madrid,Real Oviedo,2,0,1.74088,1.18679,1.74088,1.18679,12.222222222222221,19.27777777777778,3,0
ESP-La Liga,2526,2026-05-14 17:00:00,Valencia,Rayo Vallecano,1,1,0.938336,1.53041,0.938336,0.787128,10.045454545454545,6.378378378378378,1,1
ESP-La Liga,2526,2026-05-17 17:00:00,Athletic Club,Celta Vigo,1,1,2.90368,0.307867,2.90368,0.307867,7.194444444444445,10.0,1,1
ESP-La Liga,2526,2026-05-17 17:00:00,Atletico Madrid,Girona,1,0,2.70772,2.0015,2.70772,2.0015,9.5,13.68421052631579,3,0
ESP-La Liga,2526,2026-05-17 17:00:00,Barcelona,Real Betis,3,1,1.59946,0.985477,1.59946,0.2422,13.555555555555555,19.47826086956522,3,0
ESP-La Liga,2526,2026-05-17 17:00:00,Elche,Getafe,1,0,0.691836,0.0944069,0.691836,0.0944069,4.703703703703703,15.375,3,0
ESP-La Liga,2526,2026-05-17 17:00:00,Levante,Mallorca,2,0,2.43681,0.438978,1.66777,0.438978,15.545454545454545,5.684210526315789,3,0
ESP-La Liga,2526,2026-05-17 17:00:00,Osasuna,Espanyol,1,2,1.81152,0.947142,1.81152,0.947142,7.9375,20.6,0,3
ESP-La Liga,2526,2026-05-17 17:00:00,Rayo Vallecano,Villarreal,2,0,1.92496,0.654975,1.92496,0.654975,9.44,12.545454545454545,3,0
ESP-La Liga,2526,2026-05-17 17:00:00,Real Oviedo,Alaves,0,1,0.631265,1.28286,0.631265,1.28286,6.888888888888889,15.5,0,3
ESP-La Liga,2526,2026-05-17 17:00:00,Real Sociedad,Valencia,3,4,1.30267,1.99329,1.30267,1.99329,7.290322580645161,13.85,0,3
ESP-La Liga,2526,2026-05-17 17:00:00,Sevilla,Real Madrid,0,1,0.683481,1.47378,0.683481,1.47378,9.25,7.7272727272727275,0,3
ESP-La Liga,2526,2026-05-23 19:00:00,Alaves,Rayo Vallecano,1,2,1.72468,1.64691,1.72468,1.64691,12.31578947368421,6.8076923076923075,0,3
ESP-La Liga,2526,2026-05-23 19:00:00,Celta Vigo,Sevilla,1,0,1.61801,0.755735,1.61801,0.755735,12.45,8.894736842105264,3,0
ESP-La Liga,2526,2026-05-23 19:00:00,Espanyol,Real Sociedad,1,1,2.14307,1.23238,2.14307,1.23238,12.55,8.35483870967742,1,1
ESP-La Liga,2526,2026-05-23 19:00:00,Getafe,Osasuna,1,0,0.264137,0.800038,0.264137,0.800038,5.352941176470588,6.5,3,0
ESP-La Liga,2526,2026-05-23 19:00:00,Girona,Elche,1,1,0.668034,0.495408,0.668034,0.495408,7.5,7.333333333333333,1,1
ESP-La Liga,2526,2026-05-23 19:00:00,Mallorca,Real Oviedo,3,0,3.50774,0.243154,3.50774,0.243154,8.0,20.666666666666668,3,0
ESP-La Liga,2526,2026-05-23 19:00:00,Real Betis,Levante,2,1,1.8664,2.36717,1.8664,2.36717,14.666666666666666,16.576923076923077,3,0
ESP-La Liga,2526,2026-05-23 19:00:00,Real Madrid,Athletic Club,4,2,1.95397,1.4543,1.95397,1.4543,12.2,18.4,3,0
ESP-La Liga,2526,2026-05-23 19:00:00,Valencia,Barcelona,3,1,1.83367,1.29336,1.83367,1.29336,20.272727272727273,6.466666666666667,3,0
ESP-La Liga,2526,2026-05-24 19:00:00,Villarreal,Atletico Madrid,5,1,2.80441,1.58431,2.06113,1.58431,31.333333333333332,11.791666666666666,3,0
FRA-Ligue 1,2526,2025-08-15 18:45:00,Rennes,Marseille,1,0,1.31418,2.07298,1.31418,2.07298,38.55555555555556,6.666666666666667,3,0
FRA-Ligue 1,2526,2025-08-16 15:00:00,Lens,Lyon,0,1,1.87447,1.615,1.87447,1.615,8.12,7.633333333333334,0,3
FRA-Ligue 1,2526,2025-08-16 17:00:00,Monaco,Le Havre,3,1,1.88048,0.427494,1.88048,0.427494,7.444444444444445,16.12,3,0
FRA-Ligue 1,2526,2025-08-16 19:05:00,Nice,Toulouse,0,1,0.95554,0.56945,0.95554,0.56945,11.210526315789474,14.31578947368421,0,3
FRA-Ligue 1,2526,2025-08-17 15:15:00,Angers,Paris FC,1,0,0.82142,0.71125,0.82142,0.71125,22.1875,8.764705882352942,3,0
FRA-Ligue 1,2526,2025-08-17 15:15:00,Auxerre,Lorient,1,0,1.4925,1.84516,0.732401,1.84516,9.903225806451612,11.2,3,0
FRA-Ligue 1,2526,2025-08-17 13:00:00,Brest,Lille,3,3,1.49573,1.84218,1.49573,1.84218,8.586206896551724,11.31578947368421,1,1
FRA-Ligue 1,2526,2025-08-17 15:15:00,Metz,Strasbourg,0,1,0.184483,0.731013,0.184483,0.731013,16.08695652173913,6.611111111111111,0,3
FRA-Ligue 1,2526,2025-08-17 18:45:00,Nantes,Paris Saint Germain,0,1,0.124428,1.35682,0.124428,1.35682,35.375,10.0,0,3
FRA-Ligue 1,2526,2025-08-22 18:45:00,Paris Saint Germain,Angers,1,0,2.0878,0.176876,1.32771,0.176876,5.04,25.818181818181817,3,0
FRA-Ligue 1,2526,2025-08-23 19:05:00,Lyon,Metz,3,0,2.35479,0.504863,2.35479,0.504863,18.555555555555557,17.636363636363637,3,0
FRA-Ligue 1,2526,2025-08-23 15:00:00,Marseille,Paris FC,5,2,3.337,1.05457,1.81681,1.05457,16.055555555555557,25.9375,3,0
FRA-Ligue 1,2526,2025-08-23 17:00:00,Nice,Auxerre,3,1,2.66284,2.24407,2.66284,2.24407,10.619047619047619,11.76923076923077,3,0
FRA-Ligue 1,2526,2025-08-24 15:15:00,Le Havre,Lens,1,2,2.0398,1.29098,2.0398,0.530884,7.514285714285714,15.1,0,3
FRA-Ligue 1,2526,2025-08-24 18:45:00,Lille,Monaco,1,0,2.41091,1.52213,1.65081,1.52213,10.565217391304348,8.0,3,0
FRA-Ligue 1,2526,2025-08-24 13:00:00,Lorient,Rennes,4,0,3.4466,0.0728372,3.4466,0.0728372,9.151515151515152,15.076923076923077,3,0
FRA-Ligue 1,2526,2025-08-24 15:15:00,Strasbourg,Nantes,1,0,1.81743,0.425423,1.81743,0.425423,9.848484848484848,16.9375,3,0
FRA-Ligue 1,2526,2025-08-24 15:15:00,Toulouse,Brest,2,0,1.32432,0.750148,1.32432,0.750148,9.538461538461538,9.32,3,0
FRA-Ligue 1,2526,2025-08-29 18:45:00,Lens,Brest,3,1,4.42054,0.963409,3.66045,0.963409,8.222222222222221,18.294117647058822,3,0
FRA-Ligue 1,2526,2025-08-30 15:00:00,Lorient,Lille,1,7,1.1603,3.70255,0.245616,3.70255,20.933333333333334,5.828571428571428,0,3
FRA-Ligue 1,2526,2025-08-30 17:00:00,Nantes,Auxerre,1,0,0.418091,1.10996,0.418091,1.10996,12.428571428571429,9.44,3,0
FRA-Ligue 1,2526,2025-08-30 19:05:00,Toulouse,Paris Saint Germain,3,6,2.33006,2.49609,1.56997,0.975901,35.9375,7.0,0,3
FRA-Ligue 1,2526,2025-08-31 13:00:00,Angers,Rennes,1,1,1.58619,1.73758,1.58619,1.73758,35.666666666666664,10.615384615384615,1,1
FRA-Ligue 1,2526,2025-08-31 15:15:00,Le Havre,Nice,3,1,1.75553,0.715595,1.75553,0.715595,19.0,7.703703703703703,3,0
FRA-Ligue 1,2526,2025-08-31 18:45:00,Lyon,Marseille,1,0,3.15727,0.896862,3.15727,0.896862,9.476190476190476,17.454545454545453,3,0
FRA-Ligue 1,2526,2025-08-31 15:15:00,Monaco,Strasbourg,3,2,2.35547,1.7732,2.35547,1.01311,9.424242424242424,8.814814814814815,3,0
FRA-Ligue 1,2526,2025-08-31 15:15:00,Paris FC,Metz,3,2,3.39898,1.6248,2.63889,1.6248,27.833333333333332,19.785714285714285,3,0
FRA-Ligue 1,2526,2025-09-12 18:45:00,Marseille,Lorient,4,0,2.83367,0.187377,2.07357,0.187377,6.75,46.857142857142854,3,0
FRA-Ligue 1,2526,2025-09-13 19:05:00,Auxerre,Monaco,1,2,0.904229,1.62646,0.904229,1.62646,13.2,3.9,0,3
FRA-Ligue 1,2526,2025-09-13 15:00:00,Nice,Nantes,1,0,2.34645,0.775945,2.34645,0.775945,9.631578947368421,10.96,3,0
FRA-Ligue 1,2526,2025-09-14 15:15:00,Brest,Paris FC,1,2,2.60519,1.85008,1.8451,1.85008,11.428571428571429,17.928571428571427,0,3
FRA-Ligue 1,2526,2025-09-14 13:00:00,Lille,Toulouse,2,1,2.42116,1.15678,1.66107,1.15678,4.071428571428571,24.571428571428573,3,0
FRA-Ligue 1,2526,2025-09-14 15:15:00,Metz,Angers,1,1,1.76271,1.98184,1.00261,1.22174,14.681818181818182,21.625,1,1
FRA-Ligue 1,2526,2025-09-14 15:15:00,Paris Saint Germain,Lens,2,0,1.05815,1.2242,1.05815,1.2242,11.105263157894736,22.695652173913043,3,0
FRA-Ligue 1,2526,2025-09-14 18:45:00,Rennes,Lyon,3,1,2.20918,1.7381,2.20918,1.7381,7.921052631578948,13.352941176470589,3,0
FRA-Ligue 1,2526,2025-09-14 15:15:00,Strasbourg,Le Havre,1,0,1.43354,0.524832,0.673449,0.524832,19.235294117647058,10.3,3,0
FRA-Ligue 1,2526,2025-09-19 18:45:00,Lyon,Angers,1,0,2.20483,0.677354,2.20483,0.677354,6.133333333333334,24.5625,3,0
FRA-Ligue 1,2526,2025-09-20 17:00:00,Brest,Nice,4,1,2.07376,2.26393,2.07376,2.26393,13.192307692307692,10.7,3,0
FRA-Ligue 1,2526,2025-09-20 19:05:00,Lens,Lille,3,0,3.8174,1.89889,3.8174,1.89889,14.619047619047619,9.2,3,0
FRA-Ligue 1,2526,2025-09-20 15:00:00,Nantes,Rennes,2,2,2.65629,1.44041,1.89619,0.680312,11.115384615384615,12.058823529411764,1,1
FRA-Ligue 1,2526,2025-09-21 15:15:00,Auxerre,Toulouse,1,0,0.883373,1.50957,0.883373,0.749478,14.631578947368421,5.166666666666667,3,0
FRA-Ligue 1,2526,2025-09-21 15:15:00,Le Havre,Lorient,1,1,2.23396,1.26993,1.47387,1.26993,7.896551724137931,16.09090909090909,1,1
FRA-Ligue 1,2526,2025-09-21 15:15:00,Monaco,Metz,5,2,3.497,1.91296,3.497,1.15286,8.28888888888889,16.533333333333335,3,0
FRA-Ligue 1,2526,2025-09-21 13:00:00,Paris FC,Strasbourg,2,3,1.9014,2.46459,1.9014,2.46459,11.782608695652174,30.76923076923077,0,3
FRA-Ligue 1,2526,2025-09-22 18:45:00,Marseille,Paris Saint Germain,1,0,1.77744,0.919565,1.77744,0.919565,16.68,7.809523809523809,3,0
FRA-Ligue 1,2526,2025-09-26 18:45:00,Strasbourg,Marseille,1,2,1.0976,2.00258,1.0976,2.00258,16.15,8.806451612903226,0,3
FRA-Ligue 1,2526,2025-09-27 15:00:00,Lorient,Monaco,3,1,2.09364,0.894035,2.09364,0.13394,46.142857142857146,10.233333333333333,3,0
FRA-Ligue 1,2526,2025-09-27 19:05:00,Paris Saint Germain,Auxerre,2,0,2.11672,0.73132,2.11672,0.73132,4.666666666666667,23.11111111111111,3,0
FRA-Ligue 1,2526,2025-09-27 17:00:00,Toulouse,Nantes,2,2,1.98573,1.8303,1.22563,1.8303,9.971428571428572,14.352941176470589,1,1
FRA-Ligue 1,2526,2025-09-28 15:15:00,Angers,Brest,0,2,0.501827,1.34192,0.501827,0.581821,12.0625,10.958333333333334,0,3
FRA-Ligue 1,2526,2025-09-28 15:15:00,Lille,Lyon,0,1,1.65271,0.642572,1.65271,0.642572,7.064516129032258,8.625,0,3
FRA-Ligue 1,2526,2025-09-28 15:15:00,Metz,Le Havre,0,0,0.39939,0.395921,0.39939,0.395921,9.541666666666666,11.791666666666666,1,1
FRA-Ligue 1,2526,2025-09-28 13:00:00,Nice,Paris FC,1,1,1.36997,1.49444,1.36997,0.734345,13.36,11.789473684210526,1,1
FRA-Ligue 1,2526,2025-09-28 18:45:00,Rennes,Lens,0,0,1.57438,1.51932,1.57438,1.51932,4.84,9.583333333333334,1,1
FRA-Ligue 1,2526,2025-10-03 18:45:00,Paris FC,Lorient,2,0,1.83687,0.855852,1.83687,0.855852,10.214285714285714,17.75,3,0
FRA-Ligue 1,2526,2025-10-04 19:05:00,Auxerre,Lens,1,2,1.27422,0.471027,1.27422,0.471027,8.193548387096774,10.576923076923077,0,3
FRA-Ligue 1,2526,2025-10-04 17:00:00,Brest,Nantes,0,0,1.44552,0.489862,1.44552,0.489862,9.666666666666666,11.5,1,1
FRA-Ligue 1,2526,2025-10-04 15:00:00,Metz,Marseille,0,3,0.1529,2.67719,0.1529,2.67719,66.83333333333333,11.26086956521739,0,3
FRA-Ligue 1,2526,2025-10-05 15:15:00,Le Havre,Rennes,2,2,1.98097,1.21285,1.22087,1.21285,11.038461538461538,10.291666666666666,1,1
FRA-Ligue 1,2526,2025-10-05 18:45:00,Lille,Paris Saint Germain,1,1,0.647492,1.71207,0.647492,1.71207,14.096774193548388,12.9375,1,1
FRA-Ligue 1,2526,2025-10-05 13:00:00,Lyon,Toulouse,1,2,1.42206,1.36525,1.42206,1.36525,5.285714285714286,13.375,0,3
FRA-Ligue 1,2526,2025-10-05 15:15:00,Monaco,Nice,2,2,2.4556,1.13121,0.935413,0.371112,5.0,21.083333333333332,1,1
FRA-Ligue 1,2526,2025-10-05 15:15:00,Strasbourg,Angers,5,0,4.2783,0.294622,4.2783,0.294622,6.973684210526316,31.166666666666668,3,0
FRA-Ligue 1,2526,2025-10-17 18:45:00,Paris Saint Germain,Strasbourg,3,3,2.85659,1.92082,2.09649,1.92082,6.03030303030303,20.708333333333332,1,1
FRA-Ligue 1,2526,2025-10-18 17:00:00,Angers,Monaco,1,1,1.58102,1.65166,1.58102,1.65166,14.777777777777779,11.952380952380953,1,1
FRA-Ligue 1,2526,2025-10-18 19:05:00,Marseille,Le Havre,6,2,4.20445,0.352985,3.44435,0.352985,6.761904761904762,28.0,3,0
FRA-Ligue 1,2526,2025-10-18 15:00:00,Nice,Lyon,3,2,1.16366,2.89867,1.16366,2.13857,29.1,5.5,3,0
FRA-Ligue 1,2526,2025-10-19 13:00:00,Lens,Paris FC,2,1,1.98018,0.583966,1.22008,0.583966,15.153846153846153,19.3,3,0
FRA-Ligue 1,2526,2025-10-19 15:15:00,Lorient,Brest,3,3,1.5878,1.56803,1.5878,0.807937,17.066666666666666,7.464285714285714,1,1
FRA-Ligue 1,2526,2025-10-19 18:45:00,Nantes,Lille,0,2,0.772603,2.7603,0.772603,2.7603,15.789473684210526,6.96,0,3
FRA-Ligue 1,2526,2025-10-19 15:15:00,Rennes,Auxerre,2,2,1.93587,1.66634,1.93587,0.906242,6.7272727272727275,10.090909090909092,1,1
FRA-Ligue 1,2526,2025-10-19 15:15:00,Toulouse,Metz,4,0,2.73037,0.119104,1.97027,0.119104,16.666666666666668,16.166666666666668,3,0
FRA-Ligue 1,2526,2025-10-24 18:45:00,Paris FC,Nantes,1,2,0.951277,0.916827,0.951277,0.916827,5.655172413793103,23.428571428571427,0,3
FRA-Ligue 1,2526,2025-10-25 15:00:00,Brest,Paris Saint Germain,0,3,1.89257,2.92453,1.13248,2.92453,19.545454545454547,9.1875,0,3
FRA-Ligue 1,2526,2025-10-25 19:05:00,Lens,Marseille,2,1,1.87596,0.765479,1.11586,0.765479,23.789473684210527,7.730769230769231,3,0
FRA-Ligue 1,2526,2025-10-25 17:00:00,Monaco,Toulouse,1,0,3.37276,0.584122,3.37276,0.584122,5.21875,7.5588235294117645,3,0
FRA-Ligue 1,2526,2025-10-26 15:15:00,Angers,Lorient,2,0,1.30397,2.00206,1.30397,1.24196,16.82608695652174,9.62962962962963,3,0
FRA-Ligue 1,2526,2025-10-26 15:15:00,Auxerre,Le Havre,0,1,0.563862,1.52215,0.563862,1.52215,10.409090909090908,9.157894736842104,0,3
FRA-Ligue 1,2526,2025-10-26 13:00:00,Lille,Metz,6,1,3.85054,1.01476,3.85054,1.01476,6.518518518518518,18.733333333333334,3,0
FRA-Ligue 1,2526,2025-10-26 18:45:00,Lyon,Strasbourg,2,1,1.14566,0.798152,0.38556,0.798152,12.2,9.25925925925926,3,0
FRA-Ligue 1,2526,2025-10-26 15:15:00,Rennes,Nice,1,2,1.54435,0.88734,1.54435,0.88734,9.91304347826087,12.181818181818182,0,3
FRA-Ligue 1,2526,2025-10-29 17:00:00,Le Havre,Brest,1,0,0.556063,0.370311,0.556063,0.370311,10.0625,12.4,3,0
FRA-Ligue 1,2526,2025-10-29 17:00:00,Lorient,Paris Saint Germain,1,1,0.192946,1.28813,0.192946,1.28813,34.111111111111114,4.95,1,1
FRA-Ligue 1,2526,2025-10-29 19:05:00,Marseille,Angers,2,2,1.58833,0.996929,1.58833,0.996929,10.678571428571429,38.6,1,1
FRA-Ligue 1,2526,2025-10-29 17:00:00,Metz,Lens,2,0,3.11925,1.23771,2.35916,1.23771,14.619047619047619,10.846153846153847,3,0
FRA-Ligue 1,2526,2025-10-29 19:05:00,Nantes,Monaco,3,5,2.1261,4.10211,2.1261,4.10211,10.458333333333334,7.428571428571429,0,3
FRA-Ligue 1,2526,2025-10-29 17:00:00,Nice,Lille,2,0,1.74459,0.661109,0.984498,0.661109,29.5,7.16,3,0
FRA-Ligue 1,2526,2025-10-29 19:05:00,Paris FC,Lyon,3,3,0.581508,1.21871,0.581508,1.21871,10.1,14.210526315789474,1,1
FRA-Ligue 1,2526,2025-10-29 19:05:00,Strasbourg,Auxerre,3,0,4.10806,0.68695,4.10806,0.68695,7.7407407407407405,18.48148148148148,3,0
FRA-Ligue 1,2526,2025-10-29 19:05:00,Toulouse,Rennes,2,2,1.62131,1.26096,0.86121,1.26096,8.96,15.875,1,1
FRA-Ligue 1,2526,2025-11-01 20:05:00,Auxerre,Marseille,0,1,1.09464,0.698037,1.09464,0.698037,30.636363636363637,9.814814814814815,0,3
FRA-Ligue 1,2526,2025-11-01 18:00:00,Monaco,Paris FC,0,1,0.820947,1.18048,0.820947,1.18048,9.0,18.4,0,3
FRA-Ligue 1,2526,2025-11-01 16:00:00,Paris Saint Germain,Nice,1,0,1.88647,0.3867,1.88647,0.3867,3.441860465116279,80.5,3,0
FRA-Ligue 1,2526,2025-11-02 19:45:00,Brest,Lyon,0,0,1.63942,0.143862,1.63942,0.143862,8.03225806451613,13.235294117647058,1,1
FRA-Ligue 1,2526,2025-11-02 16:15:00,Lens,Lorient,3,0,3.21467,1.98367,3.21467,1.22357,23.818181818181817,17.904761904761905,3,0
FRA-Ligue 1,2526,2025-11-02 16:15:00,Lille,Angers,1,0,2.2089,0.277522,2.2089,0.277522,13.434782608695652,15.380952380952381,3,0
FRA-Ligue 1,2526,2025-11-02 16:15:00,Nantes,Metz,0,2,1.07598,1.36245,1.07598,1.36245,13.588235294117647,17.76923076923077,0,3
FRA-Ligue 1,2526,2025-11-02 14:00:00,Rennes,Strasbourg,4,1,3.06877,2.08816,3.06877,2.08816,15.407407407407407,11.454545454545455,3,0
FRA-Ligue 1,2526,2025-11-02 16:15:00,Toulouse,Le Havre,0,0,1.07851,1.07299,1.07851,1.07299,13.523809523809524,5.730769230769231,1,1
FRA-Ligue 1,2526,2025-11-07 19:45:00,Paris FC,Rennes,0,1,2.2285,1.36728,2.2285,1.36728,11.9,11.44,0,3
FRA-Ligue 1,2526,2025-11-08 18:00:00,Le Havre,Nantes,1,1,0.984753,0.353936,0.984753,0.353936,4.3125,14.555555555555555,1,1
FRA-Ligue 1,2526,2025-11-08 16:00:00,Marseille,Brest,3,0,3.09058,0.69584,2.33049,0.69584,9.384615384615385,24.875,3,0
FRA-Ligue 1,2526,2025-11-08 20:05:00,Monaco,Lens,1,4,2.4076,3.23933,0.752402,3.23933,10.25,8.9,0,3
FRA-Ligue 1,2526,2025-11-09 16:15:00,Angers,Auxerre,2,0,1.15143,0.589602,1.15143,0.589602,11.208333333333334,16.5,3,0
FRA-Ligue 1,2526,2025-11-09 14:00:00,Lorient,Toulouse,1,1,1.26999,1.15206,0.509893,0.391967,30.666666666666668,9.083333333333334,1,1
FRA-Ligue 1,2526,2025-11-09 19:45:00,Lyon,Paris Saint Germain,2,3,0.712588,1.69872,0.712588,1.69872,25.05263157894737,8.736842105263158,0,3
FRA-Ligue 1,2526,2025-11-09 16:15:00,Metz,Nice,2,1,1.32977,0.784993,0.569675,0.784993,11.5,9.75,3,0
FRA-Ligue 1,2526,2025-11-09 16:15:00,Strasbourg,Lille,2,0,0.768163,0.480004,0.768163,0.480004,13.0,9.6,3,0
FRA-Ligue 1,2526,2025-11-21 19:45:00,Nice,Marseille,1,5,1.36131,3.09163,1.36131,3.09163,14.083333333333334,23.5,0,3
FRA-Ligue 1,2526,2025-11-22 16:00:00,Lens,Strasbourg,1,0,2.2242,0.400272,2.2242,0.400272,11.25,15.833333333333334,3,0
FRA-Ligue 1,2526,2025-11-22 20:05:00,Paris Saint Germain,Le Havre,3,0,4.11577,1.28573,4.11577,1.28573,7.809523809523809,11.266666666666667,3,0
FRA-Ligue 1,2526,2025-11-22 18:00:00,Rennes,Monaco,4,1,3.067,1.60818,2.30691,1.60818,25.307692307692307,10.461538461538462,3,0
FRA-Ligue 1,2526,2025-11-23 14:00:00,Auxerre,Lyon,0,0,1.512,1.27606,0.751903,1.27606,18.88888888888889,5.2,1,1
FRA-Ligue 1,2526,2025-11-23 16:15:00,Brest,Metz,3,2,3.36815,1.02855,1.84796,1.02855,9.233333333333333,64.8,3,0
FRA-Ligue 1,2526,2025-11-23 19:45:00,Lille,Paris FC,4,2,4.14474,1.50332,2.62455,1.50332,11.083333333333334,17.266666666666666,3,0
FRA-Ligue 1,2526,2025-11-23 16:15:00,Nantes,Lorient,1,1,0.915515,0.352154,0.915515,0.352154,9.64,16.61111111111111,1,1
FRA-Ligue 1,2526,2025-11-23 16:15:00,Toulouse,Angers,0,1,1.85382,0.324057,1.85382,0.324057,9.275862068965518,10.0,0,3
FRA-Ligue 1,2526,2025-11-28 19:45:00,Metz,Rennes,0,1,1.31354,0.980088,1.31354,0.980088,14.842105263157896,14.26086956521739,0,3
FRA-Ligue 1,2526,2025-11-29 20:05:00,Marseille,Toulouse,2,2,1.62768,1.09387,1.62768,1.09387,4.032258064516129,33.75,1,1
FRA-Ligue 1,2526,2025-11-29 16:00:00,Monaco,Paris Saint Germain,1,0,0.637875,1.47676,0.637875,1.47676,11.666666666666666,8.0,3,0
FRA-Ligue 1,2526,2025-11-29 18:00:00,Paris FC,Auxerre,1,1,1.80891,1.15143,1.04882,1.15143,13.05,14.23076923076923,1,1
FRA-Ligue 1,2526,2025-11-30 16:15:00,Angers,Lens,1,2,1.10642,1.96335,1.10642,1.96335,13.727272727272727,6.487804878048781,0,3
FRA-Ligue 1,2526,2025-11-30 16:15:00,Le Havre,Lille,0,1,0.867678,1.35017,0.867678,1.35017,12.5,14.909090909090908,0,3
FRA-Ligue 1,2526,2025-11-30 16:15:00,Lorient,Nice,3,1,3.49255,1.3285,3.49255,1.3285,20.11764705882353,14.8,3,0
FRA-Ligue 1,2526,2025-11-30 19:45:00,Lyon,Nantes,3,0,2.1878,0.384922,2.1878,0.384922,5.333333333333333,46.285714285714285,3,0
FRA-Ligue 1,2526,2025-11-30 14:00:00,Strasbourg,Brest,1,2,1.14608,1.00638,1.14608,0.246283,11.869565217391305,11.242424242424242,0,3
FRA-Ligue 1,2526,2025-12-05 18:00:00,Brest,Monaco,1,0,1.13774,0.485017,1.13774,0.485017,8.285714285714286,6.363636363636363,3,0
FRA-Ligue 1,2526,2025-12-05 20:00:00,Lille,Marseille,1,0,0.572302,0.902813,0.572302,0.902813,20.666666666666668,10.04,3,0
FRA-Ligue 1,2526,2025-12-06 16:00:00,Nantes,Lens,1,2,1.1817,3.26397,0.266166,3.26397,21.846153846153847,5.2,0,3
FRA-Ligue 1,2526,2025-12-06 20:05:00,Paris Saint Germain,Rennes,5,0,2.32641,0.153549,2.32641,0.153549,9.333333333333334,32.0,3,0
FRA-Ligue 1,2526,2025-12-06 18:00:00,Toulouse,Strasbourg,1,0,0.64097,0.0918532,0.64097,0.0918532,16.9375,8.857142857142858,3,0
FRA-Ligue 1,2526,2025-12-07 16:15:00,Auxerre,Metz,3,1,2.22374,0.346523,1.46364,0.346523,15.24,12.4375,3,0
FRA-Ligue 1,2526,2025-12-07 16:15:00,Le Havre,Paris FC,0,0,1.93371,1.2524,1.17362,1.2524,18.4,11.363636363636363,1,1
FRA-Ligue 1,2526,2025-12-07 19:45:00,Lorient,Lyon,1,0,2.48644,0.475087,2.48644,0.475087,18.375,5.225806451612903,3,0
FRA-Ligue 1,2526,2025-12-07 14:00:00,Nice,Angers,0,1,1.38209,1.33715,1.38209,1.33715,15.95,14.166666666666666,0,3
FRA-Ligue 1,2526,2025-12-12 19:45:00,Angers,Nantes,4,1,3.04663,0.26526,2.28653,0.26526,7.774193548387097,12.84,3,0
FRA-Ligue 1,2526,2025-12-13 18:00:00,Metz,Paris Saint Germain,2,3,0.363683,1.94768,0.363683,1.94768,33.142857142857146,10.724137931034482,0,3
FRA-Ligue 1,2526,2025-12-13 20:05:00,Paris FC,Toulouse,0,3,0.366399,2.03766,0.366399,1.27757,11.277777777777779,25.5,0,3
FRA-Ligue 1,2526,2025-12-13 16:00:00,Rennes,Brest,3,1,1.58903,0.872611,1.58903,0.872611,6.809523809523809,7.463414634146342,3,0
FRA-Ligue 1,2526,2025-12-14 16:15:00,Auxerre,Lille,3,4,2.50862,0.733512,1.74852,0.733512,10.041666666666666,7.9,0,3
FRA-Ligue 1,2526,2025-12-14 16:15:00,Lens,Nice,2,0,1.91622,0.733412,1.91622,0.733412,9.5,10.0,3,0
FRA-Ligue 1,2526,2025-12-14 14:00:00,Lyon,Le Havre,1,0,2.9604,1.44459,2.9604,0.564307,7.888888888888889,8.636363636363637,3,0
FRA-Ligue 1,2526,2025-12-14 19:45:00,Marseille,Monaco,1,0,2.02467,1.94962,2.02467,1.94962,15.090909090909092,12.333333333333334,3,0
FRA-Ligue 1,2526,2025-12-14 16:15:00,Strasbourg,Lorient,0,0,0.911848,0.415871,0.911848,0.415871,12.428571428571429,28.0,1,1
FRA-Ligue 1,2526,2026-01-02 19:45:00,Toulouse,Lens,0,3,0.46972,2.67769,0.46972,2.67769,13.826086956521738,4.114285714285714,0,3
FRA-Ligue 1,2526,2026-01-03 20:05:00,Lille,Rennes,0,2,1.06111,1.49739,1.06111,1.49739,22.214285714285715,10.904761904761905,0,3
FRA-Ligue 1,2526,2026-01-03 16:00:00,Monaco,Lyon,1,3,0.799996,1.95535,0.799996,1.95535,8.935483870967742,13.058823529411764,0,3
FRA-Ligue 1,2526,2026-01-03 18:00:00,Nice,Strasbourg,1,1,2.39473,1.38731,2.39473,0.627215,14.23076923076923,11.25925925925926,1,1
FRA-Ligue 1,2526,2026-01-04 16:15:00,Brest,Auxerre,2,0,1.54399,0.835513,1.54399,0.835513,6.891891891891892,10.56,3,0
FRA-Ligue 1,2526,2026-01-04 16:15:00,Le Havre,Angers,2,1,1.54881,0.730978,1.54881,0.730978,8.75,13.277777777777779,3,0
FRA-Ligue 1,2526,2026-01-04 16:15:00,Lorient,Metz,1,1,1.55407,0.364932,1.55407,0.364932,18.666666666666668,18.266666666666666,1,1
FRA-Ligue 1,2526,2026-01-04 14:00:00,Marseille,Nantes,0,2,1.14141,3.16795,1.14141,2.40805,10.375,12.434782608695652,0,3
FRA-Ligue 1,2526,2026-01-04 19:45:00,Paris Saint Germain,Paris FC,2,1,1.58716,0.938334,1.58716,0.178239,8.36,36.25,3,0
FRA-Ligue 1,2526,2026-01-16 18:00:00,Monaco,Lorient,1,3,1.31321,1.17141,1.31321,1.17141,8.791666666666666,21.615384615384617,0,3
FRA-Ligue 1,2526,2026-01-16 20:00:00,Paris Saint Germain,Lille,3,0,1.29284,0.67995,1.29284,0.67995,7.676470588235294,29.46153846153846,3,0
FRA-Ligue 1,2526,2026-01-17 20:05:00,Angers,Marseille,2,5,1.03735,3.91118,1.03735,3.91118,25.19047619047619,9.875,0,3
FRA-Ligue 1,2526,2026-01-17 16:00:00,Lens,Auxerre,1,0,2.61821,0.393025,2.61821,0.393025,7.741935483870968,6.526315789473684,3,0
FRA-Ligue 1,2526,2026-01-17 18:00:00,Toulouse,Nice,5,1,1.77349,1.41914,1.77349,1.41914,15.904761904761905,9.148148148148149,3,0
FRA-Ligue 1,2526,2026-01-18 19:45:00,Lyon,Brest,2,1,2.62893,1.16318,2.62893,1.16318,3.7567567567567566,22.6,3,0
FRA-Ligue 1,2526,2026-01-18 16:15:00,Nantes,Paris FC,1,2,0.411699,0.738941,0.411699,0.738941,14.772727272727273,9.696969696969697,0,3
FRA-Ligue 1,2526,2026-01-18 16:15:00,Rennes,Le Havre,1,1,2.54723,0.538741,2.54723,0.538741,6.482758620689655,9.0,1,1
FRA-Ligue 1,2526,2026-01-18 14:00:00,Strasbourg,Metz,2,1,1.019,0.984265,1.019,0.22417,10.085714285714285,15.736842105263158,3,0
FRA-Ligue 1,2526,2026-01-23 19:00:00,Auxerre,Paris Saint Germain,0,1,0.352997,2.19544,0.352997,2.19544,25.529411764705884,5.1923076923076925,0,3
FRA-Ligue 1,2526,2026-01-24 18:00:00,Le Havre,Monaco,0,0,0.171551,0.562454,0.171551,0.562454,16.846153846153847,5.28125,1,1
FRA-Ligue 1,2526,2026-01-24 20:05:00,Marseille,Lens,3,1,1.07239,1.00288,1.07239,1.00288,12.409090909090908,16.03846153846154,3,0
FRA-Ligue 1,2526,2026-01-24 16:00:00,Rennes,Lorient,0,2,1.88241,1.10359,1.88241,1.10359,3.4571428571428573,23.0,0,3
FRA-Ligue 1,2526,2026-01-25 16:15:00,Brest,Toulouse,0,2,0.988274,0.684258,0.988274,0.684258,7.870967741935484,12.818181818181818,0,3
FRA-Ligue 1,2526,2026-01-25 19:45:00,Lille,Strasbourg,1,4,1.74087,3.56512,1.74087,3.56512,10.558823529411764,15.285714285714286,0,3
FRA-Ligue 1,2526,2026-01-25 16:15:00,Metz,Lyon,2,5,1.18331,3.34121,1.18331,2.58112,16.22222222222222,34.22222222222222,0,3
FRA-Ligue 1,2526,2026-01-25 14:00:00,Nantes,Nice,1,4,1.98581,1.6112,1.98581,1.6112,6.9375,8.458333333333334,0,3
FRA-Ligue 1,2526,2026-01-25 16:15:00,Paris FC,Angers,0,0,0.759097,0.342734,0.759097,0.342734,8.846153846153847,24.866666666666667,1,1
FRA-Ligue 1,2526,2026-01-30 19:45:00,Lens,Le Havre,1,0,1.60367,0.407119,1.60367,0.407119,6.2,13.823529411764707,3,0
FRA-Ligue 1,2526,2026-01-31 18:00:00,Lorient,Nantes,2,1,0.777027,1.20179,0.777027,1.20179,10.32,16.363636363636363,3,0
FRA-Ligue 1,2526,2026-01-31 20:05:00,Monaco,Rennes,4,0,2.28518,0.427968,2.28518,0.427968,8.142857142857142,12.0,3,0
FRA-Ligue 1,2526,2026-01-31 16:00:00,Paris FC,Marseille,2,2,1.82048,2.71118,1.06045,1.95109,15.4,13.043478260869565,1,1
FRA-Ligue 1,2526,2026-02-01 16:15:00,Angers,Metz,1,0,1.34676,0.397871,1.34676,0.397871,6.625,30.583333333333332,3,0
FRA-Ligue 1,2526,2026-02-01 14:00:00,Lyon,Lille,1,0,0.616999,0.390671,0.616999,0.390671,16.6,8.34375,3,0
FRA-Ligue 1,2526,2026-02-01 16:15:00,Nice,Brest,2,2,1.2009,1.83505,1.2009,1.07495,6.5,10.0,1,1
FRA-Ligue 1,2526,2026-02-01 19:45:00,Strasbourg,Paris Saint Germain,1,2,1.97116,1.16489,1.21106,1.16489,20.476190476190474,10.6,0,3
FRA-Ligue 1,2526,2026-02-01 16:15:00,Toulouse,Auxerre,0,0,0.804565,0.871363,0.804565,0.871363,7.516129032258065,14.45,1,1
FRA-Ligue 1,2526,2026-02-08 16:15:00,Angers,Toulouse,1,0,1.17089,0.691991,1.17089,0.691991,19.071428571428573,7.488888888888889,3,0
FRA-Ligue 1,2526,2026-02-08 16:15:00,Auxerre,Paris FC,0,0,1.27393,0.758207,1.27393,0.758207,15.9,13.615384615384615,1,1
FRA-Ligue 1,2526,2026-02-08 14:00:00,Brest,Lorient,2,0,2.05135,0.720569,2.05135,0.720569,9.03125,11.38888888888889,3,0
FRA-Ligue 1,2526,2026-02-08 16:15:00,Le Havre,Strasbourg,2,1,0.856821,0.51294,0.856821,0.51294,7.5588235294117645,8.73913043478261,3,0
FRA-Ligue 1,2526,2026-02-08 14:00:00,Lens,Rennes,3,1,1.01131,1.33597,1.01131,1.33597,6.65625,10.625,3,0
FRA-Ligue 1,2526,2026-02-08 14:00:00,Metz,Lille,0,0,0.581838,1.53538,0.581838,1.53538,14.052631578947368,8.0,1,1
FRA-Ligue 1,2526,2026-02-08 14:00:00,Nantes,Lyon,0,1,0.795659,0.990033,0.795659,0.990033,10.363636363636363,11.428571428571429,0,3
FRA-Ligue 1,2526,2026-02-08 14:00:00,Nice,Monaco,0,0,0.455943,0.827302,0.455943,0.827302,8.846153846153847,5.033333333333333,1,1
FRA-Ligue 1,2526,2026-02-08 19:45:00,Paris Saint Germain,Marseille,5,0,4.63077,0.90611,4.63077,0.90611,12.055555555555555,12.724137931034482,3,0
FRA-Ligue 1,2526,2026-02-13 20:05:00,Monaco,Nantes,3,1,2.20188,1.00661,2.20188,1.00661,8.857142857142858,11.722222222222221,3,0
FRA-Ligue 1,2526,2026-02-13 18:00:00,Rennes,Paris Saint Germain,3,1,1.80204,4.17604,1.80204,4.17604,16.38095238095238,6.92,3,0
FRA-Ligue 1,2526,2026-02-14 18:00:00,Lille,Brest,1,1,1.77426,0.841964,1.77426,0.841964,10.166666666666666,18.764705882352942,1,1
FRA-Ligue 1,2526,2026-02-14 16:00:00,Marseille,Strasbourg,2,2,1.61535,2.39153,1.61535,1.63144,16.9,8.333333333333334,1,1
FRA-Ligue 1,2526,2026-02-14 20:05:00,Paris FC,Lens,0,5,0.399344,3.50163,0.399344,2.74153,11.72,14.0,0,3
FRA-Ligue 1,2526,2026-02-15 14:00:00,Le Havre,Toulouse,2,1,0.977711,3.12342,0.977711,3.12342,20.083333333333332,4.444444444444445,3,0
FRA-Ligue 1,2526,2026-02-15 16:15:00,Lorient,Angers,2,0,1.4393,0.406012,1.4393,0.406012,22.076923076923077,25.77777777777778,3,0
FRA-Ligue 1,2526,2026-02-15 19:45:00,Lyon,Nice,2,0,1.9974,1.30477,1.9974,1.30477,9.129032258064516,19.80952380952381,3,0
FRA-Ligue 1,2526,2026-02-15 16:15:00,Metz,Auxerre,1,3,0.753602,1.05829,0.753602,1.05829,6.615384615384615,13.541666666666666,0,3
FRA-Ligue 1,2526,2026-02-20 19:45:00,Brest,Marseille,2,0,1.33408,1.3575,1.33408,0.597409,18.15,7.208333333333333,3,0
FRA-Ligue 1,2526,2026-02-21 16:00:00,Lens,Monaco,2,3,1.82827,2.34004,1.82827,2.34004,8.607142857142858,11.217391304347826,0,3
FRA-Ligue 1,2526,2026-02-21 20:05:00,Paris Saint Germain,Metz,3,0,2.41445,0.0591146,2.41445,0.0591146,8.615384615384615,17.82608695652174,3,0
FRA-Ligue 1,2526,2026-02-21 18:00:00,Toulouse,Paris FC,1,1,2.67763,0.687806,2.67763,0.687806,8.4375,16.857142857142858,1,1
FRA-Ligue 1,2526,2026-02-22 16:15:00,Angers,Lille,0,1,0.24039,2.74265,0.24039,1.98255,21.625,10.096774193548388,0,3
FRA-Ligue 1,2526,2026-02-22 14:00:00,Auxerre,Rennes,0,3,0.700042,1.10597,0.700042,1.10597,8.0,4.9375,0,3
FRA-Ligue 1,2526,2026-02-22 16:15:00,Nantes,Le Havre,2,0,1.70753,0.753349,0.947434,0.753349,11.419354838709678,5.923076923076923,3,0
FRA-Ligue 1,2526,2026-02-22 16:15:00,Nice,Lorient,3,3,2.74646,1.97697,2.74646,1.21688,13.08695652173913,21.09090909090909,1,1
FRA-Ligue 1,2526,2026-02-22 19:45:00,Strasbourg,Lyon,3,1,2.22901,0.427324,1.46891,0.427324,15.3,19.6875,3,0
FRA-Ligue 1,2526,2026-02-27 19:45:00,Strasbourg,Lens,1,1,0.874721,2.03807,0.874721,2.03807,11.428571428571429,12.64516129032258,1,1
FRA-Ligue 1,2526,2026-02-28 20:05:00,Le Havre,Paris Saint Germain,0,1,0.682797,4.03627,0.682797,3.27617,20.555555555555557,6.6,0,3
FRA-Ligue 1,2526,2026-02-28 18:00:00,Monaco,Angers,2,0,1.67082,0.609359,1.67082,0.609359,7.52,23.5,3,0
FRA-Ligue 1,2526,2026-02-28 16:00:00,Rennes,Toulouse,1,0,0.709138,0.668386,0.709138,0.668386,7.76,15.961538461538462,3,0
FRA-Ligue 1,2526,2026-03-01 16:15:00,Lille,Nantes,1,0,0.495693,0.171014,0.495693,0.171014,5.238095238095238,20.944444444444443,3,0
FRA-Ligue 1,2526,2026-03-01 16:15:00,Lorient,Auxerre,2,2,1.02766,1.96667,1.02766,1.96667,15.5,15.5,1,1
FRA-Ligue 1,2526,2026-03-01 19:45:00,Marseille,Lyon,3,2,1.78764,1.78524,1.78764,1.78524,9.464285714285714,20.833333333333332,3,0
FRA-Ligue 1,2526,2026-03-01 16:15:00,Metz,Brest,0,1,1.58374,0.963216,1.58374,0.963216,4.75,14.210526315789474,0,3
FRA-Ligue 1,2526,2026-03-01 14:00:00,Paris FC,Nice,1,0,1.3017,1.26295,1.3017,1.26295,16.35,14.923076923076923,3,0
FRA-Ligue 1,2526,2026-03-06 19:45:00,Paris Saint Germain,Monaco,1,3,1.22179,1.75294,1.22179,1.75294,4.655172413793103,13.08,0,3
FRA-Ligue 1,2526,2026-03-07 18:00:00,Auxerre,Strasbourg,0,0,1.03226,1.27324,1.03226,1.27324,32.46666666666667,5.25,1,1
FRA-Ligue 1,2526,2026-03-07 16:00:00,Nantes,Angers,0,1,0.611683,0.853223,0.611683,0.853223,9.366666666666667,16.066666666666666,0,3
FRA-Ligue 1,2526,2026-03-07 20:05:00,Toulouse,Marseille,0,1,1.28713,1.3226,1.28713,1.3226,11.555555555555555,8.03125,0,3
FRA-Ligue 1,2526,2026-03-08 16:15:00,Brest,Le Havre,2,0,1.26459,1.10286,1.26459,1.10286,9.125,7.76,3,0
FRA-Ligue 1,2526,2026-03-08 14:00:00,Lens,Metz,3,0,2.22106,0.250806,2.22106,0.250806,11.44,9.5,3,0
FRA-Ligue 1,2526,2026-03-08 16:15:00,Lille,Lorient,1,1,0.850092,0.929269,0.850092,0.929269,9.88888888888889,16.5,1,1
FRA-Ligue 1,2526,2026-03-08 19:45:00,Lyon,Paris FC,1,1,1.92522,2.32579,1.16513,2.32579,12.529411764705882,26.916666666666668,1,1
FRA-Ligue 1,2526,2026-03-08 16:15:00,Nice,Rennes,0,4,2.68488,1.87138,2.68488,1.11128,19.428571428571427,8.444444444444445,0,3
FRA-Ligue 1,2526,2026-03-13 19:45:00,Marseille,Auxerre,1,0,1.12898,0.293047,1.12898,0.293047,7.846153846153846,13.952380952380953,3,0
FRA-Ligue 1,2526,2026-03-14 18:00:00,Angers,Nice,0,2,0.889177,1.60128,0.889177,1.60128,21.928571428571427,8.96551724137931,0,3
FRA-Ligue 1,2526,2026-03-14 16:00:00,Lorient,Lens,2,1,2.37345,1.01216,2.37345,1.01216,23.23076923076923,8.478260869565217,3,0
FRA-Ligue 1,2526,2026-03-14 20:05:00,Monaco,Brest,2,0,2.81345,1.56097,2.81345,1.56097,12.470588235294118,9.65625,3,0
FRA-Ligue 1,2526,2026-03-15 16:15:00,Le Havre,Lyon,0,0,0.640079,1.13833,0.640079,1.13833,17.0,5.653846153846154,1,1
FRA-Ligue 1,2526,2026-03-15 16:15:00,Metz,Toulouse,3,4,1.62616,1.74262,1.62616,1.74262,19.25,14.727272727272727,0,3
FRA-Ligue 1,2526,2026-03-15 19:45:00,Rennes,Lille,1,2,1.5463,1.3508,1.5463,1.3508,9.37037037037037,26.384615384615383,0,3
FRA-Ligue 1,2526,2026-03-15 14:00:00,Strasbourg,Paris FC,0,0,1.20221,0.616395,1.20221,0.616395,7.53125,20.38888888888889,1,1
FRA-Ligue 1,2526,2026-03-20 19:45:00,Lens,Angers,5,1,4.33933,1.15185,4.33933,1.15185,10.481481481481481,21.764705882352942,3,0
FRA-Ligue 1,2526,2026-03-21 18:00:00,Auxerre,Brest,3,0,2.0573,0.882319,2.0573,0.882319,12.733333333333333,9.0,3,0
FRA-Ligue 1,2526,2026-03-21 20:05:00,Nice,Paris Saint Germain,0,4,0.17662,4.04442,0.17662,3.28433,30.133333333333333,6.8,0,3
FRA-Ligue 1,2526,2026-03-21 16:00:00,Toulouse,Lorient,1,0,1.48458,0.477676,1.48458,0.477676,13.709677419354838,11.95,3,0
FRA-Ligue 1,2526,2026-03-22 14:00:00,Lyon,Monaco,1,2,1.10723,3.4997,1.10723,2.7396,7.782608695652174,9.185185185185185,0,3
FRA-Ligue 1,2526,2026-03-22 16:15:00,Marseille,Lille,1,2,1.02929,1.61107,1.02929,1.61107,16.41176470588235,17.533333333333335,0,3
FRA-Ligue 1,2526,2026-03-22 19:45:00,Nantes,Strasbourg,2,3,1.91469,2.83907,1.91469,2.83907,22.36842105263158,9.380952380952381,0,3
FRA-Ligue 1,2526,2026-03-22 16:15:00,Paris FC,Le Havre,3,2,2.42628,1.74386,2.42628,1.74386,17.0,5.130434782608695,3,0
FRA-Ligue 1,2526,2026-03-22 16:15:00,Rennes,Metz,0,0,1.70552,0.314914,1.70552,0.314914,5.870967741935484,27.545454545454547,1,1
FRA-Ligue 1,2526,2026-04-03 18:45:00,Paris Saint Germain,Toulouse,3,1,1.7337,0.102597,1.7337,0.102597,9.055555555555555,23.272727272727273,3,0
FRA-Ligue 1,2526,2026-04-04 17:00:00,Brest,Rennes,3,4,1.89452,2.7958,1.89452,1.27568,12.307692307692308,12.571428571428571,0,3
FRA-Ligue 1,2526,2026-04-04 19:05:00,Lille,Lens,3,0,3.82171,0.412713,3.06161,0.412713,10.090909090909092,13.0,3,0
FRA-Ligue 1,2526,2026-04-04 15:00:00,Strasbourg,Nice,3,1,2.70892,0.354354,2.70892,0.354354,12.052631578947368,12.617647058823529,3,0
FRA-Ligue 1,2526,2026-04-05 13:00:00,Angers,Lyon,0,0,0.353538,0.522379,0.353538,0.522379,20.61111111111111,6.32,1,1
FRA-Ligue 1,2526,2026-04-05 15:15:00,Le Havre,Auxerre,1,1,0.711193,2.40825,0.711193,2.40825,5.966666666666667,8.464285714285714,1,1
FRA-Ligue 1,2526,2026-04-05 15:15:00,Lorient,Paris FC,1,1,1.16554,1.39879,1.16554,1.39879,12.294117647058824,17.25,1,1
FRA-Ligue 1,2526,2026-04-05 15:15:00,Metz,Nantes,0,0,2.3189,0.389282,2.3189,0.389282,8.181818181818182,19.5,1,1
FRA-Ligue 1,2526,2026-04-05 18:45:00,Monaco,Marseille,2,1,1.67743,3.10791,1.67743,3.10791,9.083333333333334,12.764705882352942,3,0
FRA-Ligue 1,2526,2026-04-10 19:05:00,Marseille,Metz,3,1,3.31638,0.535052,3.31638,0.535052,7.315789473684211,16.68421052631579,3,0
FRA-Ligue 1,2526,2026-04-10 17:00:00,Paris FC,Monaco,4,1,2.95341,1.7647,2.95341,1.7647,20.0,7.125,3,0
FRA-Ligue 1,2526,2026-04-11 17:00:00,Auxerre,Nantes,0,0,0.797017,1.44705,0.797017,1.44705,6.185185185185185,6.607142857142857,1,1
FRA-Ligue 1,2526,2026-04-11 19:05:00,Rennes,Angers,2,1,1.09968,1.19461,1.09968,0.434516,10.272727272727273,15.64,3,0
FRA-Ligue 1,2526,2026-04-12 18:45:00,Lyon,Lorient,2,0,1.84879,1.57488,1.84879,1.57488,9.555555555555555,14.352941176470589,3,0
FRA-Ligue 1,2526,2026-04-12 15:15:00,Nice,Le Havre,1,1,2.14773,2.12622,2.14773,2.12622,5.5,8.0,1,1
FRA-Ligue 1,2526,2026-04-12 15:15:00,Toulouse,Lille,0,4,1.46514,2.08775,1.46514,1.32766,19.772727272727273,8.962962962962964,0,3
FRA-Ligue 1,2526,2026-04-17 18:45:00,Lens,Toulouse,3,2,3.98387,0.578481,3.98387,0.578481,3.6666666666666665,14.5,3,0
FRA-Ligue 1,2526,2026-04-18 17:00:00,Angers,Le Havre,1,1,0.961095,1.54566,0.961095,1.54566,17.22222222222222,7.666666666666667,1,1
FRA-Ligue 1,2526,2026-04-18 19:05:00,Lille,Nice,0,0,0.413432,0.171356,0.413432,0.171356,10.23076923076923,20.53846153846154,1,1
FRA-Ligue 1,2526,2026-04-18 15:00:00,Lorient,Marseille,2,0,1.28628,2.13073,1.28628,2.13073,18.0,12.35,3,0
FRA-Ligue 1,2526,2026-04-19 15:15:00,Metz,Paris FC,1,3,1.48448,1.97282,1.48448,1.97282,16.210526315789473,19.705882352941178,0,3
FRA-Ligue 1,2526,2026-04-19 13:00:00,Monaco,Auxerre,2,2,1.94243,0.745123,1.18234,0.745123,3.6176470588235294,21.76923076923077,1,1
FRA-Ligue 1,2526,2026-04-19 15:15:00,Nantes,Brest,1,1,0.970265,0.631132,0.970265,0.631132,11.208333333333334,8.272727272727273,1,1
FRA-Ligue 1,2526,2026-04-19 18:45:00,Paris Saint Germain,Lyon,1,2,3.20455,1.20364,2.44445,1.20364,6.636363636363637,100.0,0,3
FRA-Ligue 1,2526,2026-04-19 15:15:00,Strasbourg,Rennes,0,3,0.944239,3.25297,0.944239,3.25297,12.19047619047619,8.675675675675675,0,3
FRA-Ligue 1,2526,2026-04-22 18:00:00,Paris Saint Germain,Nantes,3,0,2.26452,0.672206,1.50442,0.672206,7.869565217391305,48.0,3,0
FRA-Ligue 1,2526,2026-04-24 18:45:00,Brest,Lens,3,3,0.309794,3.24582,0.309794,3.24582,15.105263157894736,6.0344827586206895,1,1
FRA-Ligue 1,2526,2026-04-25 17:00:00,Angers,Paris Saint Germain,0,3,0.977437,3.00296,0.977437,3.00296,25.545454545454547,12.923076923076923,0,3
FRA-Ligue 1,2526,2026-04-25 13:00:00,Lyon,Auxerre,3,2,2.16328,0.883316,2.16328,0.883316,8.73076923076923,18.0,3,0
FRA-Ligue 1,2526,2026-04-25 19:05:00,Toulouse,Monaco,2,2,2.15303,1.34617,2.15303,1.34617,9.257142857142858,11.961538461538462,1,1
FRA-Ligue 1,2526,2026-04-26 15:15:00,Le Havre,Metz,4,4,2.64995,1.88709,1.88985,1.12699,10.80952380952381,8.068965517241379,1,1
FRA-Ligue 1,2526,2026-04-26 13:00:00,Lorient,Strasbourg,2,3,2.57081,1.98869,1.81071,1.98869,17.529411764705884,7.678571428571429,0,3
FRA-Ligue 1,2526,2026-04-26 18:45:00,Marseille,Nice,1,1,2.82843,1.41493,2.82843,0.654838,6.233333333333333,34.3,1,1
FRA-Ligue 1,2526,2026-04-26 15:15:00,Paris FC,Lille,0,1,1.12423,1.75999,0.287973,0.999899,15.466666666666667,8.678571428571429,0,3
FRA-Ligue 1,2526,2026-04-26 15:15:00,Rennes,Nantes,2,1,1.55601,2.51691,0.79598,2.51691,6.05,11.958333333333334,3,0
FRA-Ligue 1,2526,2026-05-03 15:15:00,Auxerre,Angers,3,1,2.5499,2.16783,2.5499,0.647645,11.347826086956522,18.58823529411765,3,0
FRA-Ligue 1,2526,2026-05-03 13:00:00,Lille,Le Havre,1,1,1.9163,0.334256,1.9163,0.334256,5.25,14.2,1,1
FRA-Ligue 1,2526,2026-05-03 18:45:00,Lyon,Rennes,4,2,2.6657,1.06495,1.90561,1.06495,12.0,13.375,3,0
FRA-Ligue 1,2526,2026-05-03 13:00:00,Metz,Monaco,1,2,1.1478,1.58879,1.1478,1.58879,19.6,7.6,0,3
FRA-Ligue 1,2526,2026-05-03 13:00:00,Nantes,Marseille,3,0,3.07178,1.55164,3.07178,1.55164,10.25,6.576923076923077,3,0
FRA-Ligue 1,2526,2026-05-03 13:00:00,Nice,Lens,1,1,1.33864,1.55241,1.33864,1.55241,12.666666666666666,8.129032258064516,1,1
FRA-Ligue 1,2526,2026-05-03 15:15:00,Paris FC,Brest,4,0,2.86094,0.733091,2.86094,0.733091,8.6875,13.352941176470589,3,0
FRA-Ligue 1,2526,2026-05-03 13:00:00,Paris Saint Germain,Lorient,2,2,2.98414,1.27737,2.98414,1.27737,8.391304347826088,35.0,1,1
FRA-Ligue 1,2526,2026-05-03 15:15:00,Strasbourg,Toulouse,1,2,0.405296,1.67665,0.405296,1.67665,10.44,10.821428571428571,0,3
FRA-Ligue 1,2526,2026-05-08 18:45:00,Lens,Nantes,1,0,0.719134,1.06721,0.719134,1.06721,5.714285714285714,10.37037037037037,3,0
FRA-Ligue 1,2526,2026-05-10 19:00:00,Angers,Strasbourg,1,1,0.793655,1.81952,0.793655,1.05942,19.181818181818183,5.857142857142857,1,1
FRA-Ligue 1,2526,2026-05-10 19:00:00,Auxerre,Nice,2,1,0.866185,2.07007,0.866185,2.07007,8.5,11.571428571428571,3,0
FRA-Ligue 1,2526,2026-05-10 19:00:00,Le Havre,Marseille,0,1,1.23305,1.03467,0.469935,0.274577,9.166666666666666,6.371428571428571,0,3
FRA-Ligue 1,2526,2026-05-10 19:00:00,Metz,Lorient,0,4,0.730271,1.76754,0.730271,1.76754,16.38888888888889,26.1,0,3
FRA-Ligue 1,2526,2026-05-10 19:00:00,Monaco,Lille,0,1,0.308864,0.400405,0.308864,0.400405,7.769230769230769,10.5,0,3
FRA-Ligue 1,2526,2026-05-10 19:00:00,Paris Saint Germain,Brest,1,0,1.608,0.123268,1.608,0.123268,13.266666666666667,14.666666666666666,3,0
FRA-Ligue 1,2526,2026-05-10 19:00:00,Rennes,Paris FC,2,1,1.53143,1.59351,1.53143,1.59351,11.1,8.428571428571429,3,0
FRA-Ligue 1,2526,2026-05-10 19:00:00,Toulouse,Lyon,2,1,1.87108,1.56954,1.87108,1.56954,11.636363636363637,8.523809523809524,3,0
FRA-Ligue 1,2526,2026-05-13 17:00:00,Brest,Strasbourg,1,2,2.64653,1.69163,2.64653,1.69163,8.972972972972974,12.681818181818182,0,3
FRA-Ligue 1,2526,2026-05-13 19:00:00,Lens,Paris Saint Germain,0,2,3.03896,0.943876,3.03896,0.943876,14.911764705882353,13.176470588235293,0,3
FRA-Ligue 1,2526,2026-05-17 19:00:00,Brest,Angers,1,1,2.38724,1.06418,2.38724,1.06418,15.176470588235293,27.333333333333332,1,1
FRA-Ligue 1,2526,2026-05-17 19:00:00,Lille,Auxerre,0,2,1.22445,0.615778,1.22445,0.615778,5.842105263157895,19.11764705882353,0,3
FRA-Ligue 1,2526,2026-05-17 19:00:00,Lorient,Le Havre,0,2,1.26937,1.28765,0.509273,1.28765,12.0625,19.714285714285715,0,3
FRA-Ligue 1,2526,2026-05-17 19:00:00,Lyon,Lens,0,4,1.12358,2.01573,1.12358,2.01573,14.166666666666666,25.727272727272727,0,3
FRA-Ligue 1,2526,2026-05-17 19:00:00,Marseille,Rennes,3,1,3.90151,2.20696,3.90151,2.20696,10.72,8.5,3,0
FRA-Ligue 1,2526,2026-05-17 18:00:00,Nantes,Toulouse,0,0,0.0840142,0.319014,0.0840142,0.319014,4.2727272727272725,17.666666666666668,1,1
FRA-Ligue 1,2526,2026-05-17 19:00:00,Nice,Metz,0,0,1.216,0.836784,1.216,0.836784,12.48,12.090909090909092,1,1
FRA-Ligue 1,2526,2026-05-17 19:00:00,Paris FC,Paris Saint Germain,2,1,2.32862,0.863934,2.32862,0.863934,21.0,12.25,3,0
FRA-Ligue 1,2526,2026-05-17 19:00:00,Strasbourg,Monaco,5,4,2.11536,1.44729,2.11536,1.44729,19.058823529411764,9.76,3,0
GER-Bundesliga,2526,2025-08-22 18:30:00,Bayern Munich,RasenBallsport Leipzig,6,0,3.29885,0.52226,3.29885,0.52226,8.793103448275861,17.857142857142858,3,0
GER-Bundesliga,2526,2025-08-23 13:30:00,Bayer Leverkusen,Hoffenheim,1,2,1.05253,0.505193,1.05253,0.505193,15.133333333333333,15.782608695652174,0,3
GER-Bundesliga,2526,2025-08-23 13:30:00,Eintracht Frankfurt,Werder Bremen,4,1,3.10684,0.587822,3.10684,0.587822,8.8,18.0,3,0
GER-Bundesliga,2526,2025-08-23 13:30:00,FC Heidenheim,Wolfsburg,1,3,0.783156,2.57718,0.783156,1.8194,17.142857142857142,11.65,0,3
GER-Bundesliga,2526,2025-08-23 13:30:00,Freiburg,Augsburg,1,3,2.27247,1.30191,1.51477,1.30191,7.105263157894737,8.181818181818182,0,3
GER-Bundesliga,2526,2025-08-23 16:30:00,St. Pauli,Borussia Dortmund,3,3,1.46772,2.10289,0.709939,1.34512,15.043478260869565,13.38888888888889,1,1
GER-Bundesliga,2526,2025-08-23 13:30:00,Union Berlin,VfB Stuttgart,2,1,0.529421,1.80147,0.529421,1.80147,18.19047619047619,3.789473684210526,3,0
GER-Bundesliga,2526,2025-08-24 15:30:00,Borussia M.Gladbach,Hamburger SV,0,0,1.01717,0.285593,1.01717,0.285593,9.0,16.68421052631579,1,1
GER-Bundesliga,2526,2025-08-24 13:30:00,Mainz 05,FC Cologne,0,1,1.31655,1.64676,1.31655,1.64676,13.133333333333333,10.764705882352942,0,3
GER-Bundesliga,2526,2025-08-29 18:30:00,Hamburger SV,St. Pauli,0,2,0.74111,1.85404,0.74111,1.85404,17.0625,10.285714285714286,0,3
GER-Bundesliga,2526,2025-08-30 16:30:00,Augsburg,Bayern Munich,2,3,0.506028,3.37523,0.506028,3.37523,11.083333333333334,7.451612903225806,0,3
GER-Bundesliga,2526,2025-08-30 13:30:00,Hoffenheim,Eintracht Frankfurt,1,3,1.28178,1.82087,1.28178,1.82087,6.482758620689655,19.357142857142858,0,3
GER-Bundesliga,2526,2025-08-30 13:30:00,RasenBallsport Leipzig,FC Heidenheim,2,0,3.29717,0.969982,3.29717,0.969982,6.333333333333333,18.176470588235293,3,0
GER-Bundesliga,2526,2025-08-30 13:30:00,VfB Stuttgart,Borussia M.Gladbach,1,0,0.925105,1.60717,0.925105,1.60717,15.9375,12.869565217391305,3,0
GER-Bundesliga,2526,2025-08-30 13:30:00,Werder Bremen,Bayer Leverkusen,3,3,2.32676,2.03733,1.56899,1.27955,18.55,16.41176470588235,1,1
GER-Bundesliga,2526,2025-08-31 15:30:00,Borussia Dortmund,Union Berlin,3,0,1.82606,0.971167,1.82606,0.971167,14.933333333333334,28.866666666666667,3,0
GER-Bundesliga,2526,2025-08-31 17:30:00,FC Cologne,Freiburg,4,1,1.84068,0.933072,1.84068,0.933072,24.142857142857142,15.846153846153847,3,0
GER-Bundesliga,2526,2025-08-31 13:30:00,Wolfsburg,Mainz 05,1,1,0.616661,1.81482,0.616661,1.05704,15.0,4.594594594594595,1,1
GER-Bundesliga,2526,2025-09-12 18:30:00,Bayer Leverkusen,Eintracht Frankfurt,3,1,2.31465,0.791863,1.55687,0.791863,10.565217391304348,9.88888888888889,3,0
GER-Bundesliga,2526,2025-09-13 16:30:00,Bayern Munich,Hamburger SV,5,0,3.03718,0.559174,2.2794,0.559174,9.666666666666666,33.6,3,0
GER-Bundesliga,2526,2025-09-13 13:30:00,FC Heidenheim,Borussia Dortmund,0,2,0.299026,2.84999,0.299026,2.84999,23.615384615384617,8.0,0,3
GER-Bundesliga,2526,2025-09-13 13:30:00,Freiburg,VfB Stuttgart,3,1,1.6832,0.548804,0.925425,0.548804,16.0625,11.5625,3,0
GER-Bundesliga,2526,2025-09-13 13:30:00,Mainz 05,RasenBallsport Leipzig,0,1,0.770276,1.5009,0.770276,1.5009,5.636363636363637,11.944444444444445,0,3
GER-Bundesliga,2526,2025-09-13 13:30:00,Union Berlin,Hoffenheim,2,4,3.0814,3.34084,3.0814,1.82529,12.523809523809524,6.555555555555555,0,3
GER-Bundesliga,2526,2025-09-13 13:30:00,Wolfsburg,FC Cologne,3,3,1.79835,1.72631,1.79835,1.72631,11.375,14.444444444444445,1,1
GER-Bundesliga,2526,2025-09-14 15:30:00,Borussia M.Gladbach,Werder Bremen,0,4,1.58932,2.24671,1.58932,1.48893,8.0,17.9375,0,3
GER-Bundesliga,2526,2025-09-14 13:30:00,St. Pauli,Augsburg,2,1,1.95499,0.934223,1.0413,0.934223,11.16,17.176470588235293,3,0
GER-Bundesliga,2526,2025-09-19 18:30:00,VfB Stuttgart,St. Pauli,2,0,2.78829,1.05657,2.03051,1.05657,11.863636363636363,13.916666666666666,3,0
GER-Bundesliga,2526,2025-09-20 13:30:00,Augsburg,Mainz 05,1,4,0.870451,2.57047,0.870451,2.57047,4.133333333333334,14.933333333333334,0,3
GER-Bundesliga,2526,2025-09-20 13:30:00,Hamburger SV,FC Heidenheim,2,1,3.32157,2.63607,3.32157,2.63607,11.842105263157896,16.733333333333334,3,0
GER-Bundesliga,2526,2025-09-20 13:30:00,Hoffenheim,Bayern Munich,1,4,1.03716,2.7142,1.03716,1.19865,12.962962962962964,11.352941176470589,0,3
GER-Bundesliga,2526,2025-09-20 16:30:00,RasenBallsport Leipzig,FC Cologne,3,1,3.79591,1.39264,3.79591,1.39264,21.384615384615383,22.916666666666668,3,0
GER-Bundesliga,2526,2025-09-20 13:30:00,Werder Bremen,Freiburg,0,3,1.27257,2.36315,0.514791,1.60537,8.037037037037036,16.55,0,3
GER-Bundesliga,2526,2025-09-21 15:30:00,Bayer Leverkusen,Borussia M.Gladbach,1,1,1.9461,1.29876,1.9461,1.29876,11.217391304347826,14.62962962962963,1,1
GER-Bundesliga,2526,2025-09-21 17:30:00,Borussia Dortmund,Wolfsburg,1,0,1.24747,0.975457,1.24747,0.975457,13.578947368421053,15.0,3,0
GER-Bundesliga,2526,2025-09-21 13:30:00,Eintracht Frankfurt,Union Berlin,3,4,1.75582,2.23419,0.998044,2.23419,5.3125,27.571428571428573,0,3
GER-Bundesliga,2526,2025-09-26 18:30:00,Bayern Munich,Werder Bremen,4,0,4.31859,0.298618,3.56081,0.298618,8.4375,39.888888888888886,3,0
GER-Bundesliga,2526,2025-09-27 16:30:00,Borussia M.Gladbach,Eintracht Frankfurt,4,6,2.12935,3.78879,2.12935,3.78879,19.555555555555557,11.0,0,3
GER-Bundesliga,2526,2025-09-27 13:30:00,FC Heidenheim,Augsburg,2,1,1.79097,0.619833,1.79097,0.619833,9.407407407407407,7.916666666666667,3,0
GER-Bundesliga,2526,2025-09-27 13:30:00,Mainz 05,Borussia Dortmund,0,2,0.525149,1.75519,0.525149,1.75519,8.12,8.789473684210526,0,3
GER-Bundesliga,2526,2025-09-27 13:30:00,St. Pauli,Bayer Leverkusen,1,2,0.813325,1.28912,0.813325,1.28912,10.96774193548387,19.0,0,3
GER-Bundesliga,2526,2025-09-27 13:30:00,Wolfsburg,RasenBallsport Leipzig,0,1,2.59654,2.61107,2.59654,1.85329,14.411764705882353,12.583333333333334,0,3
GER-Bundesliga,2526,2025-09-28 15:30:00,FC Cologne,VfB Stuttgart,1,2,1.07972,2.20939,1.07972,1.45161,20.142857142857142,10.80952380952381,0,3
GER-Bundesliga,2526,2025-09-28 13:30:00,Freiburg,Hoffenheim,1,1,1.2587,2.24224,1.2587,2.24224,16.133333333333333,6.416666666666667,1,1
GER-Bundesliga,2526,2025-09-28 17:30:00,Union Berlin,Hamburger SV,0,0,1.54274,1.11274,0.784964,1.11274,17.95,9.5,1,1
GER-Bundesliga,2526,2025-10-03 18:30:00,Hoffenheim,FC Cologne,0,1,1.42371,1.30873,1.42371,1.30873,7.173913043478261,19.923076923076923,0,3
GER-Bundesliga,2526,2025-10-04 13:30:00,Augsburg,Wolfsburg,3,1,1.75326,1.22584,1.75326,1.22584,12.6,12.133333333333333,3,0
GER-Bundesliga,2526,2025-10-04 13:30:00,Bayer Leverkusen,Union Berlin,2,0,3.35673,1.19684,3.35673,1.19684,6.363636363636363,25.095238095238095,3,0
GER-Bundesliga,2526,2025-10-04 13:30:00,Borussia Dortmund,RasenBallsport Leipzig,1,1,0.668613,1.14077,0.668613,1.14077,12.37037037037037,12.478260869565217,1,1
GER-Bundesliga,2526,2025-10-04 16:30:00,Eintracht Frankfurt,Bayern Munich,0,3,0.560138,2.2301,0.560138,2.2301,19.045454545454547,14.65,0,3
GER-Bundesliga,2526,2025-10-04 13:30:00,Werder Bremen,St. Pauli,1,0,1.77957,0.912425,1.77957,0.912425,15.409090909090908,12.347826086956522,3,0
GER-Bundesliga,2526,2025-10-05 17:30:00,Borussia M.Gladbach,Freiburg,0,0,0.471184,0.689073,0.471184,0.689073,15.647058823529411,15.263157894736842,1,1
GER-Bundesliga,2526,2025-10-05 15:30:00,Hamburger SV,Mainz 05,4,0,1.65883,0.591161,1.65883,0.591161,14.428571428571429,6.28,3,0
GER-Bundesliga,2526,2025-10-05 13:30:00,VfB Stuttgart,FC Heidenheim,1,0,1.10781,0.290942,1.10781,0.290942,9.0,17.88888888888889,3,0
GER-Bundesliga,2526,2025-10-17 18:30:00,Union Berlin,Borussia M.Gladbach,3,1,1.53032,0.628848,1.53032,0.628848,10.821428571428571,6.764705882352941,3,0
GER-Bundesliga,2526,2025-10-18 16:30:00,Bayern Munich,Borussia Dortmund,2,1,2.81994,1.41011,2.81994,1.41011,8.380952380952381,12.666666666666666,3,0
GER-Bundesliga,2526,2025-10-18 13:30:00,FC Cologne,Augsburg,1,1,0.523854,1.11917,0.523854,0.361389,7.714285714285714,9.346153846153847,1,1
GER-Bundesliga,2526,2025-10-18 13:30:00,FC Heidenheim,Werder Bremen,2,2,3.07635,1.85638,3.07635,1.85638,9.142857142857142,21.333333333333332,1,1
GER-Bundesliga,2526,2025-10-18 13:30:00,Mainz 05,Bayer Leverkusen,3,4,1.62978,4.43462,0.872003,3.67685,10.870967741935484,10.823529411764707,0,3
GER-Bundesliga,2526,2025-10-18 13:30:00,RasenBallsport Leipzig,Hamburger SV,2,1,1.15611,1.29355,1.15611,1.29355,21.466666666666665,13.181818181818182,3,0
GER-Bundesliga,2526,2025-10-18 13:30:00,Wolfsburg,VfB Stuttgart,0,3,0.392885,2.39474,0.392885,2.39474,16.5,14.5,0,3
GER-Bundesliga,2526,2025-10-19 13:30:00,Freiburg,Eintracht Frankfurt,2,2,1.12896,0.772638,1.12896,0.772638,13.944444444444445,7.108108108108108,1,1
GER-Bundesliga,2526,2025-10-19 15:30:00,St. Pauli,Hoffenheim,0,3,0.871968,1.79103,0.871968,1.79103,14.285714285714286,9.045454545454545,0,3
GER-Bundesliga,2526,2025-10-24 18:30:00,Werder Bremen,Union Berlin,1,0,1.1444,0.487613,1.1444,0.487613,14.384615384615385,14.478260869565217,3,0
GER-Bundesliga,2526,2025-10-25 13:30:00,Augsburg,RasenBallsport Leipzig,0,6,0.639182,2.69438,0.639182,2.69438,15.8,18.3125,0,3
GER-Bundesliga,2526,2025-10-25 16:30:00,Borussia Dortmund,FC Cologne,1,0,2.09125,0.70563,2.09125,0.70563,8.3,35.666666666666664,3,0
GER-Bundesliga,2526,2025-10-25 13:30:00,Borussia M.Gladbach,Bayern Munich,0,3,0.757777,2.65026,0.0,2.65026,28.3,6.785714285714286,0,3
GER-Bundesliga,2526,2025-10-25 13:30:00,Eintracht Frankfurt,St. Pauli,2,0,2.42632,0.519973,2.42632,0.519973,17.125,26.2,3,0
GER-Bundesliga,2526,2025-10-25 13:30:00,Hamburger SV,Wolfsburg,0,1,2.40547,0.695528,1.57532,0.695528,10.61111111111111,13.0,0,3
GER-Bundesliga,2526,2025-10-25 13:30:00,Hoffenheim,FC Heidenheim,3,1,2.4278,0.902315,2.4278,0.902315,6.714285714285714,17.526315789473685,3,0
GER-Bundesliga,2526,2025-10-26 13:30:00,Bayer Leverkusen,Freiburg,2,0,2.46787,0.542897,2.46787,0.542897,10.777777777777779,28.6,3,0
GER-Bundesliga,2526,2025-10-26 15:30:00,VfB Stuttgart,Mainz 05,2,1,1.66805,1.40956,1.66805,0.651781,10.5,13.222222222222221,3,0
GER-Bundesliga,2526,2025-10-31 19:30:00,Augsburg,Borussia Dortmund,0,1,0.969501,0.588196,0.969501,0.588196,8.655172413793103,9.652173913043478,0,3
GER-Bundesliga,2526,2025-11-01 17:30:00,Bayern Munich,Bayer Leverkusen,3,0,2.28295,0.382774,2.28295,0.382774,9.53125,28.7,3,0
GER-Bundesliga,2526,2025-11-01 14:30:00,FC Heidenheim,Eintracht Frankfurt,1,1,0.831882,1.22406,0.831882,1.22406,21.0,7.052631578947368,1,1
GER-Bundesliga,2526,2025-11-01 14:30:00,Mainz 05,Werder Bremen,1,1,1.90161,0.880505,1.90161,0.880505,7.90625,10.9375,1,1
GER-Bundesliga,2526,2025-11-01 14:30:00,RasenBallsport Leipzig,VfB Stuttgart,3,1,1.73471,1.0701,1.73471,1.0701,31.8,8.88888888888889,3,0
GER-Bundesliga,2526,2025-11-01 14:30:00,St. Pauli,Borussia M.Gladbach,0,4,0.804394,3.6262,0.804394,3.6262,15.863636363636363,23.142857142857142,0,3
GER-Bundesliga,2526,2025-11-01 14:30:00,Union Berlin,Freiburg,0,0,1.34842,1.16519,1.34842,1.16519,10.62962962962963,9.153846153846153,1,1
GER-Bundesliga,2526,2025-11-02 14:30:00,FC Cologne,Hamburger SV,4,1,3.87376,1.19296,3.87376,1.19296,14.473684210526315,15.933333333333334,3,0
GER-Bundesliga,2526,2025-11-02 16:30:00,Wolfsburg,Hoffenheim,2,3,1.40117,1.74291,1.40117,1.74291,14.0,8.92,0,3
GER-Bundesliga,2526,2025-11-07 19:30:00,Werder Bremen,Wolfsburg,2,1,1.69456,0.676326,1.69456,0.676326,10.85,15.625,3,0
GER-Bundesliga,2526,2025-11-08 14:30:00,Bayer Leverkusen,FC Heidenheim,6,0,3.90142,0.063377,3.90142,0.063377,15.133333333333333,41.5,3,0
GER-Bundesliga,2526,2025-11-08 17:30:00,Borussia M.Gladbach,FC Cologne,3,1,2.46206,2.15818,0.946505,1.4004,25.785714285714285,9.818181818181818,3,0
GER-Bundesliga,2526,2025-11-08 14:30:00,Hamburger SV,Borussia Dortmund,1,1,0.419878,1.42582,0.419878,1.42582,14.722222222222221,8.448275862068966,1,1
GER-Bundesliga,2526,2025-11-08 14:30:00,Hoffenheim,RasenBallsport Leipzig,3,1,1.92349,1.56187,1.92349,1.56187,8.151515151515152,11.571428571428571,3,0
GER-Bundesliga,2526,2025-11-08 14:30:00,Union Berlin,Bayern Munich,2,2,1.02778,1.34246,1.02778,1.34246,23.526315789473685,13.333333333333334,1,1
GER-Bundesliga,2526,2025-11-09 18:30:00,Eintracht Frankfurt,Mainz 05,1,0,1.77854,0.121469,1.77854,0.121469,10.857142857142858,9.571428571428571,3,0
GER-Bundesliga,2526,2025-11-09 14:30:00,Freiburg,St. Pauli,2,1,1.66558,0.640748,1.66558,0.640748,12.411764705882353,20.210526315789473,3,0
GER-Bundesliga,2526,2025-11-09 16:30:00,VfB Stuttgart,Augsburg,3,2,2.44526,1.90345,1.68748,1.90345,6.72,13.375,3,0
GER-Bundesliga,2526,2025-11-21 19:30:00,Mainz 05,Hoffenheim,1,1,2.88712,1.54404,2.88712,1.54404,10.75,9.210526315789474,1,1
GER-Bundesliga,2526,2025-11-22 14:30:00,Augsburg,Hamburger SV,1,0,1.61897,1.555,1.61897,1.555,13.26086956521739,20.90909090909091,3,0
GER-Bundesliga,2526,2025-11-22 14:30:00,Bayern Munich,Freiburg,6,2,3.13858,0.516966,3.13858,0.516966,9.31578947368421,14.0,3,0
GER-Bundesliga,2526,2025-11-22 14:30:00,Borussia Dortmund,VfB Stuttgart,3,3,3.15124,1.80942,2.39346,1.80942,13.090909090909092,10.590909090909092,1,1
GER-Bundesliga,2526,2025-11-22 17:30:00,FC Cologne,Eintracht Frankfurt,3,4,1.38923,2.44506,1.38923,2.44506,16.083333333333332,20.2,0,3
GER-Bundesliga,2526,2025-11-22 14:30:00,FC Heidenheim,Borussia M.Gladbach,0,3,0.363207,2.79666,0.363207,2.03889,21.8,16.2,0,3
GER-Bundesliga,2526,2025-11-22 14:30:00,Wolfsburg,Bayer Leverkusen,1,3,2.07979,1.58644,2.07979,1.58644,14.78125,14.125,0,3
GER-Bundesliga,2526,2025-11-23 14:30:00,RasenBallsport Leipzig,Werder Bremen,2,0,2.42834,0.774872,2.42834,0.774872,22.0,15.368421052631579,3,0
GER-Bundesliga,2526,2025-11-23 16:30:00,St. Pauli,Union Berlin,0,1,0.568717,0.398431,0.568717,0.398431,10.192307692307692,18.6875,0,3
GER-Bundesliga,2526,2025-11-28 19:30:00,Borussia M.Gladbach,RasenBallsport Leipzig,0,0,0.388883,1.09232,0.388883,1.09232,29.0,11.19047619047619,1,1
GER-Bundesliga,2526,2025-11-29 17:30:00,Bayer Leverkusen,Borussia Dortmund,1,2,1.08287,1.1562,1.08287,1.1562,21.444444444444443,18.666666666666668,0,3
GER-Bundesliga,2526,2025-11-29 14:30:00,Bayern Munich,St. Pauli,3,1,2.53942,0.74073,2.53942,0.74073,9.8,47.09090909090909,3,0
GER-Bundesliga,2526,2025-11-29 14:30:00,Hoffenheim,Augsburg,3,0,1.79612,0.655496,1.79612,0.655496,6.896551724137931,16.94736842105263,3,0
GER-Bundesliga,2526,2025-11-29 14:30:00,Union Berlin,FC Heidenheim,1,2,0.942923,0.522102,0.942923,0.522102,13.142857142857142,9.210526315789474,0,3
GER-Bundesliga,2526,2025-11-29 14:30:00,Werder Bremen,FC Cologne,1,1,1.53668,1.1848,1.53668,1.1848,19.625,12.26086956521739,1,1
GER-Bundesliga,2526,2025-11-30 16:30:00,Eintracht Frankfurt,Wolfsburg,1,1,1.66051,1.60645,0.902737,1.60645,15.2,17.6,1,1
GER-Bundesliga,2526,2025-11-30 18:30:00,Freiburg,Mainz 05,4,0,4.15677,0.0500621,4.15677,0.0500621,4.8076923076923075,23.473684210526315,3,0
GER-Bundesliga,2526,2025-11-30 14:30:00,Hamburger SV,VfB Stuttgart,2,1,1.21357,1.10868,1.21357,1.10868,13.619047619047619,5.615384615384615,3,0
GER-Bundesliga,2526,2025-12-05 19:30:00,Mainz 05,Borussia M.Gladbach,0,1,1.09331,1.90297,1.09331,1.90297,8.5,19.375,0,3
GER-Bundesliga,2526,2025-12-06 14:30:00,Augsburg,Bayer Leverkusen,2,0,2.14102,1.41889,2.14102,1.41889,29.46153846153846,10.368421052631579,3,0
GER-Bundesliga,2526,2025-12-06 14:30:00,FC Cologne,St. Pauli,1,1,1.90409,0.143945,1.90409,0.143945,20.727272727272727,33.083333333333336,1,1
GER-Bundesliga,2526,2025-12-06 14:30:00,FC Heidenheim,Freiburg,2,1,2.66592,0.800321,2.66592,0.800321,18.214285714285715,8.705882352941176,3,0
GER-Bundesliga,2526,2025-12-06 17:30:00,RasenBallsport Leipzig,Eintracht Frankfurt,6,0,3.64182,0.473289,2.88405,0.473289,13.75,7.914285714285715,3,0
GER-Bundesliga,2526,2025-12-06 14:30:00,VfB Stuttgart,Bayern Munich,0,5,0.729313,4.07867,0.729313,3.32089,24.333333333333332,12.947368421052632,0,3
GER-Bundesliga,2526,2025-12-06 14:30:00,Wolfsburg,Union Berlin,3,1,0.929936,2.01932,0.929936,1.26154,13.882352941176471,12.61111111111111,3,0
GER-Bundesliga,2526,2025-12-07 16:30:00,Borussia Dortmund,Hoffenheim,2,0,1.10147,1.42364,1.10147,1.42364,17.05263157894737,8.428571428571429,3,0
GER-Bundesliga,2526,2025-12-07 14:30:00,Hamburger SV,Werder Bremen,3,2,1.57713,1.17349,1.57713,1.17349,10.904761904761905,10.6,3,0
GER-Bundesliga,2526,2025-12-12 19:30:00,Union Berlin,RasenBallsport Leipzig,3,1,1.4766,0.495677,1.4766,0.495677,16.636363636363637,8.555555555555555,3,0
GER-Bundesliga,2526,2025-12-13 17:30:00,Bayer Leverkusen,FC Cologne,2,0,2.295,0.436565,2.295,0.436565,11.65,24.90909090909091,3,0
GER-Bundesliga,2526,2025-12-13 14:30:00,Borussia M.Gladbach,Wolfsburg,1,3,0.620418,2.72142,0.620418,2.72142,18.466666666666665,12.807692307692308,0,3
GER-Bundesliga,2526,2025-12-13 14:30:00,Eintracht Frankfurt,Augsburg,1,0,1.52024,0.655733,1.52024,0.655733,9.178571428571429,26.545454545454547,3,0
GER-Bundesliga,2526,2025-12-13 14:30:00,Hoffenheim,Hamburger SV,4,1,2.48806,1.40522,2.48806,0.647439,6.5,19.625,3,0
GER-Bundesliga,2526,2025-12-13 14:30:00,St. Pauli,FC Heidenheim,2,1,1.00037,1.8944,1.00037,1.8944,58.4,8.294117647058824,3,0
GER-Bundesliga,2526,2025-12-14 16:30:00,Bayern Munich,Mainz 05,2,2,4.67956,0.803171,3.92179,0.803171,6.416666666666667,44.45454545454545,1,1
GER-Bundesliga,2526,2025-12-14 14:30:00,Freiburg,Borussia Dortmund,1,1,1.10621,1.47427,1.10621,1.47427,9.363636363636363,25.6,1,1
GER-Bundesliga,2526,2025-12-14 18:30:00,Werder Bremen,VfB Stuttgart,0,4,0.607898,2.05209,0.607898,2.05209,14.095238095238095,6.862068965517241,0,3
GER-Bundesliga,2526,2025-12-19 19:30:00,Borussia Dortmund,Borussia M.Gladbach,2,0,1.65394,0.221237,1.65394,0.221237,10.423076923076923,11.666666666666666,3,0
GER-Bundesliga,2526,2025-12-20 14:30:00,Augsburg,Werder Bremen,0,0,1.49411,0.90686,1.49411,0.90686,21.636363636363637,8.37037037037037,1,1
GER-Bundesliga,2526,2025-12-20 14:30:00,FC Cologne,Union Berlin,0,1,0.677102,1.4739,0.677102,1.4739,13.846153846153847,33.18181818181818,0,3
GER-Bundesliga,2526,2025-12-20 14:30:00,Hamburger SV,Eintracht Frankfurt,1,1,1.09769,1.09137,1.09769,1.09137,13.565217391304348,9.833333333333334,1,1
GER-Bundesliga,2526,2025-12-20 17:30:00,RasenBallsport Leipzig,Bayer Leverkusen,1,3,1.93929,2.70478,1.93929,2.70478,16.82608695652174,18.066666666666666,0,3
GER-Bundesliga,2526,2025-12-20 14:30:00,VfB Stuttgart,Hoffenheim,0,0,1.46116,0.154175,1.46116,0.154175,8.652173913043478,8.333333333333334,1,1
GER-Bundesliga,2526,2025-12-20 14:30:00,Wolfsburg,Freiburg,3,4,1.30583,2.65964,1.30583,1.90186,11.210526315789474,19.733333333333334,0,3
GER-Bundesliga,2526,2025-12-21 16:30:00,FC Heidenheim,Bayern Munich,0,4,1.48758,3.36795,1.48758,3.36795,44.3,11.5,0,3
GER-Bundesliga,2526,2025-12-21 14:30:00,Mainz 05,St. Pauli,0,0,1.87368,0.227249,1.87368,0.227249,15.384615384615385,17.53846153846154,1,1
GER-Bundesliga,2526,2026-01-09 19:30:00,Eintracht Frankfurt,Borussia Dortmund,3,3,1.66426,2.29827,0.906488,2.29827,12.636363636363637,11.941176470588236,1,1
GER-Bundesliga,2526,2026-01-10 17:30:00,Bayer Leverkusen,VfB Stuttgart,1,4,1.98318,2.68822,1.22541,1.93044,15.428571428571429,12.592592592592593,0,3
GER-Bundesliga,2526,2026-01-10 14:30:00,FC Heidenheim,FC Cologne,2,2,2.14635,2.75624,2.14635,2.75624,12.9375,36.125,1,1
GER-Bundesliga,2526,2026-01-10 14:30:00,Freiburg,Hamburger SV,2,1,2.93517,0.850812,2.1774,0.850812,9.272727272727273,29.555555555555557,3,0
GER-Bundesliga,2526,2026-01-10 14:30:00,Union Berlin,Mainz 05,2,2,3.6505,1.56492,3.6505,1.56492,9.789473684210526,15.6875,1,1
GER-Bundesliga,2526,2026-01-11 16:30:00,Bayern Munich,Wolfsburg,8,1,3.54931,1.08515,3.54931,1.08515,11.11111111111111,18.565217391304348,3,0
GER-Bundesliga,2526,2026-01-11 14:30:00,Borussia M.Gladbach,Augsburg,4,0,3.57201,1.57502,2.81424,1.57502,11.416666666666666,10.472222222222221,3,0
GER-Bundesliga,2526,2026-01-13 19:30:00,Borussia Dortmund,Werder Bremen,3,0,2.31769,0.39948,2.31769,0.39948,12.633333333333333,15.277777777777779,3,0
GER-Bundesliga,2526,2026-01-13 19:30:00,Mainz 05,FC Heidenheim,2,1,1.95686,1.23557,1.95686,1.23557,13.285714285714286,8.8,3,0
GER-Bundesliga,2526,2026-01-13 17:30:00,VfB Stuttgart,Eintracht Frankfurt,3,2,3.54461,0.896468,3.54461,0.896468,9.789473684210526,9.464285714285714,3,0
GER-Bundesliga,2526,2026-01-14 19:30:00,FC Cologne,Bayern Munich,1,3,0.714659,2.11635,0.714659,2.11635,24.11764705882353,7.588235294117647,0,3
GER-Bundesliga,2526,2026-01-14 19:30:00,Hoffenheim,Borussia M.Gladbach,5,1,4.3777,0.83294,3.61992,0.83294,7.269230769230769,20.63157894736842,3,0
GER-Bundesliga,2526,2026-01-14 19:30:00,RasenBallsport Leipzig,Freiburg,2,0,2.80289,0.147682,2.80289,0.147682,12.466666666666667,11.344827586206897,3,0
GER-Bundesliga,2526,2026-01-14 17:30:00,Wolfsburg,St. Pauli,2,1,1.78032,1.21171,0.946931,1.21171,10.818181818181818,53.857142857142854,3,0
GER-Bundesliga,2526,2026-01-15 19:30:00,Augsburg,Union Berlin,1,1,0.559529,1.73831,0.559529,1.73831,20.928571428571427,8.814814814814815,1,1
GER-Bundesliga,2526,2026-01-16 19:30:00,Werder Bremen,Eintracht Frankfurt,3,3,2.10111,1.20772,2.10111,1.20772,10.529411764705882,10.76923076923077,1,1
GER-Bundesliga,2526,2026-01-17 14:30:00,Borussia Dortmund,St. Pauli,3,2,2.5477,0.532613,1.78993,0.532613,9.947368421052632,24.5,3,0
GER-Bundesliga,2526,2026-01-17 14:30:00,FC Cologne,Mainz 05,2,1,2.41277,1.91073,2.41277,1.91073,6.25,18.0,3,0
GER-Bundesliga,2526,2026-01-17 14:30:00,Hamburger SV,Borussia M.Gladbach,0,0,1.26205,0.576522,1.26205,0.576522,11.090909090909092,14.083333333333334,1,1
GER-Bundesliga,2526,2026-01-17 14:30:00,Hoffenheim,Bayer Leverkusen,1,0,2.11995,1.27048,2.11995,1.27048,11.064516129032258,10.0,3,0
GER-Bundesliga,2526,2026-01-17 17:30:00,RasenBallsport Leipzig,Bayern Munich,1,5,2.86917,4.65226,2.86917,4.65226,23.875,12.166666666666666,0,3
GER-Bundesliga,2526,2026-01-17 14:30:00,Wolfsburg,FC Heidenheim,1,1,1.07653,0.991172,1.07653,0.991172,6.833333333333333,23.6875,1,1
GER-Bundesliga,2526,2026-01-18 16:30:00,Augsburg,Freiburg,2,2,0.986653,1.59107,0.986653,1.59107,14.823529411764707,6.25,1,1
GER-Bundesliga,2526,2026-01-18 14:30:00,VfB Stuttgart,Union Berlin,1,1,2.1978,1.88763,2.1978,1.88763,16.545454545454547,11.869565217391305,1,1
GER-Bundesliga,2526,2026-01-23 19:30:00,St. Pauli,Hamburger SV,0,0,0.311991,0.333197,0.311991,0.333197,22.27777777777778,11.181818181818182,1,1
GER-Bundesliga,2526,2026-01-24 14:30:00,Bayer Leverkusen,Werder Bremen,1,0,2.51599,0.673986,2.51599,0.673986,19.41176470588235,10.931034482758621,3,0
GER-Bundesliga,2526,2026-01-24 14:30:00,Bayern Munich,Augsburg,1,2,2.30773,1.24551,2.30773,1.24551,6.285714285714286,41.833333333333336,0,3
GER-Bundesliga,2526,2026-01-24 14:30:00,Eintracht Frankfurt,Hoffenheim,1,3,0.829658,1.62813,0.829658,1.62813,14.65,6.9714285714285715,0,3
GER-Bundesliga,2526,2026-01-24 14:30:00,FC Heidenheim,RasenBallsport Leipzig,0,3,0.987658,2.07675,0.987658,2.07675,28.75,4.107142857142857,0,3
GER-Bundesliga,2526,2026-01-24 14:30:00,Mainz 05,Wolfsburg,3,1,4.34199,1.09338,2.82644,1.09338,8.666666666666666,14.0,3,0
GER-Bundesliga,2526,2026-01-24 17:30:00,Union Berlin,Borussia Dortmund,0,3,0.989732,2.27286,0.989732,1.51508,6.954545454545454,12.6875,0,3
GER-Bundesliga,2526,2026-01-25 14:30:00,Borussia M.Gladbach,VfB Stuttgart,0,3,1.22197,2.72682,0.464191,2.72682,16.625,10.538461538461538,0,3
GER-Bundesliga,2526,2026-01-25 16:30:00,Freiburg,FC Cologne,2,1,2.56728,1.69119,1.8095,1.69119,16.571428571428573,15.333333333333334,3,0
GER-Bundesliga,2526,2026-01-27 19:30:00,St. Pauli,RasenBallsport Leipzig,1,1,1.33165,2.05989,0.573869,2.05989,13.807692307692308,13.772727272727273,1,1
GER-Bundesliga,2526,2026-01-27 19:30:00,Werder Bremen,Hoffenheim,0,2,1.42692,0.567567,1.42692,0.567567,15.727272727272727,14.1,0,3
GER-Bundesliga,2526,2026-01-30 19:30:00,FC Cologne,Wolfsburg,1,0,1.43559,1.34631,1.43559,1.34631,13.894736842105264,4.6,3,0
GER-Bundesliga,2526,2026-01-31 14:30:00,Augsburg,St. Pauli,2,1,2.11699,2.88611,2.11699,2.12833,20.4375,8.033333333333333,3,0
GER-Bundesliga,2526,2026-01-31 14:30:00,Eintracht Frankfurt,Bayer Leverkusen,1,3,1.31849,1.52952,1.31849,1.52952,14.411764705882353,15.210526315789474,0,3
GER-Bundesliga,2526,2026-01-31 17:30:00,Hamburger SV,Bayern Munich,2,2,2.64497,2.28911,1.88719,2.28911,17.7,8.526315789473685,1,1
GER-Bundesliga,2526,2026-01-31 14:30:00,Hoffenheim,Union Berlin,3,1,1.50682,1.23275,0.749038,1.23275,6.05,11.434782608695652,3,0
GER-Bundesliga,2526,2026-01-31 14:30:00,RasenBallsport Leipzig,Mainz 05,1,2,2.09422,2.57678,2.09422,1.81901,12.166666666666666,12.59375,0,3
GER-Bundesliga,2526,2026-01-31 14:30:00,Werder Bremen,Borussia M.Gladbach,1,1,0.991152,1.25715,0.991152,1.25715,5.75,15.380952380952381,1,1
GER-Bundesliga,2526,2026-02-01 16:30:00,Borussia Dortmund,FC Heidenheim,3,2,4.13897,3.04324,2.62341,3.04324,5.285714285714286,13.529411764705882,3,0
GER-Bundesliga,2526,2026-02-01 14:30:00,VfB Stuttgart,Freiburg,1,0,2.95203,0.936187,2.95203,0.936187,4.125,9.2,3,0
GER-Bundesliga,2526,2026-02-06 19:30:00,Union Berlin,Eintracht Frankfurt,1,1,1.27118,0.296813,0.513402,0.296813,18.681818181818183,6.916666666666667,1,1
GER-Bundesliga,2526,2026-02-07 17:30:00,Borussia M.Gladbach,Bayer Leverkusen,1,1,0.783478,0.741257,0.783478,0.741257,25.529411764705884,13.590909090909092,1,1
GER-Bundesliga,2526,2026-02-07 14:30:00,FC Heidenheim,Hamburger SV,0,2,1.04614,1.55106,1.04614,1.55106,11.25,14.5,0,3
GER-Bundesliga,2526,2026-02-07 14:30:00,Freiburg,Werder Bremen,1,0,0.36452,1.12332,0.36452,1.12332,15.058823529411764,4.607142857142857,3,0
GER-Bundesliga,2526,2026-02-07 14:30:00,Mainz 05,Augsburg,2,0,3.00656,1.35939,1.49101,1.35939,14.727272727272727,9.0,3,0
GER-Bundesliga,2526,2026-02-07 14:30:00,St. Pauli,VfB Stuttgart,2,1,1.66217,0.912627,0.904394,0.912627,27.666666666666668,10.0,3,0
GER-Bundesliga,2526,2026-02-07 14:30:00,Wolfsburg,Borussia Dortmund,1,2,2.02751,1.70601,2.02751,1.70601,11.0,8.277777777777779,0,3
GER-Bundesliga,2526,2026-02-08 16:30:00,Bayern Munich,Hoffenheim,5,1,6.37827,2.66829,4.86272,2.66829,8.096774193548388,13.117647058823529,3,0
GER-Bundesliga,2526,2026-02-08 14:30:00,FC Cologne,RasenBallsport Leipzig,1,2,1.12167,3.0577,1.12167,3.0577,9.24,7.909090909090909,0,3
GER-Bundesliga,2526,2026-02-13 19:30:00,Borussia Dortmund,Mainz 05,4,0,1.81026,1.67199,1.81026,1.67199,15.0,23.214285714285715,3,0
GER-Bundesliga,2526,2026-02-14 14:30:00,Bayer Leverkusen,St. Pauli,4,0,2.26044,0.654783,2.26044,0.654783,13.235294117647058,26.05,3,0
GER-Bundesliga,2526,2026-02-14 14:30:00,Eintracht Frankfurt,Borussia M.Gladbach,3,0,1.98736,1.03155,1.98736,1.03155,11.24,11.125,3,0
GER-Bundesliga,2526,2026-02-14 14:30:00,Hamburger SV,Union Berlin,3,2,2.20339,2.18966,2.20339,1.43189,10.125,12.789473684210526,3,0
GER-Bundesliga,2526,2026-02-14 14:30:00,Hoffenheim,Freiburg,3,0,1.90052,0.744054,1.90052,0.744054,8.8,21.714285714285715,3,0
GER-Bundesliga,2526,2026-02-14 17:30:00,VfB Stuttgart,FC Cologne,3,1,2.56266,1.13246,2.56266,1.13246,10.9375,12.15,3,0
GER-Bundesliga,2526,2026-02-14 14:30:00,Werder Bremen,Bayern Munich,0,3,0.77965,1.87713,0.77965,1.11935,13.774193548387096,11.157894736842104,0,3
GER-Bundesliga,2526,2026-02-15 14:30:00,Augsburg,FC Heidenheim,1,0,1.87679,0.697774,1.11901,0.697774,14.947368421052632,11.0,3,0
GER-Bundesliga,2526,2026-02-15 16:30:00,RasenBallsport Leipzig,Wolfsburg,2,2,2.51087,0.687761,2.51087,0.687761,11.875,17.94736842105263,1,1
GER-Bundesliga,2526,2026-02-20 19:30:00,Mainz 05,Hamburger SV,1,1,1.75215,0.823398,1.75215,0.823398,11.75,8.666666666666666,1,1
GER-Bundesliga,2526,2026-02-21 14:30:00,Bayern Munich,Eintracht Frankfurt,3,2,2.83518,2.29258,2.83518,1.5348,13.423076923076923,16.6875,3,0
GER-Bundesliga,2526,2026-02-21 14:30:00,FC Cologne,Hoffenheim,2,2,1.12252,1.8243,1.12252,1.8243,25.727272727272727,7.352941176470588,1,1
GER-Bundesliga,2526,2026-02-21 17:30:00,RasenBallsport Leipzig,Borussia Dortmund,2,2,3.50934,1.35347,3.50934,1.35347,11.764705882352942,13.0,1,1
GER-Bundesliga,2526,2026-02-21 14:30:00,Union Berlin,Bayer Leverkusen,1,0,0.757702,1.20274,0.757702,1.20274,16.928571428571427,9.6875,3,0
GER-Bundesliga,2526,2026-02-21 14:30:00,Wolfsburg,Augsburg,2,3,2.17584,1.56427,2.17584,0.806493,11.421052631578947,14.181818181818182,0,3
GER-Bundesliga,2526,2026-02-22 18:30:00,FC Heidenheim,VfB Stuttgart,3,3,2.21575,2.27505,1.45797,1.51727,19.764705882352942,9.277777777777779,1,1
GER-Bundesliga,2526,2026-02-22 14:30:00,Freiburg,Borussia M.Gladbach,2,1,1.29234,1.02855,1.29234,1.02855,13.26086956521739,10.0,3,0
GER-Bundesliga,2526,2026-02-22 16:30:00,St. Pauli,Werder Bremen,2,1,0.260698,1.61141,0.260698,1.61141,32.6,10.818181818181818,3,0
GER-Bundesliga,2526,2026-02-27 19:30:00,Augsburg,FC Cologne,2,0,1.55844,0.492698,1.55844,0.492698,10.344827586206897,18.076923076923077,3,0
GER-Bundesliga,2526,2026-02-28 14:30:00,Bayer Leverkusen,Mainz 05,1,1,1.94817,0.9714,1.94817,0.9714,12.058823529411764,16.25925925925926,1,1
GER-Bundesliga,2526,2026-02-28 17:30:00,Borussia Dortmund,Bayern Munich,2,3,1.39761,1.89016,1.39761,1.13239,11.379310344827585,4.92,0,3
GER-Bundesliga,2526,2026-02-28 14:30:00,Borussia M.Gladbach,Union Berlin,1,0,2.56014,0.137598,1.80237,0.137598,12.5,9.68,3,0
GER-Bundesliga,2526,2026-02-28 14:30:00,Hoffenheim,St. Pauli,0,1,2.57411,0.946504,2.57411,0.946504,5.7407407407407405,46.714285714285715,0,3
GER-Bundesliga,2526,2026-02-28 14:30:00,Werder Bremen,FC Heidenheim,2,0,3.47889,1.70919,3.47889,1.70919,11.904761904761905,12.88888888888889,3,0
GER-Bundesliga,2526,2026-03-01 16:30:00,Eintracht Frankfurt,Freiburg,2,0,1.67095,0.64193,1.67095,0.64193,11.0,13.296296296296296,3,0
GER-Bundesliga,2526,2026-03-01 18:30:00,Hamburger SV,RasenBallsport Leipzig,1,2,0.820585,2.28997,0.820585,1.53219,18.857142857142858,10.571428571428571,0,3
GER-Bundesliga,2526,2026-03-01 14:30:00,VfB Stuttgart,Wolfsburg,4,0,2.95189,0.865739,2.95189,0.865739,21.666666666666668,12.333333333333334,3,0
GER-Bundesliga,2526,2026-03-04 19:30:00,Hamburger SV,Bayer Leverkusen,0,1,1.28692,2.67874,1.28692,2.67874,12.91304347826087,5.787878787878788,0,3
GER-Bundesliga,2526,2026-03-06 19:30:00,Bayern Munich,Borussia M.Gladbach,4,1,3.11976,1.21993,2.36198,1.21993,9.0,32.18181818181818,3,0
GER-Bundesliga,2526,2026-03-07 17:30:00,FC Cologne,Borussia Dortmund,1,2,0.96405,1.9574,0.96405,1.9574,17.88888888888889,9.238095238095237,0,3
GER-Bundesliga,2526,2026-03-07 14:30:00,FC Heidenheim,Hoffenheim,2,4,0.966678,2.79383,0.966678,2.79383,11.947368421052632,9.19047619047619,0,3
GER-Bundesliga,2526,2026-03-07 14:30:00,Freiburg,Bayer Leverkusen,3,3,2.58409,2.1863,2.58409,2.1863,14.45,11.619047619047619,1,1
GER-Bundesliga,2526,2026-03-07 14:30:00,Mainz 05,VfB Stuttgart,2,2,3.52523,0.920068,3.52523,0.920068,24.846153846153847,10.133333333333333,1,1
GER-Bundesliga,2526,2026-03-07 14:30:00,RasenBallsport Leipzig,Augsburg,2,1,2.19435,3.6651,2.19435,2.90732,14.0,32.375,3,0
GER-Bundesliga,2526,2026-03-07 14:30:00,Wolfsburg,Hamburger SV,1,2,2.46612,1.80445,1.70835,0.288899,9.476190476190476,18.5,0,3
GER-Bundesliga,2526,2026-03-08 14:30:00,St. Pauli,Eintracht Frankfurt,0,0,0.472285,0.451537,0.472285,0.451537,24.764705882352942,5.2727272727272725,1,1
GER-Bundesliga,2526,2026-03-08 16:30:00,Union Berlin,Werder Bremen,1,4,1.12998,2.23984,0.372203,2.23984,43.3,6.8125,0,3
GER-Bundesliga,2526,2026-03-13 19:30:00,Borussia M.Gladbach,St. Pauli,2,0,1.08342,0.628713,1.08342,0.628713,23.153846153846153,14.61111111111111,3,0
GER-Bundesliga,2526,2026-03-14 14:30:00,Bayer Leverkusen,Bayern Munich,1,1,2.65255,1.26817,2.65255,1.26817,12.25,11.0,1,1
GER-Bundesliga,2526,2026-03-14 14:30:00,Borussia Dortmund,Augsburg,2,0,2.49053,0.755745,2.49053,0.755745,9.833333333333334,24.857142857142858,3,0
GER-Bundesliga,2526,2026-03-14 14:30:00,Eintracht Frankfurt,FC Heidenheim,1,0,0.725159,0.136174,0.725159,0.136174,14.416666666666666,20.42105263157895,3,0
GER-Bundesliga,2526,2026-03-14 17:30:00,Hamburger SV,FC Cologne,1,1,0.556493,0.984168,0.556493,0.984168,18.5625,12.333333333333334,1,1
GER-Bundesliga,2526,2026-03-14 14:30:00,Hoffenheim,Wolfsburg,1,1,2.23813,0.221431,2.23813,0.221431,6.105263157894737,22.0,1,1
GER-Bundesliga,2526,2026-03-15 16:30:00,Freiburg,Union Berlin,0,1,1.34508,1.0006,1.34508,1.0006,6.166666666666667,14.4,0,3
GER-Bundesliga,2526,2026-03-15 18:30:00,VfB Stuttgart,RasenBallsport Leipzig,1,0,1.93167,1.12178,1.93167,1.12178,7.125,9.038461538461538,3,0
GER-Bundesliga,2526,2026-03-15 14:30:00,Werder Bremen,Mainz 05,0,2,0.890006,2.05621,0.890006,2.05621,9.6875,24.1875,0,3
GER-Bundesliga,2526,2026-03-20 19:30:00,RasenBallsport Leipzig,Hoffenheim,5,0,2.90699,0.521404,2.90699,0.521404,14.578947368421053,9.0,3,0
GER-Bundesliga,2526,2026-03-21 14:30:00,Bayern Munich,Union Berlin,4,0,5.93389,0.224572,5.93389,0.224572,9.071428571428571,23.941176470588236,3,0
GER-Bundesliga,2526,2026-03-21 17:30:00,Borussia Dortmund,Hamburger SV,3,2,6.10187,1.23049,3.82854,1.23049,6.08,21.3,3,0
GER-Bundesliga,2526,2026-03-21 14:30:00,FC Cologne,Borussia M.Gladbach,3,3,1.29293,1.08153,1.29293,1.08153,10.083333333333334,14.266666666666667,1,1
GER-Bundesliga,2526,2026-03-21 14:30:00,FC Heidenheim,Bayer Leverkusen,3,3,1.73738,1.96287,0.979599,1.96287,15.38888888888889,10.65,1,1
GER-Bundesliga,2526,2026-03-21 14:30:00,Wolfsburg,Werder Bremen,0,1,1.05686,0.414924,1.05686,0.414924,7.125,31.11111111111111,0,3
GER-Bundesliga,2526,2026-03-22 18:30:00,Augsburg,VfB Stuttgart,2,5,1.59097,3.87094,1.59097,3.87094,14.826086956521738,9.88888888888889,0,3
GER-Bundesliga,2526,2026-03-22 14:30:00,Mainz 05,Eintracht Frankfurt,2,1,1.38387,1.71748,1.38387,1.71748,23.38888888888889,13.777777777777779,3,0
GER-Bundesliga,2526,2026-03-22 16:30:00,St. Pauli,Freiburg,1,2,1.39653,2.74421,1.39653,2.74421,16.0,15.428571428571429,0,3
GER-Bundesliga,2526,2026-04-04 13:30:00,Bayer Leverkusen,Wolfsburg,6,3,4.59518,2.54712,3.07963,1.78934,9.8,22.0,3,0
GER-Bundesliga,2526,2026-04-04 13:30:00,Borussia M.Gladbach,FC Heidenheim,2,2,1.09174,0.883368,1.09174,0.883368,13.541666666666666,13.32,1,1
GER-Bundesliga,2526,2026-04-04 13:30:00,Freiburg,Bayern Munich,2,3,2.04585,2.49116,2.04585,2.49116,11.392857142857142,5.68,0,3
GER-Bundesliga,2526,2026-04-04 13:30:00,Hamburger SV,Augsburg,1,1,1.53108,2.57589,1.53108,2.57589,7.875,16.285714285714285,1,1
GER-Bundesliga,2526,2026-04-04 13:30:00,Hoffenheim,Mainz 05,1,2,1.51732,2.22893,1.51732,2.22893,5.884615384615385,23.90909090909091,0,3
GER-Bundesliga,2526,2026-04-04 16:30:00,VfB Stuttgart,Borussia Dortmund,0,2,0.553248,0.76449,0.553248,0.76449,7.304347826086956,18.647058823529413,0,3
GER-Bundesliga,2526,2026-04-04 13:30:00,Werder Bremen,RasenBallsport Leipzig,1,2,0.898486,1.61345,0.898486,1.61345,9.25,16.272727272727273,0,3
GER-Bundesliga,2526,2026-04-05 15:30:00,Eintracht Frankfurt,FC Cologne,2,2,2.16998,3.09815,2.16998,3.09815,10.0,25.928571428571427,1,1
GER-Bundesliga,2526,2026-04-05 13:30:00,Union Berlin,St. Pauli,1,1,1.78288,0.325477,1.78288,0.325477,7.791666666666667,17.642857142857142,1,1
GER-Bundesliga,2526,2026-04-10 18:30:00,Augsburg,Hoffenheim,2,2,2.67199,1.43152,1.91422,1.43152,43.42857142857143,4.137931034482759,1,1
GER-Bundesliga,2526,2026-04-11 13:30:00,Borussia Dortmund,Bayer Leverkusen,0,1,1.01423,0.728586,1.01423,0.728586,22.333333333333332,21.923076923076923,0,3
GER-Bundesliga,2526,2026-04-11 13:30:00,FC Heidenheim,Union Berlin,3,1,2.11247,1.11885,2.11247,1.11885,8.173913043478262,8.5,3,0
GER-Bundesliga,2526,2026-04-11 13:30:00,RasenBallsport Leipzig,Borussia M.Gladbach,1,0,2.56843,1.66258,2.56843,1.66258,10.956521739130435,20.272727272727273,3,0
GER-Bundesliga,2526,2026-04-11 16:30:00,St. Pauli,Bayern Munich,0,5,0.355983,4.15447,0.355983,4.15447,60.77777777777778,7.954545454545454,0,3
GER-Bundesliga,2526,2026-04-11 13:30:00,Wolfsburg,Eintracht Frankfurt,1,2,2.26232,1.38694,2.26232,1.38694,12.631578947368421,14.25,0,3
GER-Bundesliga,2526,2026-04-12 13:30:00,FC Cologne,Werder Bremen,3,1,3.90871,0.870139,3.15093,0.112362,8.125,17.0,3,0
GER-Bundesliga,2526,2026-04-12 17:30:00,Mainz 05,Freiburg,0,1,0.458085,0.538882,0.458085,0.538882,10.285714285714286,10.3125,0,3
GER-Bundesliga,2526,2026-04-12 15:30:00,VfB Stuttgart,Hamburger SV,4,0,3.8645,0.417554,3.10672,0.417554,6.296296296296297,14.55,3,0
GER-Bundesliga,2526,2026-04-17 18:30:00,St. Pauli,FC Cologne,1,1,2.2798,1.26761,2.2798,0.509833,20.833333333333332,16.928571428571427,1,1
GER-Bundesliga,2526,2026-04-18 13:30:00,Bayer Leverkusen,Augsburg,1,2,3.73107,1.29743,3.73107,0.539654,7.352941176470588,29.333333333333332,0,3
GER-Bundesliga,2526,2026-04-18 16:30:00,Eintracht Frankfurt,RasenBallsport Leipzig,1,3,1.40341,2.02122,1.40341,2.02122,8.346153846153847,8.88,0,3
GER-Bundesliga,2526,2026-04-18 13:30:00,Hoffenheim,Borussia Dortmund,2,1,2.22458,1.28292,0.709032,1.28292,12.588235294117647,14.25,3,0
GER-Bundesliga,2526,2026-04-18 13:30:00,Union Berlin,Wolfsburg,1,2,2.38881,0.23493,2.38881,0.23493,8.916666666666666,11.35,0,3
GER-Bundesliga,2526,2026-04-18 13:30:00,Werder Bremen,Hamburger SV,3,1,1.60257,0.914249,1.60257,0.914249,8.434782608695652,13.947368421052632,3,0
GER-Bundesliga,2526,2026-04-19 15:30:00,Bayern Munich,VfB Stuttgart,4,2,5.11014,1.26038,5.11014,1.26038,9.0,36.0,3,0
GER-Bundesliga,2526,2026-04-19 17:30:00,Borussia M.Gladbach,Mainz 05,1,1,1.11134,2.46195,1.11134,1.70418,15.529411764705882,12.578947368421053,1,1
GER-Bundesliga,2526,2026-04-19 13:30:00,Freiburg,FC Heidenheim,2,1,2.13766,1.74426,2.13766,1.74426,12.0,12.5625,3,0
GER-Bundesliga,2526,2026-04-24 18:30:00,RasenBallsport Leipzig,Union Berlin,3,1,4.53545,0.372365,4.53545,0.372365,15.5,19.55,3,0
GER-Bundesliga,2526,2026-04-25 13:30:00,Augsburg,Eintracht Frankfurt,1,1,2.13872,0.854238,2.13872,0.854238,13.1,4.678571428571429,1,1
GER-Bundesliga,2526,2026-04-25 13:30:00,FC Cologne,Bayer Leverkusen,1,2,3.49945,1.85749,3.49945,1.09971,21.055555555555557,17.928571428571427,0,3
GER-Bundesliga,2526,2026-04-25 13:30:00,FC Heidenheim,St. Pauli,2,0,2.17234,1.17753,2.17234,1.17753,13.6,10.909090909090908,3,0
GER-Bundesliga,2526,2026-04-25 16:30:00,Hamburger SV,Hoffenheim,1,2,1.48261,2.42862,0.724833,2.42862,11.894736842105264,5.193548387096774,0,3
GER-Bundesliga,2526,2026-04-25 13:30:00,Mainz 05,Bayern Munich,3,4,3.22403,2.36194,3.22403,2.36194,20.5625,6.142857142857143,0,3
GER-Bundesliga,2526,2026-04-25 13:30:00,Wolfsburg,Borussia M.Gladbach,0,0,1.61116,0.473153,1.61116,0.473153,15.476190476190476,12.1875,1,1
GER-Bundesliga,2526,2026-04-26 15:30:00,Borussia Dortmund,Freiburg,4,0,3.09306,0.496971,3.09306,0.496971,7.9655172413793105,11.28,3,0
GER-Bundesliga,2526,2026-04-26 13:30:00,VfB Stuttgart,Werder Bremen,1,1,1.99681,0.958992,1.99681,0.958992,6.884615384615385,26.0,1,1
GER-Bundesliga,2526,2026-05-02 16:30:00,Bayer Leverkusen,RasenBallsport Leipzig,4,1,5.41733,1.49733,5.41733,1.49733,10.842105263157896,15.3,3,0
GER-Bundesliga,2526,2026-05-02 13:30:00,Bayern Munich,FC Heidenheim,3,3,1.87973,2.48197,1.87973,2.48197,7.461538461538462,23.0,1,1
GER-Bundesliga,2526,2026-05-02 13:30:00,Eintracht Frankfurt,Hamburger SV,1,2,0.992322,0.627209,0.992322,0.627209,6.6,31.22222222222222,0,3
GER-Bundesliga,2526,2026-05-02 13:30:00,Hoffenheim,VfB Stuttgart,3,3,2.6399,1.76153,2.6399,1.76153,10.090909090909092,14.0,1,1
GER-Bundesliga,2526,2026-05-02 13:30:00,Union Berlin,FC Cologne,2,2,0.887532,1.6958,0.887532,1.6958,14.307692307692308,12.88888888888889,1,1
GER-Bundesliga,2526,2026-05-02 13:30:00,Werder Bremen,Augsburg,1,3,0.814452,3.23625,0.814452,3.23625,5.225806451612903,52.857142857142854,0,3
GER-Bundesliga,2526,2026-05-03 15:30:00,Borussia M.Gladbach,Borussia Dortmund,1,0,2.68245,0.4281,2.68245,0.4281,9.966666666666667,10.838709677419354,3,0
GER-Bundesliga,2526,2026-05-03 17:30:00,Freiburg,Wolfsburg,1,1,0.947988,1.11086,0.947988,1.11086,12.6,10.827586206896552,1,1
GER-Bundesliga,2526,2026-05-03 13:30:00,St. Pauli,Mainz 05,1,2,1.08664,2.80672,1.08664,2.80672,16.352941176470587,20.642857142857142,0,3
GER-Bundesliga,2526,2026-05-08 18:30:00,Borussia Dortmund,Eintracht Frankfurt,3,2,2.94988,0.942523,2.94988,0.942523,9.6875,16.4,3,0
GER-Bundesliga,2526,2026-05-09 13:30:00,Augsburg,Borussia M.Gladbach,3,1,2.80244,1.05493,2.80244,1.05493,16.9,7.761904761904762,3,0
GER-Bundesliga,2526,2026-05-09 13:30:00,Hoffenheim,Werder Bremen,1,0,1.28965,1.45272,1.28965,1.45272,7.1,20.7,3,0
GER-Bundesliga,2526,2026-05-09 13:30:00,RasenBallsport Leipzig,St. Pauli,2,1,2.32909,0.945954,2.32909,0.945954,8.647058823529411,20.636363636363637,3,0
GER-Bundesliga,2526,2026-05-09 13:30:00,VfB Stuttgart,Bayer Leverkusen,3,1,3.42891,0.631905,2.67114,0.631905,11.6,14.181818181818182,3,0
GER-Bundesliga,2526,2026-05-09 16:30:00,Wolfsburg,Bayern Munich,0,1,3.26878,1.9054,3.26878,1.14762,21.733333333333334,8.142857142857142,0,3
GER-Bundesliga,2526,2026-05-10 15:30:00,FC Cologne,FC Heidenheim,1,3,1.51486,2.04489,1.51486,2.04489,8.125,30.3,0,3
GER-Bundesliga,2526,2026-05-10 13:30:00,Hamburger SV,Freiburg,3,2,2.02228,0.583605,2.02228,0.583605,9.264705882352942,19.76923076923077,3,0
GER-Bundesliga,2526,2026-05-10 17:30:00,Mainz 05,Union Berlin,1,3,2.09983,2.94155,2.09983,2.94155,13.6,15.933333333333334,0,3
GER-Bundesliga,2526,2026-05-16 13:30:00,Bayer Leverkusen,Hamburger SV,1,1,3.08571,1.63049,2.32793,1.63049,10.863636363636363,33.25,1,1
GER-Bundesliga,2526,2026-05-16 13:30:00,Bayern Munich,FC Cologne,5,1,2.81515,0.880203,2.81515,0.880203,7.64,29.666666666666668,3,0
GER-Bundesliga,2526,2026-05-16 13:30:00,Borussia M.Gladbach,Hoffenheim,4,0,0.845598,1.77286,0.845598,1.77286,15.055555555555555,10.173913043478262,3,0
GER-Bundesliga,2526,2026-05-16 13:30:00,Eintracht Frankfurt,VfB Stuttgart,2,2,2.99231,1.81013,1.47675,1.81013,13.923076923076923,11.227272727272727,1,1
GER-Bundesliga,2526,2026-05-16 13:30:00,FC Heidenheim,Mainz 05,0,2,3.03813,3.90834,3.03813,3.90834,11.117647058823529,14.411764705882353,0,3
GER-Bundesliga,2526,2026-05-16 13:30:00,Freiburg,RasenBallsport Leipzig,4,1,2.54392,1.51341,2.54392,1.51341,10.233333333333333,7.793103448275862,3,0
GER-Bundesliga,2526,2026-05-16 13:30:00,St. Pauli,Wolfsburg,1,3,1.98722,4.0649,1.98722,3.30712,15.823529411764707,8.7,0,3
GER-Bundesliga,2526,2026-05-16 13:30:00,Union Berlin,Augsburg,4,0,2.45125,0.506181,2.45125,0.506181,25.0,12.458333333333334,3,0
GER-Bundesliga,2526,2026-05-16 13:30:00,Werder Bremen,Borussia Dortmund,0,2,0.530615,3.37413,0.530615,3.37413,17.705882352941178,22.6,0,3
ITA-Serie A,2526,2025-08-23 18:45:00,AC Milan,Cremonese,1,2,2.08498,0.363576,2.08498,0.363576,13.647058823529411,17.4,0,3
ITA-Serie A,2526,2025-08-23 16:30:00,Genoa,Lecce,0,0,0.56563,0.55094,0.56563,0.55094,5.434782608695652,8.058823529411764,1,1
ITA-Serie A,2526,2025-08-23 18:45:00,Roma,Bologna,1,0,1.47691,0.443508,1.47691,0.443508,7.96875,12.2,3,0
ITA-Serie A,2526,2025-08-23 16:30:00,Sassuolo,Napoli,0,2,0.298477,1.55456,0.298477,1.55456,15.407407407407407,7.642857142857143,0,3
ITA-Serie A,2526,2025-08-24 18:45:00,Atalanta,Pisa,1,1,2.04697,1.02901,2.04697,1.02901,14.181818181818182,11.296296296296296,1,1
ITA-Serie A,2526,2025-08-24 16:30:00,Cagliari,Fiorentina,1,1,1.51736,1.14261,1.51736,1.14261,11.708333333333334,9.636363636363637,1,1
ITA-Serie A,2526,2025-08-24 16:30:00,Como,Lazio,2,0,1.28478,0.202984,1.28478,0.202984,5.771428571428571,13.038461538461538,3,0
ITA-Serie A,2526,2025-08-24 18:45:00,Juventus,Parma Calcio 1913,2,0,2.74202,0.815567,2.74202,0.815567,7.380952380952381,11.0,3,0
ITA-Serie A,2526,2025-08-25 18:45:00,Inter,Torino,5,0,2.60956,0.816232,2.60956,0.816232,8.161290322580646,41.9,3,0
ITA-Serie A,2526,2025-08-25 16:30:00,Udinese,Verona,1,1,1.05058,0.799203,1.05058,0.799203,7.714285714285714,19.0,1,1
ITA-Serie A,2526,2025-08-29 16:30:00,Cremonese,Sassuolo,3,2,3.52949,1.32978,2.76819,0.568485,13.818181818181818,9.7,3,0
ITA-Serie A,2526,2025-08-29 18:45:00,Lecce,AC Milan,0,2,0.481693,2.13175,0.481693,2.13175,21.785714285714285,21.4,0,3
ITA-Serie A,2526,2025-08-30 16:30:00,Bologna,Como,1,0,1.51584,0.521585,1.51584,0.521585,13.173913043478262,4.642857142857143,3,0
ITA-Serie A,2526,2025-08-30 18:45:00,Napoli,Cagliari,1,0,1.73158,0.64413,1.73158,0.64413,9.238095238095237,32.0,3,0
ITA-Serie A,2526,2025-08-30 16:30:00,Parma Calcio 1913,Atalanta,1,1,0.751112,1.19727,0.751112,1.19727,9.76,10.294117647058824,1,1
ITA-Serie A,2526,2025-08-30 18:45:00,Pisa,Roma,0,1,0.6627,0.953921,0.6627,0.953921,24.666666666666668,4.586206896551724,0,3
ITA-Serie A,2526,2025-08-31 16:30:00,Genoa,Juventus,0,1,0.593013,1.55128,0.593013,1.55128,9.962962962962964,5.735294117647059,0,3
ITA-Serie A,2526,2025-08-31 18:45:00,Inter,Udinese,1,2,1.67172,1.20014,1.67172,0.438844,6.611111111111111,20.333333333333332,0,3
ITA-Serie A,2526,2025-08-31 18:45:00,Lazio,Verona,4,0,3.96645,0.600485,3.96645,0.600485,7.538461538461538,23.157894736842106,3,0
ITA-Serie A,2526,2025-08-31 16:30:00,Torino,Fiorentina,0,0,1.05012,1.18859,1.05012,1.18859,12.157894736842104,8.823529411764707,1,1
ITA-Serie A,2526,2025-09-13 13:00:00,Cagliari,Parma Calcio 1913,2,0,1.76945,1.95549,1.76945,1.95549,9.619047619047619,7.081081081081081,3,0
ITA-Serie A,2526,2025-09-13 18:45:00,Fiorentina,Napoli,1,3,1.39098,3.55376,1.39098,2.79247,9.92,12.130434782608695,0,3
ITA-Serie A,2526,2025-09-13 16:00:00,Juventus,Inter,4,3,0.768943,1.01628,0.768943,1.01628,11.368421052631579,10.7,3,0
ITA-Serie A,2526,2025-09-14 18:45:00,AC Milan,Bologna,1,0,1.15538,0.198634,1.15538,0.198634,16.38095238095238,10.31578947368421,3,0
ITA-Serie A,2526,2025-09-14 13:00:00,Atalanta,Lecce,4,1,2.62415,0.532382,2.62415,0.532382,7.75,18.266666666666666,3,0
ITA-Serie A,2526,2025-09-14 13:00:00,Pisa,Udinese,0,1,1.27587,1.72902,1.27587,1.72902,10.631578947368421,11.25,0,3
ITA-Serie A,2526,2025-09-14 10:30:00,Roma,Torino,0,1,1.02943,0.805089,1.02943,0.805089,5.368421052631579,22.214285714285715,0,3
ITA-Serie A,2526,2025-09-14 16:00:00,Sassuolo,Lazio,1,0,1.2156,0.858246,1.2156,0.858246,17.842105263157894,13.476190476190476,3,0
ITA-Serie A,2526,2025-09-15 18:45:00,Como,Genoa,1,1,1.56467,2.54288,1.56467,2.54288,8.172413793103448,7.891891891891892,1,1
ITA-Serie A,2526,2025-09-15 16:30:00,Verona,Cremonese,0,0,1.8883,0.166346,1.8883,0.166346,11.785714285714286,20.727272727272727,1,1
ITA-Serie A,2526,2025-09-19 18:45:00,Lecce,Cagliari,1,2,1.13998,2.21034,1.13998,1.44904,10.090909090909092,8.88,0,3
ITA-Serie A,2526,2025-09-20 13:00:00,Bologna,Genoa,2,1,1.78786,0.794732,1.02656,0.794732,7.0,10.5,3,0
ITA-Serie A,2526,2025-09-20 18:45:00,Udinese,AC Milan,0,3,0.298364,1.70251,0.298364,1.70251,18.863636363636363,15.307692307692308,0,3
ITA-Serie A,2526,2025-09-20 16:00:00,Verona,Juventus,1,1,1.65885,0.470357,0.897552,0.470357,15.55,5.466666666666667,1,1
ITA-Serie A,2526,2025-09-21 13:00:00,Cremonese,Parma Calcio 1913,0,0,0.172561,0.902031,0.172561,0.902031,15.285714285714286,11.80952380952381,1,1
ITA-Serie A,2526,2025-09-21 16:00:00,Fiorentina,Como,1,2,0.424904,2.09507,0.424904,2.09507,9.290322580645162,5.633333333333334,0,3
ITA-Serie A,2526,2025-09-21 18:45:00,Inter,Sassuolo,2,1,3.12186,0.850824,3.12186,0.850824,7.653846153846154,16.533333333333335,3,0
ITA-Serie A,2526,2025-09-21 10:30:00,Lazio,Roma,0,1,0.666967,1.22639,0.666967,1.22639,10.777777777777779,6.138888888888889,0,3
ITA-Serie A,2526,2025-09-21 13:00:00,Torino,Atalanta,0,3,1.31336,1.67723,0.43578,1.67723,15.958333333333334,12.842105263157896,0,3
ITA-Serie A,2526,2025-09-22 18:45:00,Napoli,Pisa,3,2,1.18611,2.51985,1.18611,1.75855,7.76,14.44,3,0
ITA-Serie A,2526,2025-09-27 18:45:00,Cagliari,Inter,0,2,0.475174,3.95419,0.475174,3.95419,10.6,9.166666666666666,0,3
ITA-Serie A,2526,2025-09-27 13:00:00,Como,Cremonese,1,1,1.44033,0.564557,1.44033,0.564557,6.884615384615385,17.176470588235293,1,1
ITA-Serie A,2526,2025-09-27 16:00:00,Juventus,Atalanta,1,1,1.84242,0.885278,1.84242,0.885278,9.0,31.272727272727273,1,1
ITA-Serie A,2526,2025-09-28 18:45:00,AC Milan,Napoli,2,1,0.952575,2.23894,0.952575,1.47764,21.285714285714285,13.444444444444445,3,0
ITA-Serie A,2526,2025-09-28 16:00:00,Lecce,Bologna,2,2,2.09017,1.5908,2.09017,0.829502,13.695652173913043,4.916666666666667,1,1
ITA-Serie A,2526,2025-09-28 13:00:00,Pisa,Fiorentina,0,0,0.580471,0.840093,0.580471,0.840093,8.714285714285714,4.071428571428571,1,1
ITA-Serie A,2526,2025-09-28 13:00:00,Roma,Verona,2,0,1.30542,1.35351,1.30542,1.35351,7.368421052631579,8.407407407407407,3,0
ITA-Serie A,2526,2025-09-28 10:30:00,Sassuolo,Udinese,3,1,2.31332,1.19344,2.31332,1.19344,20.083333333333332,5.466666666666667,3,0
ITA-Serie A,2526,2025-09-29 18:45:00,Genoa,Lazio,0,3,1.47659,3.54059,1.47659,3.54059,5.62962962962963,15.75,0,3
ITA-Serie A,2526,2025-09-29 16:30:00,Parma Calcio 1913,Torino,2,1,1.44462,0.660829,0.683322,0.660829,14.764705882352942,9.0,3,0
ITA-Serie A,2526,2025-10-03 18:45:00,Verona,Sassuolo,0,1,0.810981,1.5058,0.810981,0.561962,8.043478260869565,11.2,0,3
ITA-Serie A,2526,2025-10-04 18:45:00,Atalanta,Como,1,1,1.74169,0.959121,1.74169,0.959121,9.806451612903226,12.041666666666666,1,1
ITA-Serie A,2526,2025-10-04 16:00:00,Inter,Cremonese,4,1,4.65231,0.619599,4.65231,0.619599,7.08,26.416666666666668,3,0
ITA-Serie A,2526,2025-10-04 13:00:00,Lazio,Torino,3,3,1.45075,2.18108,0.68945,2.18108,10.875,7.0,1,1
ITA-Serie A,2526,2025-10-04 13:00:00,Parma Calcio 1913,Lecce,0,1,1.08896,0.622459,1.08896,0.622459,7.25,17.933333333333334,0,3
ITA-Serie A,2526,2025-10-05 13:00:00,Bologna,Pisa,4,0,3.69928,0.0265067,3.69928,0.0265067,4.666666666666667,13.045454545454545,3,0
ITA-Serie A,2526,2025-10-05 13:00:00,Fiorentina,Roma,1,2,1.11719,1.22512,1.11719,1.22512,13.047619047619047,7.290322580645161,0,3
ITA-Serie A,2526,2025-10-05 18:45:00,Juventus,AC Milan,0,0,0.570595,1.55707,0.570595,0.795771,21.428571428571427,22.076923076923077,1,1
ITA-Serie A,2526,2025-10-05 16:00:00,Napoli,Genoa,2,1,1.87915,0.691583,1.87915,0.691583,6.095238095238095,13.791666666666666,3,0
ITA-Serie A,2526,2025-10-05 10:30:00,Udinese,Cagliari,1,1,2.98545,0.789093,2.98545,0.789093,7.523809523809524,13.5,1,1
ITA-Serie A,2526,2025-10-18 13:00:00,Lecce,Sassuolo,0,0,0.66998,0.77146,0.66998,0.77146,11.095238095238095,10.428571428571429,1,1
ITA-Serie A,2526,2025-10-18 13:00:00,Pisa,Verona,0,0,0.572009,1.65491,0.572009,1.65491,10.076923076923077,10.535714285714286,1,1
ITA-Serie A,2526,2025-10-18 18:45:00,Roma,Inter,0,1,2.1538,0.96386,2.1538,0.96386,8.791666666666666,8.742857142857142,0,3
ITA-Serie A,2526,2025-10-18 16:00:00,Torino,Napoli,1,0,1.90815,1.71911,1.90815,1.71911,25.384615384615383,8.882352941176471,3,0
ITA-Serie A,2526,2025-10-19 18:45:00,AC Milan,Fiorentina,2,1,2.01853,0.965997,1.25723,0.965997,10.55,16.625,3,0
ITA-Serie A,2526,2025-10-19 16:00:00,Atalanta,Lazio,0,0,2.38095,0.220276,2.38095,0.220276,11.772727272727273,20.0,1,1
ITA-Serie A,2526,2025-10-19 13:00:00,Cagliari,Bologna,0,2,0.367775,1.15836,0.367775,1.15836,14.789473684210526,5.9375,0,3
ITA-Serie A,2526,2025-10-19 10:30:00,Como,Juventus,2,0,1.68785,0.964723,1.68785,0.964723,8.529411764705882,6.7,3,0
ITA-Serie A,2526,2025-10-19 13:00:00,Genoa,Parma Calcio 1913,0,0,2.21692,0.0544873,1.45562,0.0544873,5.857142857142857,14.0,1,1
ITA-Serie A,2526,2025-10-20 18:45:00,Cremonese,Udinese,1,1,1.22876,0.962572,1.22876,0.962572,7.782608695652174,9.227272727272727,1,1
ITA-Serie A,2526,2025-10-24 18:45:00,AC Milan,Pisa,2,2,1.97232,1.22514,1.97232,0.463839,10.625,13.583333333333334,1,1
ITA-Serie A,2526,2025-10-25 18:45:00,Cremonese,Atalanta,1,1,0.967146,1.62371,0.967146,1.62371,23.833333333333332,9.071428571428571,1,1
ITA-Serie A,2526,2025-10-25 16:00:00,Napoli,Inter,3,1,1.18626,2.07077,0.424965,1.30947,22.785714285714285,18.636363636363637,3,0
ITA-Serie A,2526,2025-10-25 13:00:00,Parma Calcio 1913,Como,0,0,1.56651,0.387121,1.56651,0.387121,16.956521739130434,4.111111111111111,1,1
ITA-Serie A,2526,2025-10-25 13:00:00,Udinese,Lecce,3,2,1.51576,0.373551,1.51576,0.373551,9.037037037037036,5.9375,3,0
ITA-Serie A,2526,2025-10-26 16:00:00,Fiorentina,Bologna,2,2,3.87905,0.883347,2.35645,0.883347,10.11111111111111,9.05,1,1
ITA-Serie A,2526,2025-10-26 18:45:00,Lazio,Juventus,1,0,0.905304,1.24614,0.905304,1.24614,27.09090909090909,7.214285714285714,3,0
ITA-Serie A,2526,2025-10-26 13:00:00,Sassuolo,Roma,0,1,0.949353,2.25968,0.949353,2.25968,12.045454545454545,9.722222222222221,0,3
ITA-Serie A,2526,2025-10-26 10:30:00,Torino,Genoa,2,1,1.8196,1.9796,1.8196,1.9796,7.7727272727272725,21.5,3,0
ITA-Serie A,2526,2025-10-26 13:00:00,Verona,Cagliari,2,2,2.03687,0.837271,2.03687,0.837271,15.791666666666666,7.523809523809524,1,1
ITA-Serie A,2526,2025-10-28 18:45:00,Atalanta,AC Milan,1,1,1.28167,0.626418,1.28167,0.626418,13.31578947368421,19.5,1,1
ITA-Serie A,2526,2025-10-28 16:30:00,Lecce,Napoli,0,1,1.02929,0.92446,0.267994,0.92446,11.964285714285714,7.62962962962963,0,3
ITA-Serie A,2526,2025-10-29 18:45:00,Bologna,Torino,0,0,0.3322,0.797473,0.3322,0.797473,7.529411764705882,20.42105263157895,1,1
ITA-Serie A,2526,2025-10-29 16:30:00,Como,Verona,3,1,1.74279,1.69938,1.74279,1.69938,4.681818181818182,12.222222222222221,3,0
ITA-Serie A,2526,2025-10-29 18:45:00,Genoa,Cremonese,0,2,1.3491,1.57974,1.3491,1.57974,4.4375,7.3076923076923075,0,3
ITA-Serie A,2526,2025-10-29 18:45:00,Inter,Fiorentina,3,0,2.87253,0.741937,2.11123,0.741937,9.0,13.478260869565217,3,0
ITA-Serie A,2526,2025-10-29 16:30:00,Juventus,Udinese,3,1,3.30641,0.604108,1.78381,0.604108,9.409090909090908,20.307692307692307,3,0
ITA-Serie A,2526,2025-10-29 16:30:00,Roma,Parma Calcio 1913,2,1,1.15685,1.17796,1.15685,1.17796,8.192307692307692,19.4,3,0
ITA-Serie A,2526,2025-10-30 16:30:00,Cagliari,Sassuolo,1,2,0.845219,0.937652,0.845219,0.937652,12.941176470588236,12.117647058823529,0,3
ITA-Serie A,2526,2025-10-30 18:45:00,Pisa,Lazio,0,0,0.780185,0.657914,0.780185,0.657914,12.366666666666667,11.25,1,1
ITA-Serie A,2526,2025-11-01 19:45:00,Cremonese,Juventus,1,2,0.611392,2.61402,0.611392,2.61402,11.857142857142858,21.133333333333333,0,3
ITA-Serie A,2526,2025-11-01 17:00:00,Napoli,Como,0,0,0.762314,1.17012,0.762314,0.401891,10.615384615384615,8.25,1,1
ITA-Serie A,2526,2025-11-01 14:00:00,Udinese,Atalanta,1,0,0.707338,0.270197,0.707338,0.270197,11.566666666666666,11.1875,3,0
ITA-Serie A,2526,2025-11-02 19:45:00,AC Milan,Roma,1,0,3.76419,1.95443,3.76419,1.19313,33.125,9.4,3,0
ITA-Serie A,2526,2025-11-02 14:00:00,Fiorentina,Lecce,0,1,1.38997,1.3239,1.38997,1.3239,7.411764705882353,11.12,0,3
ITA-Serie A,2526,2025-11-02 17:00:00,Parma Calcio 1913,Bologna,1,3,0.622333,3.51745,0.622333,3.51745,8.772727272727273,7.2,0,3
ITA-Serie A,2526,2025-11-02 14:00:00,Torino,Pisa,2,2,1.22388,1.90329,1.22388,1.14199,9.352941176470589,21.285714285714285,1,1
ITA-Serie A,2526,2025-11-02 11:30:00,Verona,Inter,1,2,0.372642,1.15025,0.372642,1.15025,20.0,9.23076923076923,0,3
ITA-Serie A,2526,2025-11-03 19:45:00,Lazio,Cagliari,2,0,0.587684,1.48457,0.587684,1.48457,20.285714285714285,12.045454545454545,3,0
ITA-Serie A,2526,2025-11-03 17:30:00,Sassuolo,Genoa,1,2,1.31641,1.83271,1.31641,1.83271,9.210526315789474,15.9,0,3
ITA-Serie A,2526,2025-11-07 19:45:00,Pisa,Cremonese,1,0,1.45109,1.23118,1.45109,1.23118,12.727272727272727,6.6923076923076925,3,0
ITA-Serie A,2526,2025-11-08 14:00:00,Como,Cagliari,0,0,1.0497,0.615264,1.0497,0.615264,3.1944444444444446,27.642857142857142,1,1
ITA-Serie A,2526,2025-11-08 17:00:00,Juventus,Torino,0,0,1.93707,0.405589,1.93707,0.405589,6.071428571428571,42.8,1,1
ITA-Serie A,2526,2025-11-08 14:00:00,Lecce,Verona,0,0,0.555045,0.691863,0.555045,0.691863,5.409090909090909,6.892857142857143,1,1
ITA-Serie A,2526,2025-11-08 19:45:00,Parma Calcio 1913,AC Milan,2,2,1.45012,2.05467,1.45012,1.29337,19.733333333333334,17.866666666666667,1,1
ITA-Serie A,2526,2025-11-09 11:30:00,Atalanta,Sassuolo,0,3,0.707859,2.20132,0.707859,1.44002,9.285714285714286,20.210526315789473,0,3
ITA-Serie A,2526,2025-11-09 14:00:00,Bologna,Napoli,2,0,1.64488,0.19503,1.64488,0.19503,16.0,10.222222222222221,3,0
ITA-Serie A,2526,2025-11-09 14:00:00,Genoa,Fiorentina,2,2,1.58884,1.33019,0.827544,0.568896,9.172413793103448,11.142857142857142,1,1
ITA-Serie A,2526,2025-11-09 19:45:00,Inter,Lazio,2,0,1.73965,0.54928,1.73965,0.54928,7.25,18.68421052631579,3,0
ITA-Serie A,2526,2025-11-09 17:00:00,Roma,Udinese,2,0,1.75728,0.928685,0.995979,0.928685,8.96,10.458333333333334,3,0
ITA-Serie A,2526,2025-11-22 14:00:00,Cagliari,Genoa,3,3,1.37329,1.61562,1.37329,1.61562,7.821428571428571,7.4,1,1
ITA-Serie A,2526,2025-11-22 17:00:00,Fiorentina,Juventus,1,1,0.659308,1.65053,0.659308,1.65053,21.071428571428573,11.210526315789474,1,1
ITA-Serie A,2526,2025-11-22 19:45:00,Napoli,Atalanta,3,1,2.02765,0.825775,2.02765,0.825775,17.470588235294116,14.052631578947368,3,0
ITA-Serie A,2526,2025-11-22 14:00:00,Udinese,Bologna,0,3,1.88758,2.88287,1.88758,2.12157,5.6875,6.04,0,3
ITA-Serie A,2526,2025-11-23 14:00:00,Cremonese,Roma,1,3,1.25617,1.73178,1.25617,1.73178,9.863636363636363,12.75,0,3
ITA-Serie A,2526,2025-11-23 19:45:00,Inter,AC Milan,0,1,1.74448,0.856085,0.983176,0.856085,9.909090909090908,21.8,0,3
ITA-Serie A,2526,2025-11-23 17:00:00,Lazio,Lecce,2,0,1.49492,0.544669,1.49492,0.544669,10.35,23.8,3,0
ITA-Serie A,2526,2025-11-23 11:30:00,Verona,Parma Calcio 1913,1,2,0.943021,1.51628,0.943021,1.51628,4.944444444444445,14.75,0,3
ITA-Serie A,2526,2025-11-24 19:45:00,Sassuolo,Pisa,2,2,2.21345,1.38602,2.21345,0.624718,9.736842105263158,13.38888888888889,1,1
ITA-Serie A,2526,2025-11-24 17:30:00,Torino,Como,1,5,1.42986,3.37909,0.668562,3.37909,15.434782608695652,8.526315789473685,0,3
ITA-Serie A,2526,2025-11-28 19:45:00,Como,Sassuolo,2,0,1.73426,1.12902,1.73426,1.12902,15.357142857142858,48.55555555555556,3,0
ITA-Serie A,2526,2025-11-29 19:45:00,AC Milan,Lazio,1,0,1.48113,0.899621,1.48113,0.899621,15.090909090909092,17.0,3,0
ITA-Serie A,2526,2025-11-29 14:00:00,Genoa,Verona,2,1,1.64897,2.60658,1.64897,2.60658,7.65,9.518518518518519,3,0
ITA-Serie A,2526,2025-11-29 17:00:00,Juventus,Cagliari,2,1,1.5343,0.891103,1.5343,0.891103,10.129032258064516,18.842105263157894,3,0
ITA-Serie A,2526,2025-11-29 14:00:00,Parma Calcio 1913,Udinese,0,2,1.03649,1.87351,1.03649,1.11222,17.416666666666668,7.6,0,3
ITA-Serie A,2526,2025-11-30 17:00:00,Atalanta,Fiorentina,2,0,2.29028,2.01961,2.29028,2.01961,12.2,13.647058823529411,3,0
ITA-Serie A,2526,2025-11-30 11:30:00,Lecce,Torino,2,1,0.948606,2.0632,0.948606,1.3019,10.052631578947368,6.2,3,0
ITA-Serie A,2526,2025-11-30 14:00:00,Pisa,Inter,0,2,1.80715,2.04777,1.80715,2.04777,25.2,8.818181818181818,0,3
ITA-Serie A,2526,2025-11-30 19:45:00,Roma,Napoli,0,1,0.611755,1.33114,0.611755,1.33114,9.56,18.294117647058822,0,3
ITA-Serie A,2526,2025-12-01 19:45:00,Bologna,Cremonese,1,3,2.11713,2.33533,1.35583,2.33533,4.103448275862069,18.142857142857142,0,3
ITA-Serie A,2526,2025-12-06 17:00:00,Inter,Como,4,0,2.26559,0.943403,2.26559,0.943403,15.25,11.157894736842104,3,0
ITA-Serie A,2526,2025-12-06 14:00:00,Sassuolo,Fiorentina,3,1,1.64053,1.20662,1.64053,0.445324,17.9375,7.782608695652174,3,0
ITA-Serie A,2526,2025-12-06 19:45:00,Verona,Atalanta,3,1,1.60244,1.76527,1.60244,1.00397,11.555555555555555,6.2631578947368425,3,0
ITA-Serie A,2526,2025-12-07 14:00:00,Cagliari,Roma,1,0,1.40358,0.451691,1.40358,0.451691,9.5,9.9,3,0
ITA-Serie A,2526,2025-12-07 11:30:00,Cremonese,Lecce,2,0,2.08254,1.37526,1.32124,1.37526,8.722222222222221,5.774193548387097,3,0
ITA-Serie A,2526,2025-12-07 17:00:00,Lazio,Bologna,1,1,1.24155,1.23115,1.24155,1.23115,11.884615384615385,9.407407407407407,1,1
ITA-Serie A,2526,2025-12-07 19:45:00,Napoli,Juventus,2,1,2.1655,0.24335,2.1655,0.24335,12.6,15.411764705882353,3,0
ITA-Serie A,2526,2025-12-08 14:00:00,Pisa,Parma Calcio 1913,0,1,1.56873,1.49837,1.56873,0.737068,7.565217391304348,26.75,0,3
ITA-Serie A,2526,2025-12-08 19:45:00,Torino,AC Milan,2,3,1.01008,2.10495,0.248785,2.10495,12.576923076923077,17.6,0,3
ITA-Serie A,2526,2025-12-08 17:00:00,Udinese,Genoa,1,2,1.49196,1.5362,1.49196,0.774898,5.4,11.722222222222221,0,3
ITA-Serie A,2526,2025-12-12 19:45:00,Lecce,Pisa,1,0,2.79987,0.303651,2.79987,0.303651,9.083333333333334,29.428571428571427,3,0
ITA-Serie A,2526,2025-12-13 19:45:00,Atalanta,Cagliari,2,1,3.08558,0.568619,3.08558,0.568619,11.08695652173913,13.26086956521739,3,0
ITA-Serie A,2526,2025-12-13 17:00:00,Parma Calcio 1913,Lazio,0,1,1.08166,1.76573,1.08166,1.76573,15.235294117647058,16.5,0,3
ITA-Serie A,2526,2025-12-13 14:00:00,Torino,Cremonese,1,0,1.94598,0.700243,1.94598,0.700243,7.903225806451613,9.714285714285714,3,0
ITA-Serie A,2526,2025-12-14 11:30:00,AC Milan,Sassuolo,2,2,1.83346,1.02843,1.83346,1.02843,10.478260869565217,14.318181818181818,1,1
ITA-Serie A,2526,2025-12-14 19:45:00,Bologna,Juventus,0,1,0.97387,2.07145,0.97387,2.07145,13.68421052631579,18.25,0,3
ITA-Serie A,2526,2025-12-14 14:00:00,Fiorentina,Verona,1,2,2.41776,1.53867,2.41776,1.53867,7.166666666666667,8.724137931034482,0,3
ITA-Serie A,2526,2025-12-14 17:00:00,Genoa,Inter,1,2,0.895295,2.04412,0.895295,2.04412,16.88235294117647,5.733333333333333,0,3
ITA-Serie A,2526,2025-12-14 14:00:00,Udinese,Napoli,1,0,1.84146,0.931427,1.84146,0.931427,10.172413793103448,9.266666666666667,3,0
ITA-Serie A,2526,2025-12-15 19:45:00,Roma,Como,1,0,1.65562,0.635872,1.65562,0.635872,6.181818181818182,12.277777777777779,3,0
ITA-Serie A,2526,2025-12-20 19:45:00,Juventus,Roma,2,1,3.09592,1.28421,3.09592,1.28421,17.0,8.291666666666666,3,0
ITA-Serie A,2526,2025-12-20 17:00:00,Lazio,Cremonese,0,0,0.432769,0.70974,0.432769,0.70974,11.68,15.772727272727273,1,1
ITA-Serie A,2526,2025-12-21 11:30:00,Cagliari,Pisa,2,2,1.20171,2.02532,1.20171,1.26402,7.764705882352941,8.321428571428571,1,1
ITA-Serie A,2526,2025-12-21 17:00:00,Fiorentina,Udinese,5,1,3.24808,0.794951,3.24808,0.794951,11.176470588235293,37.77777777777778,3,0
ITA-Serie A,2526,2025-12-21 19:45:00,Genoa,Atalanta,0,1,0.967673,1.76564,0.967673,1.76564,14.428571428571429,3.6206896551724137,0,3
ITA-Serie A,2526,2025-12-21 14:00:00,Sassuolo,Torino,0,1,0.580849,2.00002,0.580849,1.23872,13.166666666666666,8.242424242424242,0,3
ITA-Serie A,2526,2025-12-27 14:00:00,Lecce,Como,0,3,1.15442,2.33352,1.15442,2.33352,10.862068965517242,4.615384615384615,0,3
ITA-Serie A,2526,2025-12-27 11:30:00,Parma Calcio 1913,Fiorentina,1,0,1.26451,1.2463,1.26451,1.2463,16.466666666666665,6.074074074074074,3,0
ITA-Serie A,2526,2025-12-27 19:45:00,Pisa,Juventus,0,2,0.64162,1.2875,0.64162,1.2875,13.277777777777779,9.105263157894736,0,3
ITA-Serie A,2526,2025-12-27 14:00:00,Torino,Cagliari,1,2,2.4609,0.994774,2.4609,0.994774,11.894736842105264,15.294117647058824,0,3
ITA-Serie A,2526,2025-12-27 17:00:00,Udinese,Lazio,1,1,0.806561,0.848022,0.806561,0.848022,11.782608695652174,12.625,1,1
ITA-Serie A,2526,2025-12-28 11:30:00,AC Milan,Verona,3,0,2.87827,0.32776,2.11697,0.32776,15.4,8.620689655172415,3,0
ITA-Serie A,2526,2025-12-28 19:45:00,Atalanta,Inter,0,1,1.16924,1.63271,1.16924,1.63271,18.941176470588236,8.366666666666667,0,3
ITA-Serie A,2526,2025-12-28 17:00:00,Bologna,Sassuolo,1,1,0.937045,1.52306,0.937045,1.52306,5.942857142857143,10.590909090909092,1,1
ITA-Serie A,2526,2025-12-28 14:00:00,Cremonese,Napoli,0,2,0.276244,2.85402,0.276244,2.85402,12.571428571428571,20.25,0,3
ITA-Serie A,2526,2025-12-29 19:45:00,Roma,Genoa,3,1,1.86118,0.510864,1.86118,0.510864,9.857142857142858,9.903225806451612,3,0
ITA-Serie A,2526,2026-01-02 19:45:00,Cagliari,AC Milan,0,1,0.308283,0.893304,0.308283,0.893304,27.583333333333332,10.964285714285714,0,3
ITA-Serie A,2526,2026-01-03 19:45:00,Atalanta,Roma,1,0,2.73637,1.01018,2.73637,1.01018,12.090909090909092,6.833333333333333,3,0
ITA-Serie A,2526,2026-01-03 11:30:00,Como,Udinese,1,0,2.38351,0.245,1.62221,0.245,5.575,14.952380952380953,3,0
ITA-Serie A,2526,2026-01-03 14:00:00,Genoa,Pisa,1,1,0.569456,1.5538,0.569456,1.5538,8.846153846153847,7.862068965517241,1,1
ITA-Serie A,2526,2026-01-03 17:00:00,Juventus,Lecce,1,1,3.59395,0.176301,2.83265,0.176301,6.304347826086956,19.75,1,1
ITA-Serie A,2526,2026-01-03 14:00:00,Sassuolo,Parma Calcio 1913,1,1,1.0095,1.18268,1.0095,1.18268,14.444444444444445,11.61111111111111,1,1
ITA-Serie A,2526,2026-01-04 14:00:00,Fiorentina,Cremonese,1,0,2.20676,0.752862,2.20676,0.752862,10.75,14.222222222222221,3,0
ITA-Serie A,2526,2026-01-04 19:45:00,Inter,Bologna,3,1,4.26719,0.782906,4.26719,0.782906,7.137931034482759,7.5,3,0
ITA-Serie A,2526,2026-01-04 11:30:00,Lazio,Napoli,0,2,0.405788,2.42503,0.405788,2.42503,30.733333333333334,9.904761904761905,0,3
ITA-Serie A,2526,2026-01-04 17:00:00,Verona,Torino,0,3,0.260564,1.70287,0.260564,1.70287,9.482758620689655,8.130434782608695,0,3
ITA-Serie A,2526,2026-01-06 17:00:00,Lecce,Roma,0,2,0.604725,1.89163,0.604725,1.89163,8.681818181818182,6.0606060606060606,0,3
ITA-Serie A,2526,2026-01-06 14:00:00,Pisa,Como,0,3,1.71183,2.10363,0.950532,1.34233,24.214285714285715,3.4642857142857144,0,3
ITA-Serie A,2526,2026-01-06 19:45:00,Sassuolo,Juventus,0,3,0.203716,2.90778,0.203716,2.90778,46.166666666666664,9.0,0,3
ITA-Serie A,2526,2026-01-07 17:30:00,Bologna,Atalanta,0,2,1.11527,1.33342,1.11527,1.33342,12.266666666666667,11.380952380952381,0,3
ITA-Serie A,2526,2026-01-07 19:45:00,Lazio,Fiorentina,2,2,2.70815,1.51944,1.94685,0.758145,21.066666666666666,14.823529411764707,1,1
ITA-Serie A,2526,2026-01-07 17:30:00,Napoli,Verona,2,2,1.57287,1.29178,1.57287,0.530478,10.571428571428571,16.91304347826087,1,1
ITA-Serie A,2526,2026-01-07 19:45:00,Parma Calcio 1913,Inter,0,2,0.261054,3.08782,0.261054,3.08782,33.666666666666664,6.6875,0,3
ITA-Serie A,2526,2026-01-07 19:45:00,Torino,Udinese,1,2,1.67388,2.31786,1.67388,2.31786,5.5,12.944444444444445,0,3
ITA-Serie A,2526,2026-01-08 19:45:00,AC Milan,Genoa,1,1,2.11615,1.43745,2.11615,0.676154,8.88,38.57142857142857,1,1
ITA-Serie A,2526,2026-01-08 17:30:00,Cremonese,Cagliari,2,2,2.2527,1.78257,2.2527,1.78257,17.944444444444443,13.277777777777779,1,1
ITA-Serie A,2526,2026-01-10 19:45:00,Atalanta,Torino,2,0,2.55106,0.945872,2.55106,0.945872,8.185185185185185,8.566666666666666,3,0
ITA-Serie A,2526,2026-01-10 14:00:00,Como,Bologna,1,1,1.13923,1.54894,1.13923,1.54894,8.285714285714286,18.4,1,1
ITA-Serie A,2526,2026-01-10 17:00:00,Roma,Sassuolo,2,0,2.95843,0.858537,2.95843,0.858537,5.416666666666667,12.32,3,0
ITA-Serie A,2526,2026-01-10 14:00:00,Udinese,Pisa,2,2,2.18018,1.42671,1.41888,1.42671,9.466666666666667,6.925925925925926,1,1
ITA-Serie A,2526,2026-01-11 14:00:00,Fiorentina,AC Milan,1,1,2.38025,2.05263,2.38025,2.05263,12.45,11.454545454545455,1,1
ITA-Serie A,2526,2026-01-11 19:45:00,Inter,Napoli,2,2,1.6567,1.38417,0.895403,1.38417,13.208333333333334,11.35,1,1
ITA-Serie A,2526,2026-01-11 11:30:00,Lecce,Parma Calcio 1913,1,2,0.842154,1.46392,0.842154,1.46392,11.863636363636363,5.37037037037037,0,3
ITA-Serie A,2526,2026-01-11 17:00:00,Verona,Lazio,0,1,0.584887,0.64447,0.584887,0.64447,19.26086956521739,12.529411764705882,0,3
ITA-Serie A,2526,2026-01-12 17:30:00,Genoa,Cagliari,3,0,1.26155,1.00677,1.26155,1.00677,13.863636363636363,9.576923076923077,3,0
ITA-Serie A,2526,2026-01-12 19:45:00,Juventus,Cremonese,5,0,3.2309,1.1134,2.33463,1.1134,9.76923076923077,41.75,3,0
ITA-Serie A,2526,2026-01-14 19:45:00,Inter,Lecce,1,0,1.91676,0.468829,1.91676,0.468829,5.318181818181818,19.5,3,0
ITA-Serie A,2526,2026-01-14 17:30:00,Napoli,Parma Calcio 1913,0,0,1.29671,0.230185,1.29671,0.230185,8.391304347826088,38.25,1,1
ITA-Serie A,2526,2026-01-15 19:45:00,Como,AC Milan,1,3,1.86946,1.3926,1.86946,0.631299,9.285714285714286,25.0625,0,3
ITA-Serie A,2526,2026-01-15 17:30:00,Verona,Bologna,2,3,1.6881,0.690747,1.6881,0.690747,16.095238095238095,9.6,0,3
ITA-Serie A,2526,2026-01-16 19:45:00,Pisa,Atalanta,1,1,1.63695,1.77359,1.63695,1.77359,11.08695652173913,8.357142857142858,1,1
ITA-Serie A,2526,2026-01-17 19:45:00,Cagliari,Juventus,1,0,0.176118,0.872689,0.176118,0.872689,20.466666666666665,4.318181818181818,3,0
ITA-Serie A,2526,2026-01-17 17:00:00,Napoli,Sassuolo,1,0,0.605235,1.12352,0.605235,1.12352,15.222222222222221,15.523809523809524,3,0
ITA-Serie A,2526,2026-01-17 14:00:00,Udinese,Inter,0,1,0.130821,2.17475,0.130821,2.17475,15.583333333333334,9.12,0,3
ITA-Serie A,2526,2026-01-18 19:45:00,AC Milan,Lecce,1,0,3.17447,0.1816,3.17447,0.1816,9.421052631578947,23.473684210526315,3,0
ITA-Serie A,2526,2026-01-18 14:00:00,Bologna,Fiorentina,1,2,1.34398,1.64563,1.34398,1.64563,8.666666666666666,18.5,0,3
ITA-Serie A,2526,2026-01-18 11:30:00,Parma Calcio 1913,Genoa,0,0,0.463872,1.07465,0.463872,1.07465,12.705882352941176,6.545454545454546,1,1
ITA-Serie A,2526,2026-01-18 17:00:00,Torino,Roma,0,2,0.394429,2.02736,0.394429,2.02736,8.758620689655173,9.785714285714286,0,3
ITA-Serie A,2526,2026-01-19 17:30:00,Cremonese,Verona,0,0,0.452062,0.487484,0.452062,0.487484,10.125,13.476190476190476,1,1
ITA-Serie A,2526,2026-01-19 19:45:00,Lazio,Como,0,3,0.465283,2.28394,0.465283,1.52264,23.916666666666668,12.523809523809524,0,3
ITA-Serie A,2526,2026-01-23 19:45:00,Inter,Pisa,6,2,6.24369,0.453549,5.4824,0.453549,10.3125,7.757575757575758,3,0
ITA-Serie A,2526,2026-01-24 14:00:00,Como,Torino,6,0,3.15343,0.327418,2.39213,0.327418,20.363636363636363,17.36842105263158,3,0
ITA-Serie A,2526,2026-01-24 17:00:00,Fiorentina,Cagliari,1,2,2.09156,1.27897,2.09156,1.27897,8.05,18.705882352941178,0,3
ITA-Serie A,2526,2026-01-24 19:45:00,Lecce,Lazio,0,0,0.601024,0.716991,0.601024,0.716991,10.852941176470589,13.0,1,1
ITA-Serie A,2526,2026-01-25 14:00:00,Atalanta,Parma Calcio 1913,4,0,5.01888,1.86533,4.25758,1.86533,11.4,15.058823529411764,3,0
ITA-Serie A,2526,2026-01-25 14:00:00,Genoa,Bologna,3,2,0.706857,0.591952,0.706857,0.591952,11.3125,9.25,3,0
ITA-Serie A,2526,2026-01-25 17:00:00,Juventus,Napoli,3,0,1.54679,0.421726,1.54679,0.421726,12.06060606060606,11.941176470588236,3,0
ITA-Serie A,2526,2026-01-25 19:45:00,Roma,AC Milan,1,1,2.13573,0.583212,1.37443,0.583212,8.8125,16.2,1,1
ITA-Serie A,2526,2026-01-25 11:30:00,Sassuolo,Cremonese,1,0,1.3787,0.845543,1.3787,0.845543,13.529411764705882,9.173913043478262,3,0
ITA-Serie A,2526,2026-01-26 19:45:00,Verona,Udinese,1,3,0.573784,1.93652,0.573784,1.93652,10.7,12.705882352941176,0,3
ITA-Serie A,2526,2026-01-30 19:45:00,Lazio,Genoa,3,2,2.06649,1.83307,0.543893,1.07177,19.25,15.411764705882353,3,0
ITA-Serie A,2526,2026-01-31 19:45:00,Cagliari,Verona,4,0,1.98129,0.374813,1.98129,0.374813,23.7,13.9375,3,0
ITA-Serie A,2526,2026-01-31 17:00:00,Napoli,Fiorentina,2,1,2.39619,1.81202,2.39619,1.81202,14.789473684210526,22.076923076923077,3,0
ITA-Serie A,2526,2026-01-31 14:00:00,Pisa,Sassuolo,1,3,0.773575,2.20331,0.773575,2.20331,10.052631578947368,14.0,0,3
ITA-Serie A,2526,2026-02-01 14:00:00,Como,Atalanta,0,0,5.96884,0.785014,5.20754,0.785014,3.9047619047619047,25.846153846153847,1,1
ITA-Serie A,2526,2026-02-01 17:00:00,Cremonese,Inter,0,2,0.510166,2.18311,0.510166,2.18311,14.772727272727273,7.894736842105263,0,3
ITA-Serie A,2526,2026-02-01 19:45:00,Parma Calcio 1913,Juventus,1,4,0.598397,3.51941,0.598397,3.51941,13.454545454545455,10.19047619047619,0,3
ITA-Serie A,2526,2026-02-01 11:30:00,Torino,Lecce,1,0,2.48263,0.468464,2.48263,0.468464,10.157894736842104,8.523809523809524,3,0
ITA-Serie A,2526,2026-02-02 19:45:00,Udinese,Roma,1,0,0.642594,0.668752,0.642594,0.668752,13.708333333333334,5.151515151515151,3,0
ITA-Serie A,2526,2026-02-03 19:45:00,Bologna,AC Milan,0,3,0.440526,3.35769,0.440526,2.59639,11.0,20.583333333333332,0,3
ITA-Serie A,2526,2026-02-06 19:45:00,Verona,Pisa,0,0,0.0783843,1.26143,0.0783843,1.26143,7.095238095238095,13.045454545454545,1,1
ITA-Serie A,2526,2026-02-07 19:45:00,Fiorentina,Torino,2,2,1.27203,1.0134,1.27203,1.0134,26.666666666666668,11.461538461538462,1,1
ITA-Serie A,2526,2026-02-07 17:00:00,Genoa,Napoli,2,3,1.32462,1.89784,0.56332,1.13654,11.964285714285714,9.9375,0,3
ITA-Serie A,2526,2026-02-08 11:30:00,Bologna,Parma Calcio 1913,0,1,1.64658,0.193041,1.64658,0.193041,19.333333333333332,12.76923076923077,0,3
ITA-Serie A,2526,2026-02-08 19:45:00,Juventus,Lazio,2,2,2.85607,0.808824,2.85607,0.808824,12.947368421052632,22.625,1,1
ITA-Serie A,2526,2026-02-08 14:00:00,Lecce,Udinese,2,1,2.18624,0.895031,2.18624,0.133732,7.0,6.185185185185185,3,0
ITA-Serie A,2526,2026-02-08 17:00:00,Sassuolo,Inter,0,5,0.721597,2.75112,0.721597,2.75112,38.666666666666664,13.375,0,3
ITA-Serie A,2526,2026-02-09 17:30:00,Atalanta,Cremonese,2,1,3.12119,0.914806,3.12119,0.914806,14.642857142857142,13.19047619047619,3,0
ITA-Serie A,2526,2026-02-09 19:45:00,Roma,Cagliari,2,0,2.20426,0.613133,2.20426,0.613133,9.705882352941176,27.2,3,0
ITA-Serie A,2526,2026-02-13 19:45:00,Pisa,AC Milan,1,2,0.937275,2.15769,0.937275,1.39639,27.294117647058822,11.625,0,3
ITA-Serie A,2526,2026-02-14 14:00:00,Como,Fiorentina,1,2,0.902645,1.302,0.902645,0.540697,4.9393939393939394,29.0,0,3
ITA-Serie A,2526,2026-02-14 19:45:00,Inter,Juventus,3,2,2.4811,1.29499,2.4811,1.29499,8.148148148148149,23.181818181818183,3,0
ITA-Serie A,2526,2026-02-14 17:00:00,Lazio,Atalanta,0,2,1.54366,1.82116,1.54366,1.05986,16.761904761904763,14.35,0,3
ITA-Serie A,2526,2026-02-15 14:00:00,Cremonese,Genoa,0,0,1.34717,1.33514,1.34717,1.33514,18.88888888888889,6.277777777777778,1,1
ITA-Serie A,2526,2026-02-15 19:45:00,Napoli,Roma,2,2,0.5247,1.95442,0.5247,1.19312,12.823529411764707,14.0,1,1
ITA-Serie A,2526,2026-02-15 14:00:00,Parma Calcio 1913,Verona,2,1,2.16714,0.856137,2.16714,0.0948381,4.619047619047619,14.823529411764707,3,0
ITA-Serie A,2526,2026-02-15 17:00:00,Torino,Bologna,1,2,0.394436,1.71228,0.394436,1.71228,11.458333333333334,22.363636363636363,0,3
ITA-Serie A,2526,2026-02-15 11:30:00,Udinese,Sassuolo,1,2,0.491201,1.24711,0.491201,1.24711,8.344827586206897,11.25,0,3
ITA-Serie A,2526,2026-02-16 19:45:00,Cagliari,Lecce,0,2,1.46951,1.76359,1.46951,1.76359,8.11111111111111,8.566666666666666,0,3
ITA-Serie A,2526,2026-02-18 19:45:00,AC Milan,Como,1,1,1.17019,1.64526,1.17019,1.64526,11.6,18.05263157894737,1,1
ITA-Serie A,2526,2026-02-20 19:45:00,Sassuolo,Verona,3,0,1.58706,0.615652,0.680118,0.615652,18.3125,11.708333333333334,3,0
ITA-Serie A,2526,2026-02-21 19:45:00,Cagliari,Lazio,0,0,0.771111,0.520733,0.771111,0.520733,25.533333333333335,11.655172413793103,1,1
ITA-Serie A,2526,2026-02-21 14:00:00,Juventus,Como,0,2,1.01425,1.43181,1.01425,1.43181,18.733333333333334,14.761904761904763,0,3
ITA-Serie A,2526,2026-02-21 17:00:00,Lecce,Inter,0,2,0.127863,2.6436,0.127863,2.6436,15.521739130434783,8.210526315789474,0,3
ITA-Serie A,2526,2026-02-22 17:00:00,AC Milan,Parma Calcio 1913,0,1,1.63438,0.760094,1.63438,0.760094,6.714285714285714,15.642857142857142,0,3
ITA-Serie A,2526,2026-02-22 14:00:00,Atalanta,Napoli,2,1,0.962214,1.05903,0.962214,1.05903,9.56,9.076923076923077,3,0
ITA-Serie A,2526,2026-02-22 11:30:00,Genoa,Torino,3,0,2.06306,0.530703,2.06306,0.530703,8.541666666666666,18.956521739130434,3,0
ITA-Serie A,2526,2026-02-22 19:45:00,Roma,Cremonese,3,0,2.58194,0.280739,2.58194,0.280739,9.047619047619047,18.076923076923077,3,0
ITA-Serie A,2526,2026-02-23 19:45:00,Bologna,Udinese,1,0,1.44714,0.530625,0.685846,0.530625,7.147058823529412,6.884615384615385,3,0
ITA-Serie A,2526,2026-02-23 17:30:00,Fiorentina,Pisa,1,0,1.77825,0.43212,1.77825,0.43212,25.272727272727273,13.291666666666666,3,0
ITA-Serie A,2526,2026-02-27 19:45:00,Parma Calcio 1913,Cagliari,1,1,1.31257,0.615799,1.31257,0.615799,10.0,39.285714285714285,1,1
ITA-Serie A,2526,2026-02-28 14:00:00,Como,Lecce,3,1,2.98622,0.424994,2.98622,0.424994,6.523809523809524,22.263157894736842,3,0
ITA-Serie A,2526,2026-02-28 19:45:00,Inter,Genoa,2,0,2.19229,0.170827,1.43099,0.170827,9.482758620689655,10.24,3,0
ITA-Serie A,2526,2026-02-28 17:00:00,Verona,Napoli,1,2,0.277835,1.21355,0.277835,1.21355,17.2,11.058823529411764,0,3
ITA-Serie A,2526,2026-03-01 11:30:00,Cremonese,AC Milan,0,2,1.08387,3.87512,1.08387,3.87512,11.0,10.777777777777779,0,3
ITA-Serie A,2526,2026-03-01 19:45:00,Roma,Juventus,3,3,2.33059,1.8583,2.33059,1.8583,10.517241379310345,13.470588235294118,1,1
ITA-Serie A,2526,2026-03-01 14:00:00,Sassuolo,Atalanta,2,1,1.81132,3.74717,1.81132,3.74717,34.0,3.1724137931034484,3,0
ITA-Serie A,2526,2026-03-01 17:00:00,Torino,Lazio,2,0,1.06085,1.05867,1.06085,1.05867,15.695652173913043,16.1,3,0
ITA-Serie A,2526,2026-03-02 17:30:00,Pisa,Bologna,0,1,0.743118,0.871649,0.743118,0.871649,12.681818181818182,12.285714285714286,0,3
ITA-Serie A,2526,2026-03-02 19:45:00,Udinese,Fiorentina,3,0,2.0239,0.585387,1.26261,0.585387,12.379310344827585,7.8,3,0
ITA-Serie A,2526,2026-03-06 19:45:00,Napoli,Torino,2,1,2.32007,0.693368,2.32007,0.693368,12.166666666666666,31.384615384615383,3,0
ITA-Serie A,2526,2026-03-07 17:00:00,Atalanta,Udinese,2,2,1.99854,0.860054,1.99854,0.860054,6.571428571428571,23.8,1,1
ITA-Serie A,2526,2026-03-07 14:00:00,Cagliari,Como,1,2,0.518042,0.763847,0.518042,0.763847,12.72,7.1,0,3
ITA-Serie A,2526,2026-03-07 19:45:00,Juventus,Pisa,4,0,3.16811,0.319971,3.16811,0.319971,11.529411764705882,20.2,3,0
ITA-Serie A,2526,2026-03-08 19:45:00,AC Milan,Inter,1,0,0.852014,1.44398,0.852014,1.44398,15.722222222222221,9.846153846153847,3,0
ITA-Serie A,2526,2026-03-08 14:00:00,Bologna,Verona,1,2,0.903746,2.02855,0.903746,2.02855,5.0,6.846153846153846,0,3
ITA-Serie A,2526,2026-03-08 14:00:00,Fiorentina,Parma Calcio 1913,0,0,0.758473,0.253114,0.758473,0.253114,8.583333333333334,10.304347826086957,1,1
ITA-Serie A,2526,2026-03-08 17:00:00,Genoa,Roma,2,1,2.55911,0.282645,1.79782,0.282645,8.555555555555555,5.277777777777778,3,0
ITA-Serie A,2526,2026-03-08 11:30:00,Lecce,Cremonese,2,1,1.76705,0.791422,1.00575,0.791422,7.0,3.888888888888889,3,0
ITA-Serie A,2526,2026-03-09 19:45:00,Lazio,Sassuolo,2,1,2.4868,0.453204,2.4868,0.453204,41.75,22.571428571428573,3,0
ITA-Serie A,2526,2026-03-13 19:45:00,Torino,Parma Calcio 1913,4,1,2.44316,0.579861,2.44316,0.579861,7.866666666666666,14.466666666666667,3,0
ITA-Serie A,2526,2026-03-14 14:00:00,Inter,Atalanta,1,1,2.0286,0.867146,2.0286,0.867146,14.0,26.466666666666665,1,1
ITA-Serie A,2526,2026-03-14 17:00:00,Napoli,Lecce,2,1,1.13114,1.22692,1.13114,1.22692,5.894736842105263,21.88888888888889,3,0
ITA-Serie A,2526,2026-03-14 19:45:00,Udinese,Juventus,0,1,0.741965,3.18734,0.741965,3.18734,17.5,9.961538461538462,0,3
ITA-Serie A,2526,2026-03-15 17:00:00,Como,Roma,2,1,2.46908,0.899976,2.46908,0.138677,9.444444444444445,11.03225806451613,3,0
ITA-Serie A,2526,2026-03-15 19:45:00,Lazio,AC Milan,1,0,0.538397,1.16179,0.538397,1.16179,23.466666666666665,9.807692307692308,3,0
ITA-Serie A,2526,2026-03-15 14:00:00,Pisa,Cagliari,3,1,2.94287,1.52334,2.18157,1.52334,20.5,5.947368421052632,3,0
ITA-Serie A,2526,2026-03-15 14:00:00,Sassuolo,Bologna,0,1,0.427053,0.731025,0.427053,0.731025,9.11111111111111,14.058823529411764,0,3
ITA-Serie A,2526,2026-03-15 11:30:00,Verona,Genoa,0,2,0.370821,0.534091,0.370821,0.534091,10.44,12.142857142857142,0,3
ITA-Serie A,2526,2026-03-16 19:45:00,Cremonese,Fiorentina,1,4,1.47372,1.14462,1.47372,1.14462,10.608695652173912,16.0,0,3
ITA-Serie A,2526,2026-03-20 17:30:00,Cagliari,Napoli,0,1,0.241246,2.27393,0.241246,2.27393,20.238095238095237,8.227272727272727,0,3
ITA-Serie A,2526,2026-03-20 19:45:00,Genoa,Udinese,0,2,1.30328,0.86584,1.30328,0.86584,6.75,11.608695652173912,0,3
ITA-Serie A,2526,2026-03-21 17:00:00,AC Milan,Torino,3,2,1.44337,2.37211,1.44337,1.61081,15.181818181818182,21.8,3,0
ITA-Serie A,2526,2026-03-21 19:45:00,Juventus,Sassuolo,1,1,2.25457,0.845538,1.49327,0.845538,7.7368421052631575,19.857142857142858,1,1
ITA-Serie A,2526,2026-03-21 14:00:00,Parma Calcio 1913,Cremonese,0,2,0.287758,0.781807,0.287758,0.781807,10.16,16.066666666666666,0,3
ITA-Serie A,2526,2026-03-22 14:00:00,Atalanta,Verona,1,0,1.74248,0.765772,1.74248,0.765772,9.0,12.0,3,0
ITA-Serie A,2526,2026-03-22 14:00:00,Bologna,Lazio,0,2,1.32921,2.14396,0.56791,2.14396,12.0,22.88888888888889,0,3
ITA-Serie A,2526,2026-03-22 11:30:00,Como,Pisa,5,0,1.8215,0.309722,1.8215,0.309722,7.090909090909091,28.8,3,0
ITA-Serie A,2526,2026-03-22 19:45:00,Fiorentina,Inter,1,1,1.81429,1.40088,1.81429,1.40088,17.9,10.75,1,1
ITA-Serie A,2526,2026-03-22 17:00:00,Roma,Lecce,1,0,1.09359,0.807003,1.09359,0.807003,7.7368421052631575,10.580645161290322,3,0
ITA-Serie A,2526,2026-04-04 18:45:00,Lazio,Parma Calcio 1913,1,1,0.269086,0.360563,0.269086,0.360563,10.04,25.88888888888889,1,1
ITA-Serie A,2526,2026-04-04 13:00:00,Sassuolo,Cagliari,2,1,0.48336,1.90118,0.48336,1.13988,16.705882352941178,14.941176470588236,3,0
ITA-Serie A,2526,2026-04-04 16:00:00,Verona,Fiorentina,0,1,0.922577,0.308725,0.922577,0.308725,13.142857142857142,13.875,0,3
ITA-Serie A,2526,2026-04-05 13:00:00,Cremonese,Bologna,1,2,1.39638,1.58974,0.635086,1.58974,20.0,9.80952380952381,0,3
ITA-Serie A,2526,2026-04-05 18:45:00,Inter,Roma,5,2,2.25441,0.939981,2.25441,0.939981,11.4,14.090909090909092,3,0
ITA-Serie A,2526,2026-04-05 16:00:00,Pisa,Torino,0,1,0.309366,1.72611,0.309366,1.72611,7.857142857142857,11.263157894736842,0,3
ITA-Serie A,2526,2026-04-06 16:00:00,Juventus,Genoa,2,0,2.60276,1.48807,2.60276,0.726768,16.571428571428573,19.05263157894737,3,0
ITA-Serie A,2526,2026-04-06 13:00:00,Lecce,Atalanta,0,3,0.364274,2.81595,0.364274,2.81595,10.84,5.75,0,3
ITA-Serie A,2526,2026-04-06 18:45:00,Napoli,AC Milan,1,0,0.872402,0.810602,0.872402,0.810602,28.2,23.466666666666665,3,0
ITA-Serie A,2526,2026-04-06 10:30:00,Udinese,Como,0,0,1.06665,0.786392,1.06665,0.786392,12.736842105263158,7.583333333333333,1,1
ITA-Serie A,2526,2026-04-10 18:45:00,Roma,Pisa,3,0,1.45084,1.06318,1.45084,1.06318,7.774193548387097,18.894736842105264,3,0
ITA-Serie A,2526,2026-04-11 16:00:00,AC Milan,Udinese,0,3,1.62737,1.566,1.62737,1.566,6.391304347826087,11.448275862068966,0,3
ITA-Serie A,2526,2026-04-11 18:45:00,Atalanta,Juventus,0,1,1.8886,1.18681,1.8886,1.18681,12.285714285714286,24.083333333333332,0,3
ITA-Serie A,2526,2026-04-11 13:00:00,Cagliari,Cremonese,1,0,1.431,0.268819,1.431,0.268819,14.28,6.476190476190476,3,0
ITA-Serie A,2526,2026-04-11 13:00:00,Torino,Verona,2,1,1.1485,1.67554,1.1485,1.67554,12.176470588235293,9.045454545454545,3,0
ITA-Serie A,2526,2026-04-12 16:00:00,Bologna,Lecce,2,0,2.5824,0.53637,2.5824,0.53637,6.695652173913044,11.72,3,0
ITA-Serie A,2526,2026-04-12 18:45:00,Como,Inter,3,4,3.2878,0.507465,2.5265,0.507465,9.590909090909092,13.68421052631579,0,3
ITA-Serie A,2526,2026-04-12 10:30:00,Genoa,Sassuolo,2,1,1.39271,1.39642,1.39271,1.39642,11.954545454545455,27.9,3,0
ITA-Serie A,2526,2026-04-12 13:00:00,Parma Calcio 1913,Napoli,1,1,0.154689,1.31482,0.154689,1.31482,55.8,6.619047619047619,1,1
ITA-Serie A,2526,2026-04-13 18:45:00,Fiorentina,Lazio,1,0,0.421966,1.29355,0.421966,1.29355,31.076923076923077,11.842105263157896,3,0
ITA-Serie A,2526,2026-04-17 18:45:00,Inter,Cagliari,3,0,2.38524,0.482209,2.38524,0.482209,10.541666666666666,17.5,3,0
ITA-Serie A,2526,2026-04-17 16:30:00,Sassuolo,Como,2,1,1.3509,0.588985,1.3509,0.588985,15.944444444444445,5.16,3,0
ITA-Serie A,2526,2026-04-18 16:00:00,Napoli,Lazio,0,2,0.516972,3.16463,0.516972,2.27797,11.6875,31.923076923076923,0,3
ITA-Serie A,2526,2026-04-18 18:45:00,Roma,Atalanta,1,1,1.70941,0.660238,1.70941,0.660238,17.9375,16.0,1,1
ITA-Serie A,2526,2026-04-18 13:00:00,Udinese,Parma Calcio 1913,0,1,1.35108,1.39599,1.35108,1.39599,7.962962962962963,11.3125,0,3
ITA-Serie A,2526,2026-04-19 10:30:00,Cremonese,Torino,0,0,0.88749,0.159021,0.88749,0.159021,8.55,21.785714285714285,1,1
ITA-Serie A,2526,2026-04-19 18:45:00,Juventus,Bologna,2,0,1.57651,0.852415,1.57651,0.852415,10.75,18.214285714285715,3,0
ITA-Serie A,2526,2026-04-19 16:00:00,Pisa,Genoa,1,2,1.00691,2.18534,1.00691,1.42404,13.31578947368421,8.434782608695652,0,3
ITA-Serie A,2526,2026-04-19 13:00:00,Verona,AC Milan,0,1,0.709696,0.830747,0.709696,0.830747,14.894736842105264,27.125,0,3
ITA-Serie A,2526,2026-04-20 18:45:00,Lecce,Fiorentina,1,1,1.80861,1.26455,1.80861,1.26455,8.75,7.190476190476191,1,1
ITA-Serie A,2526,2026-04-24 18:45:00,Napoli,Cremonese,4,0,3.24062,0.473643,2.47932,0.473643,13.578947368421053,19.0,3,0
ITA-Serie A,2526,2026-04-25 16:00:00,Bologna,Roma,0,2,0.479083,1.65629,0.479083,1.65629,10.333333333333334,14.565217391304348,0,3
ITA-Serie A,2526,2026-04-25 13:00:00,Parma Calcio 1913,Pisa,1,0,1.31072,1.56392,1.31072,1.56392,12.047619047619047,8.5,3,0
ITA-Serie A,2526,2026-04-25 18:45:00,Verona,Lecce,0,0,0.249294,1.20604,0.249294,1.20604,9.35,6.0,1,1
ITA-Serie A,2526,2026-04-26 18:45:00,AC Milan,Juventus,0,0,0.616342,0.449727,0.616342,0.449727,19.923076923076923,15.31578947368421,1,1
ITA-Serie A,2526,2026-04-26 10:30:00,Fiorentina,Sassuolo,0,0,2.19011,0.597621,2.19011,0.597621,15.05,12.277777777777779,1,1
ITA-Serie A,2526,2026-04-26 13:00:00,Genoa,Como,0,2,0.667154,1.19004,0.667154,1.19004,8.78125,10.5,0,3
ITA-Serie A,2526,2026-04-26 16:00:00,Torino,Inter,2,2,2.42774,1.64792,1.66644,1.64792,24.2,14.153846153846153,1,1
ITA-Serie A,2526,2026-04-27 16:30:00,Cagliari,Atalanta,3,2,2.00771,1.7579,2.00771,1.7579,32.5,5.153846153846154,3,0
ITA-Serie A,2526,2026-04-27 18:45:00,Lazio,Udinese,3,3,1.77483,2.30714,1.77483,2.30714,14.916666666666666,14.85,1,1
ITA-Serie A,2526,2026-05-01 18:45:00,Pisa,Lecce,1,2,2.06716,1.35936,2.06716,1.35936,6.1,9.115384615384615,0,3
ITA-Serie A,2526,2026-05-02 18:45:00,Atalanta,Genoa,0,0,1.66082,0.438786,1.66082,0.438786,5.67741935483871,9.6,1,1
ITA-Serie A,2526,2026-05-02 16:00:00,Como,Napoli,0,0,1.79719,0.847288,1.79719,0.847288,11.08695652173913,29.333333333333332,1,1
ITA-Serie A,2526,2026-05-02 13:00:00,Udinese,Torino,2,0,2.16904,0.812913,2.16904,0.812913,7.0,8.323529411764707,3,0
ITA-Serie A,2526,2026-05-03 10:30:00,Bologna,Cagliari,0,0,0.684487,0.871884,0.684487,0.871884,6.318181818181818,15.823529411764707,1,1
ITA-Serie A,2526,2026-05-03 18:45:00,Inter,Parma Calcio 1913,2,0,2.01571,0.452228,2.01571,0.452228,14.65,24.9,3,0
ITA-Serie A,2526,2026-05-03 16:00:00,Juventus,Verona,1,1,2.68622,0.197193,2.68622,0.197193,7.733333333333333,16.0,1,1
ITA-Serie A,2526,2026-05-03 13:00:00,Sassuolo,AC Milan,2,0,2.23502,0.288558,2.23502,0.288558,12.176470588235293,15.652173913043478,3,0
ITA-Serie A,2526,2026-05-04 16:30:00,Cremonese,Lazio,1,2,0.55053,0.987521,0.55053,0.987521,18.045454545454547,19.866666666666667,0,3
ITA-Serie A,2526,2026-05-04 18:45:00,Roma,Fiorentina,4,0,2.84317,0.132194,2.84317,0.132194,8.518518518518519,18.45,3,0
ITA-Serie A,2526,2026-05-08 18:45:00,Torino,Sassuolo,2,1,3.06714,2.17042,3.06714,2.17042,17.166666666666668,14.421052631578947,3,0
ITA-Serie A,2526,2026-05-09 13:00:00,Cagliari,Udinese,0,2,1.56516,2.30592,1.56516,2.30592,9.0,20.352941176470587,0,3
ITA-Serie A,2526,2026-05-09 16:00:00,Lazio,Inter,0,3,0.502107,2.18245,0.502107,2.18245,29.294117647058822,12.0,0,3
ITA-Serie A,2526,2026-05-09 18:45:00,Lecce,Juventus,0,1,0.607959,1.95698,0.607959,1.95698,12.666666666666666,4.785714285714286,0,3
ITA-Serie A,2526,2026-05-10 18:45:00,AC Milan,Atalanta,2,3,2.28396,1.60752,1.52266,1.60752,15.3125,11.96551724137931,0,3
ITA-Serie A,2526,2026-05-10 13:00:00,Cremonese,Pisa,3,0,1.26744,0.0,1.26744,0.0,6.181818181818182,23.055555555555557,3,0
ITA-Serie A,2526,2026-05-10 13:00:00,Fiorentina,Genoa,0,0,0.675179,0.52874,0.675179,0.52874,7.142857142857143,8.107142857142858,1,1
ITA-Serie A,2526,2026-05-10 16:00:00,Parma Calcio 1913,Roma,2,3,0.636151,3.02085,0.636151,2.25955,13.38888888888889,7.095238095238095,0,3
ITA-Serie A,2526,2026-05-10 10:30:00,Verona,Como,0,1,1.29052,1.06072,1.29052,1.06072,10.5,5.214285714285714,0,3
ITA-Serie A,2526,2026-05-11 18:45:00,Napoli,Bologna,2,3,1.22739,1.12339,1.22739,0.36209,20.214285714285715,17.444444444444443,0,3
ITA-Serie A,2526,2026-05-17 16:00:00,Atalanta,Bologna,0,1,0.871381,1.06559,0.871381,1.06559,6.9743589743589745,12.45,0,3
ITA-Serie A,2526,2026-05-17 18:45:00,Cagliari,Torino,2,1,1.75883,1.33301,1.75883,1.33301,14.523809523809524,10.130434782608695,3,0
ITA-Serie A,2526,2026-05-17 10:30:00,Como,Parma Calcio 1913,1,0,2.72094,0.483046,2.72094,0.483046,5.444444444444445,8.8,3,0
ITA-Serie A,2526,2026-05-17 10:30:00,Genoa,AC Milan,1,2,1.66881,1.55422,1.66881,0.792916,9.3125,11.681818181818182,0,3
ITA-Serie A,2526,2026-05-17 13:00:00,Inter,Verona,1,1,2.84143,0.911763,2.84143,0.911763,6.352941176470588,19.352941176470587,1,1
ITA-Serie A,2526,2026-05-17 10:30:00,Juventus,Fiorentina,0,2,1.96289,0.513716,1.96289,0.513716,9.3,11.75,0,3
ITA-Serie A,2526,2026-05-17 10:30:00,Pisa,Napoli,0,3,0.721322,1.42016,0.721322,1.42016,27.58823529411765,10.583333333333334,0,3
ITA-Serie A,2526,2026-05-17 10:30:00,Roma,Lazio,2,0,1.31805,0.766648,1.31805,0.766648,10.458333333333334,12.5,3,0
ITA-Serie A,2526,2026-05-17 18:45:00,Sassuolo,Lecce,2,3,3.04719,1.29547,3.04719,1.29547,4.473684210526316,16.95,0,3
ITA-Serie A,2526,2026-05-17 18:45:00,Udinese,Cremonese,0,1,0.270585,0.671214,0.270585,0.671214,9.882352941176471,20.11764705882353,0,3
ITA-Serie A,2526,2026-05-22 18:45:00,Fiorentina,Atalanta,1,1,1.14732,1.58663,1.14732,1.58663,20.5,10.12,1,1
ITA-Serie A,2526,2026-05-23 16:00:00,Bologna,Inter,3,3,1.59682,1.18652,1.59682,1.18652,16.523809523809526,19.142857142857142,1,1
ITA-Serie A,2526,2026-05-23 18:45:00,Lazio,Pisa,2,1,1.02094,1.16758,1.02094,1.16758,26.25,15.454545454545455,3,0
ITA-Serie A,2526,2026-05-24 18:45:00,AC Milan,Cagliari,1,2,1.75953,3.43624,1.75953,3.43624,22.066666666666666,22.166666666666668,0,3
ITA-Serie A,2526,2026-05-24 18:45:00,Cremonese,Como,1,4,0.977192,2.6911,0.215893,1.9298,22.5,7.0588235294117645,0,3
ITA-Serie A,2526,2026-05-24 18:45:00,Lecce,Genoa,1,0,2.21387,0.782331,2.21387,0.782331,24.357142857142858,8.2,3,0
ITA-Serie A,2526,2026-05-24 16:00:00,Napoli,Udinese,1,0,1.55853,0.517372,1.55853,0.517372,34.0,25.166666666666668,3,0
ITA-Serie A,2526,2026-05-24 13:00:00,Parma Calcio 1913,Sassuolo,1,0,1.51292,1.06783,1.51292,1.06783,11.052631578947368,10.173913043478262,3,0
ITA-Serie A,2526,2026-05-24 18:45:00,Torino,Juventus,2,2,0.950066,2.53427,0.950066,2.53427,18.692307692307693,7.9523809523809526,1,1
ITA-Serie A,2526,2026-05-24 18:45:00,Verona,Roma,0,2,0.597669,3.55506,0.597669,2.79377,17.842105263157894,8.375,0,3
